battery_id,day,voltage,temperature,cycle_count,depth_of_discharge,fast_charge_freq,capacity_pct,internal_resistance_mohm,ambient_temperature
BATT-001,1,349.66,42.64,2,77.12,0.871,99.91,37.83,38.29
BATT-001,2,348.46,46.06,5,67.4,0.972,99.83,39.2,41.11
BATT-001,3,349.37,42.68,8,71.4,0.925,99.74,37.16,37.21
BATT-001,4,349.87,45.93,10,62.51,0.916,99.66,38.26,39.3
BATT-001,5,350.59,47.66,13,77.61,1.0,99.57,39.18,40.11
BATT-001,6,349.2,45.26,15,77.88,0.72,99.49,36.27,40.82
BATT-001,7,351.11,47.3,18,76.46,0.802,99.4,39.85,41.07
BATT-001,8,349.21,46.05,20,85.48,0.821,99.3,37.8,41.26
BATT-001,9,349.18,45.92,23,86.2,0.887,99.22,39.47,39.62
BATT-001,10,350.93,45.22,26,77.99,0.895,99.13,39.54,39.52
BATT-001,11,349.84,45.56,29,66.2,0.795,99.05,40.52,41.57
BATT-001,12,349.2,46.82,32,82.71,0.837,98.96,40.15,40.06
BATT-001,13,349.48,43.73,34,82.34,0.847,98.87,37.38,38.5
BATT-001,14,350.66,44.08,37,80.87,1.0,98.79,39.12,38.78
BATT-001,15,350.72,43.93,39,84.9,1.0,98.7,40.21,39.17
BATT-001,16,348.86,46.54,42,72.02,0.883,98.61,40.03,41.36
BATT-001,17,349.45,47.15,45,91.06,0.887,98.53,40.86,40.89
BATT-001,18,349.53,47.42,48,73.25,0.824,98.44,41.33,41.78
BATT-001,19,348.63,46.33,50,83.51,0.763,98.35,41.31,40.17
BATT-001,20,349.35,47.31,53,68.89,0.906,98.26,40.65,41.12
BATT-001,21,349.36,49.03,55,73.43,0.836,98.17,39.17,41.88
BATT-001,22,350.24,46.03,58,88.11,0.909,98.08,40.73,40.54
BATT-001,23,350.26,46.11,61,77.44,0.788,97.99,41.76,41.76
BATT-001,24,349.0,47.04,63,84.05,0.855,97.9,40.41,40.14
BATT-001,25,349.06,46.15,66,80.43,0.928,97.82,42.29,40.65
BATT-001,26,349.74,47.63,69,78.38,0.945,97.73,42.73,40.69
BATT-001,27,348.7,45.74,71,87.19,0.949,97.64,42.11,39.53
BATT-001,28,349.61,47.82,74,77.59,0.81,97.55,39.07,42.12
BATT-001,29,349.04,46.92,76,68.33,0.984,97.46,41.02,40.74
BATT-001,30,348.3,49.31,79,74.19,0.852,97.37,44.34,41.53
BATT-001,31,348.29,50.2,82,82.32,0.966,97.29,42.06,42.29
BATT-001,32,350.18,48.2,84,81.38,0.915,97.2,40.79,42.3
BATT-001,33,348.87,48.68,87,69.61,0.806,97.12,44.15,42.68
BATT-001,34,350.27,48.5,90,74.66,0.891,97.04,43.08,41.6
BATT-001,35,348.52,46.15,92,75.52,0.945,96.94,44.33,41.17
BATT-001,36,349.13,47.9,94,76.82,0.965,96.86,43.66,41.74
BATT-001,37,350.78,45.19,97,70.75,0.905,96.77,43.99,39.39
BATT-001,38,348.0,45.95,99,75.24,1.0,96.69,44.05,39.8
BATT-001,39,347.29,45.04,102,74.64,0.996,96.6,44.55,40.04
BATT-001,40,349.81,44.83,105,83.64,0.895,96.51,46.28,40.59
BATT-001,41,348.09,46.49,108,83.86,0.976,96.42,45.14,42.73
BATT-001,42,348.7,45.54,110,78.14,1.0,96.33,42.75,40.83
BATT-001,43,348.22,47.04,112,76.66,1.0,96.25,44.93,41.67
BATT-001,44,348.87,49.78,115,79.85,0.818,96.16,45.78,44.24
BATT-001,45,347.87,49.57,118,74.11,0.842,96.08,45.99,41.81
BATT-001,46,348.45,50.43,120,72.13,1.0,95.99,44.53,43.5
BATT-001,47,348.92,45.91,123,73.37,0.831,95.9,46.28,41.04
BATT-001,48,347.73,48.36,125,75.2,0.81,95.81,46.19,42.18
BATT-001,49,347.94,46.53,128,72.03,0.877,95.73,47.99,41.11
BATT-001,50,348.2,47.62,131,79.98,0.949,95.64,44.83,42.07
BATT-001,51,347.3,49.9,134,83.39,0.908,95.55,45.24,43.89
BATT-001,52,348.07,46.53,137,69.49,0.864,95.46,45.59,40.08
BATT-001,53,348.47,48.86,140,79.16,0.862,95.37,45.57,43.37
BATT-001,54,348.03,50.01,142,77.69,0.859,95.28,45.33,43.11
BATT-001,55,348.1,46.6,145,81.06,0.845,95.2,43.61,41.91
BATT-001,56,348.27,46.51,148,78.93,1.0,95.11,46.1,40.67
BATT-001,57,347.73,51.42,151,70.29,0.94,95.02,47.05,42.99
BATT-001,58,348.78,48.18,153,71.44,0.987,94.94,46.34,42.12
BATT-001,59,349.35,50.57,157,79.19,0.877,94.85,48.93,43.3
BATT-001,60,347.8,48.95,159,85.18,0.901,94.77,47.16,43.03
BATT-001,61,348.53,51.84,162,65.73,0.859,94.69,48.58,45.43
BATT-001,62,347.92,48.48,165,81.08,0.704,94.6,47.71,42.7
BATT-001,63,348.37,47.22,167,86.15,0.806,94.51,48.43,41.56
BATT-001,64,349.3,48.45,170,78.09,0.771,94.43,48.04,43.4
BATT-001,65,348.43,49.75,173,82.31,0.736,94.34,49.28,43.49
BATT-001,66,346.57,50.21,175,74.79,0.82,94.26,48.12,45.23
BATT-001,67,348.32,50.97,178,78.29,1.0,94.16,48.73,44.47
BATT-001,68,348.91,50.7,181,69.28,0.912,94.07,48.76,43.78
BATT-001,69,347.72,51.67,184,64.94,1.0,93.99,48.26,45.47
BATT-001,70,348.66,47.06,186,84.67,0.949,93.9,49.11,41.52
BATT-001,71,347.28,48.65,189,73.1,0.978,93.82,51.09,42.37
BATT-001,72,346.62,47.48,191,76.28,0.844,93.73,48.75,41.96
BATT-001,73,347.89,49.56,194,70.69,0.958,93.64,49.59,42.79
BATT-001,74,346.34,45.33,196,70.55,0.974,93.55,50.59,41.33
BATT-001,75,347.52,49.87,199,77.97,0.87,93.47,50.63,44.37
BATT-001,76,348.71,46.94,202,74.63,0.961,93.38,49.65,43.1
BATT-001,77,346.13,45.59,204,81.28,0.961,93.29,47.42,41.25
BATT-001,78,346.6,49.14,207,81.73,0.872,93.2,50.48,41.95
BATT-001,79,346.77,50.69,209,80.94,0.826,93.12,47.9,43.96
BATT-001,80,347.51,49.87,212,80.44,0.821,93.03,51.75,44.76
BATT-001,81,347.24,50.84,214,88.48,0.923,92.94,50.61,46.51
BATT-001,82,348.62,50.77,217,72.6,0.942,92.85,51.59,47.9
BATT-001,83,348.23,49.45,220,78.68,0.852,92.76,49.85,44.16
BATT-001,84,347.83,50.32,222,85.81,0.918,92.67,49.36,42.07
BATT-001,85,347.52,46.63,225,86.6,0.961,92.58,51.34,40.36
BATT-001,86,347.69,49.24,228,70.48,0.965,92.5,51.2,43.97
BATT-001,87,346.65,48.65,230,77.14,1.0,92.41,50.9,42.36
BATT-001,88,348.0,47.23,232,87.16,1.0,92.32,51.64,42.96
BATT-001,89,346.39,48.2,235,82.06,0.836,92.23,54.48,42.67
BATT-001,90,347.92,49.31,237,80.18,1.0,92.14,52.71,43.38
BATT-001,91,348.17,50.94,240,77.7,0.873,92.05,53.09,45.19
BATT-001,92,347.36,50.45,243,76.71,0.999,91.96,53.04,43.83
BATT-001,93,347.01,49.53,245,80.74,0.921,91.87,53.84,43.35
BATT-001,94,347.45,48.54,248,77.5,0.883,91.79,52.32,42.04
BATT-001,95,344.81,46.22,251,78.75,0.771,91.7,50.62,41.08
BATT-001,96,347.3,49.58,253,79.48,0.902,91.61,52.65,42.86
BATT-001,97,346.94,50.96,256,74.94,0.791,91.52,53.81,43.5
BATT-001,98,346.96,51.09,258,82.2,0.993,91.43,52.19,46.23
BATT-001,99,347.53,48.7,261,96.5,1.0,91.34,53.15,43.76
BATT-001,100,346.88,52.2,264,68.35,0.852,91.25,52.79,45.03
BATT-001,101,345.99,48.44,266,80.95,0.94,91.16,55.14,42.8
BATT-001,102,346.76,48.99,268,74.45,0.858,91.08,54.54,41.76
BATT-001,103,346.9,47.46,271,82.47,0.866,90.99,54.6,42.08
BATT-001,104,346.91,49.71,273,79.29,0.978,90.9,54.73,42.42
BATT-001,105,346.91,52.65,276,83.58,0.913,90.81,54.23,46.69
BATT-001,106,347.58,48.34,279,86.06,1.0,90.72,54.62,42.25
BATT-001,107,345.85,52.12,281,80.16,0.877,90.64,53.39,44.72
BATT-001,108,346.83,47.56,284,85.8,0.996,90.55,52.56,42.09
BATT-001,109,347.69,49.71,287,64.94,0.924,90.46,55.05,44.83
BATT-001,110,345.24,49.37,289,88.55,0.979,90.37,55.39,43.99
BATT-001,111,346.74,49.43,292,81.26,0.88,90.28,56.44,43.15
BATT-001,112,346.1,47.57,294,85.48,0.912,90.19,56.96,43.3
BATT-001,113,346.24,48.83,297,71.69,0.907,90.1,57.12,42.36
BATT-001,114,345.78,49.28,300,74.03,0.849,90.01,54.71,43.99
BATT-001,115,346.34,49.59,302,79.89,0.969,89.92,55.52,42.61
BATT-001,116,347.91,44.86,305,78.91,0.968,89.83,56.51,41.43
BATT-001,117,345.4,46.36,308,80.71,0.963,89.74,58.73,41.32
BATT-001,118,345.44,47.61,311,85.52,1.0,89.65,57.84,43.47
BATT-001,119,345.31,50.55,313,68.42,1.0,89.56,57.63,45.55
BATT-001,120,347.7,49.46,316,84.85,0.886,89.47,56.29,43.39
BATT-001,121,345.91,48.59,318,79.06,0.946,89.38,55.95,42.94
BATT-001,122,346.23,49.09,321,77.79,0.866,89.3,57.78,43.51
BATT-001,123,345.9,50.68,323,70.18,0.918,89.21,56.05,45.0
BATT-001,124,345.44,49.37,326,82.03,0.868,89.12,57.07,43.34
BATT-001,125,345.98,47.18,329,64.53,1.0,89.04,57.35,42.36
BATT-001,126,348.1,51.13,331,82.9,0.945,88.94,59.22,44.6
BATT-001,127,347.21,50.03,334,70.06,0.898,88.86,57.43,43.54
BATT-001,128,345.39,51.38,337,79.33,1.0,88.77,55.5,45.16
BATT-001,129,346.55,49.48,340,78.3,0.742,88.68,58.62,43.09
BATT-001,130,345.34,47.07,343,86.03,0.755,88.58,57.58,40.94
BATT-001,131,344.55,48.55,346,77.94,0.979,88.5,58.48,40.68
BATT-001,132,346.76,50.91,348,74.85,0.921,88.4,58.52,45.17
BATT-001,133,346.84,50.76,351,75.97,0.936,88.31,58.49,45.23
BATT-001,134,346.72,47.41,353,86.65,0.81,88.23,59.71,42.33
BATT-001,135,345.47,46.78,356,82.23,0.914,88.14,57.55,41.98
BATT-001,136,345.68,49.29,358,76.7,1.0,88.05,58.73,44.7
BATT-001,137,346.39,45.74,361,77.59,0.982,87.96,60.09,40.8
BATT-001,138,346.07,46.83,364,69.61,0.929,87.87,58.95,41.07
BATT-001,139,345.41,49.5,367,81.34,0.881,87.78,58.11,43.33
BATT-001,140,344.4,47.61,369,68.45,0.884,87.7,60.54,41.72
BATT-001,141,345.75,47.32,372,83.52,0.745,87.61,61.16,42.26
BATT-001,142,346.5,48.7,375,79.78,0.936,87.52,60.14,41.97
BATT-001,143,344.64,49.24,377,93.33,0.983,87.44,58.38,42.67
BATT-001,144,346.08,49.89,380,72.41,0.79,87.35,61.21,44.22
BATT-001,145,345.81,47.37,383,78.39,0.863,87.27,58.99,42.19
BATT-001,146,346.11,49.34,386,89.8,0.823,87.17,61.12,42.97
BATT-001,147,346.18,44.89,389,86.16,0.839,87.09,60.09,38.87
BATT-001,148,344.89,46.2,391,74.83,0.92,86.99,59.98,41.82
BATT-001,149,344.12,46.33,394,80.35,0.749,86.91,60.85,40.57
BATT-001,150,344.96,46.04,397,79.02,0.965,86.82,61.28,39.95
BATT-001,151,346.07,45.33,399,80.7,0.976,86.73,60.97,40.4
BATT-001,152,344.89,47.18,402,74.82,0.896,86.64,62.37,41.16
BATT-001,153,344.74,47.35,405,78.47,0.717,86.55,61.49,42.97
BATT-001,154,343.81,46.72,408,69.42,0.836,86.46,63.07,39.55
BATT-001,155,346.63,48.6,411,79.82,1.0,86.37,62.54,41.52
BATT-001,156,345.86,46.27,413,81.71,0.694,86.29,61.72,40.69
BATT-001,157,345.78,47.06,416,77.65,0.888,86.2,61.71,40.86
BATT-001,158,345.91,46.22,419,69.32,0.821,86.11,61.09,42.8
BATT-001,159,345.57,46.71,421,84.94,0.98,86.01,63.19,42.04
BATT-001,160,344.88,48.71,424,81.2,0.862,85.92,62.72,43.17
BATT-001,161,344.91,45.63,426,74.65,0.948,85.83,60.85,40.87
BATT-001,162,344.67,46.54,428,77.33,0.961,85.75,62.84,40.0
BATT-001,163,347.09,48.47,430,70.01,1.0,85.67,62.63,40.64
BATT-001,164,345.4,45.93,433,72.86,0.9,85.58,65.27,41.27
BATT-001,165,344.55,46.1,436,75.78,0.946,85.49,62.15,41.11
BATT-001,166,345.26,45.22,438,86.38,0.797,85.4,62.57,39.15
BATT-001,167,344.05,48.29,441,75.17,1.0,85.31,65.28,40.85
BATT-001,168,346.03,45.6,444,82.85,0.855,85.22,65.69,40.99
BATT-001,169,344.27,50.44,446,75.78,0.871,85.14,63.74,44.36
BATT-001,170,345.17,50.98,450,80.5,0.914,85.04,64.02,43.33
BATT-001,171,345.58,43.35,452,78.16,0.791,84.95,65.44,39.17
BATT-001,172,345.01,44.5,455,84.25,0.934,84.86,62.66,39.95
BATT-001,173,344.74,43.52,458,75.8,0.993,84.77,63.29,38.12
BATT-001,174,344.65,44.67,461,69.58,0.939,84.68,65.02,39.36
BATT-001,175,344.56,47.29,463,70.72,0.789,84.6,67.0,40.65
BATT-001,176,344.12,47.99,466,75.82,0.906,84.51,65.17,41.92
BATT-001,177,344.19,43.0,468,71.52,0.975,84.43,65.86,38.95
BATT-001,178,345.7,45.34,471,81.47,0.766,84.34,67.05,38.99
BATT-001,179,344.4,41.93,473,76.22,0.83,84.25,68.19,36.68
BATT-001,180,343.83,46.69,476,93.26,0.986,84.16,65.67,39.59
BATT-001,181,344.01,43.37,479,68.58,0.937,84.07,66.39,38.17
BATT-001,182,345.27,44.1,481,80.23,0.949,83.98,68.39,38.9
BATT-001,183,344.9,44.68,484,72.24,1.0,83.89,65.2,38.31
BATT-001,184,344.78,46.01,487,76.05,0.953,83.8,67.91,39.42
BATT-001,185,344.09,43.13,489,79.86,0.968,83.71,66.03,36.85
BATT-001,186,344.73,41.37,492,65.06,1.0,83.63,67.3,37.22
BATT-001,187,343.72,48.91,495,80.43,0.899,83.54,67.12,42.55
BATT-001,188,344.0,42.15,497,90.43,0.852,83.45,66.56,37.35
BATT-001,189,344.95,43.64,500,76.29,0.95,83.36,66.69,37.57
BATT-001,190,344.85,46.31,502,80.57,0.951,83.28,68.1,41.9
BATT-001,191,343.33,49.71,505,85.16,0.874,83.19,68.98,43.44
BATT-001,192,343.4,42.28,508,78.03,0.833,83.1,68.01,37.25
BATT-001,193,344.14,42.94,510,75.52,1.0,83.02,68.36,38.39
BATT-001,194,345.41,45.93,513,65.36,0.942,82.93,69.02,39.39
BATT-001,195,342.46,47.47,515,82.86,0.857,82.84,67.64,41.4
BATT-001,196,344.19,42.48,518,78.33,0.989,82.76,69.5,37.26
BATT-001,197,342.84,45.59,521,72.93,0.907,82.68,69.73,38.3
BATT-001,198,343.4,45.16,524,79.77,0.896,82.59,71.68,39.77
BATT-001,199,343.58,45.05,526,75.51,0.961,82.5,68.86,39.19
BATT-001,200,343.51,44.01,529,75.84,0.812,82.41,68.93,37.91
BATT-001,201,343.39,43.42,531,82.65,0.944,82.32,70.32,38.21
BATT-001,202,343.79,42.58,534,70.98,1.0,82.23,70.53,36.28
BATT-001,203,343.32,43.22,537,85.29,0.953,82.14,69.34,37.92
BATT-001,204,342.55,43.23,540,70.62,0.886,82.05,69.63,37.81
BATT-001,205,344.31,45.69,543,75.03,0.875,81.97,70.73,38.49
BATT-001,206,344.26,42.04,546,90.55,0.883,81.88,69.52,37.25
BATT-001,207,344.3,42.14,548,85.77,0.896,81.79,70.1,38.73
BATT-001,208,342.36,46.92,551,79.6,0.886,81.7,70.76,39.47
BATT-001,209,343.8,46.51,554,73.37,0.989,81.61,71.83,38.13
BATT-001,210,344.07,43.78,557,75.83,0.777,81.52,70.39,38.36
BATT-001,211,342.67,41.74,559,79.45,0.985,81.43,69.32,37.85
BATT-001,212,343.48,43.23,562,79.24,0.885,81.34,69.4,37.71
BATT-001,213,343.34,42.11,565,78.46,0.946,81.25,70.22,36.57
BATT-001,214,344.88,43.7,567,78.83,0.826,81.16,70.33,38.06
BATT-001,215,344.91,42.1,570,77.72,1.0,81.07,71.65,37.38
BATT-001,216,342.01,47.02,573,70.36,1.0,80.99,70.76,40.61
BATT-001,217,345.31,46.13,575,75.91,0.993,80.9,71.41,39.77
BATT-001,218,342.55,42.27,578,84.5,0.795,80.81,71.51,37.93
BATT-001,219,344.04,42.68,581,70.8,0.982,80.72,71.99,36.15
BATT-001,220,344.0,43.46,583,77.87,0.948,80.64,73.91,35.57
BATT-001,221,342.39,44.98,586,74.09,0.787,80.55,73.41,38.97
BATT-001,222,343.56,43.02,589,79.68,0.914,80.46,72.92,37.53
BATT-001,223,343.04,43.49,591,76.68,0.945,80.37,72.6,37.8
BATT-001,224,343.54,40.85,594,87.87,0.96,80.28,72.8,34.41
BATT-001,225,343.25,42.46,597,82.05,0.93,80.19,73.71,38.36
BATT-001,226,343.99,43.6,599,71.14,0.939,80.11,74.12,37.6
BATT-001,227,343.07,40.64,602,83.04,1.0,80.02,72.79,35.2
BATT-001,228,342.84,43.79,604,74.36,1.0,79.93,73.9,36.11
BATT-001,229,343.82,42.82,607,75.55,0.686,79.84,71.99,37.17
BATT-001,230,343.38,44.3,609,80.89,0.89,79.75,74.4,36.8
BATT-001,231,343.47,40.96,612,76.06,0.903,79.66,75.11,36.24
BATT-001,232,342.32,42.89,615,84.37,0.776,79.57,74.23,36.47
BATT-001,233,341.98,42.35,617,74.36,0.923,79.48,76.48,36.2
BATT-001,234,342.33,41.73,620,75.3,1.0,79.39,73.94,36.77
BATT-001,235,342.26,44.71,623,75.07,0.829,79.3,75.2,38.7
BATT-001,236,343.35,39.64,626,75.62,0.943,79.21,75.11,32.6
BATT-001,237,343.47,41.56,628,85.61,0.843,79.12,75.21,36.05
BATT-001,238,342.54,40.77,630,82.78,0.862,79.03,75.36,36.63
BATT-001,239,343.77,42.58,633,89.27,1.0,78.94,75.74,36.77
BATT-001,240,343.69,40.66,635,92.62,0.872,78.85,76.64,35.73
BATT-001,241,342.76,39.1,638,72.83,0.953,78.76,77.33,33.61
BATT-001,242,341.88,42.45,641,79.43,0.766,78.67,76.11,36.7
BATT-001,243,343.77,42.89,644,71.95,1.0,78.59,77.09,38.77
BATT-001,244,342.42,38.05,646,74.34,0.964,78.49,75.74,33.84
BATT-001,245,342.54,43.71,649,75.23,0.901,78.41,77.36,37.4
BATT-001,246,342.14,40.89,652,72.67,0.962,78.32,76.0,35.58
BATT-001,247,341.67,39.21,654,72.7,0.803,78.23,78.01,35.95
BATT-001,248,341.17,41.05,657,78.14,1.0,78.14,79.29,34.43
BATT-001,249,342.82,41.58,660,71.71,0.89,78.04,77.13,35.48
BATT-001,250,341.66,43.02,662,84.06,0.9,77.95,75.22,37.9
BATT-001,251,344.7,41.31,665,73.5,0.876,77.87,77.02,36.8
BATT-001,252,341.35,45.16,668,95.87,0.869,77.78,78.96,38.49
BATT-001,253,341.19,43.82,670,76.3,0.971,77.69,78.44,37.64
BATT-001,254,342.57,44.72,673,79.44,0.936,77.6,78.3,36.5
BATT-001,255,343.35,44.69,676,71.24,0.968,77.51,79.22,38.44
BATT-001,256,342.15,42.68,679,89.25,0.915,77.42,78.86,36.46
BATT-001,257,342.52,42.68,681,85.73,0.957,77.32,79.76,37.02
BATT-001,258,340.56,41.96,684,80.79,0.882,77.24,79.62,35.31
BATT-001,259,341.46,42.29,686,70.93,1.0,77.15,80.38,35.84
BATT-001,260,341.11,41.76,689,80.27,0.79,77.05,79.39,34.68
BATT-001,261,340.42,42.5,692,72.28,1.0,76.96,80.1,37.19
BATT-001,262,342.0,39.32,694,87.78,1.0,76.88,79.05,33.92
BATT-001,263,340.08,42.2,697,83.87,0.848,76.79,78.91,36.85
BATT-001,264,340.79,42.0,699,79.58,1.0,76.7,81.37,35.38
BATT-001,265,341.38,44.73,702,64.39,0.995,76.61,80.04,37.41
BATT-001,266,341.12,42.14,705,73.11,0.994,76.53,80.79,36.76
BATT-001,267,342.07,43.77,707,83.14,0.918,76.44,80.27,38.36
BATT-001,268,341.97,42.86,710,86.29,0.898,76.35,79.72,36.72
BATT-001,269,342.4,38.84,713,85.67,0.899,76.26,80.48,33.25
BATT-001,270,342.26,42.29,716,69.46,0.947,76.17,82.06,35.51
BATT-001,271,342.54,37.42,719,80.82,1.0,76.08,81.33,33.84
BATT-001,272,341.6,39.82,721,85.1,0.93,75.99,79.23,34.82
BATT-001,273,341.81,42.91,724,69.06,0.843,75.91,80.88,37.86
BATT-001,274,341.94,40.06,727,78.96,0.982,75.82,83.04,36.55
BATT-001,275,341.62,39.41,729,80.65,0.99,75.73,81.2,34.54
BATT-001,276,341.16,38.99,732,77.21,0.968,75.64,79.78,34.07
BATT-001,277,341.18,41.27,735,67.9,0.975,75.55,83.62,35.65
BATT-001,278,340.76,40.72,737,77.06,0.894,75.47,82.57,33.77
BATT-001,279,341.72,40.18,740,77.05,0.842,75.38,81.97,34.6
BATT-001,280,341.28,40.88,743,78.12,0.846,75.29,81.84,36.08
BATT-001,281,340.79,43.12,746,75.63,0.785,75.2,83.45,37.35
BATT-001,282,340.76,43.42,748,76.35,0.935,75.11,81.99,36.54
BATT-001,283,340.29,37.05,751,78.77,0.909,75.02,83.85,32.2
BATT-001,284,342.0,41.02,753,81.66,0.881,74.92,83.42,36.1
BATT-001,285,341.26,42.15,756,77.18,0.679,74.84,83.27,35.76
BATT-001,286,340.47,41.9,758,76.55,0.816,74.75,83.32,36.29
BATT-001,287,341.78,44.58,761,79.56,1.0,74.66,83.16,38.11
BATT-001,288,340.65,38.42,763,67.48,0.863,74.58,84.53,32.6
BATT-001,289,339.95,41.36,766,81.87,0.945,74.49,82.78,34.83
BATT-001,290,341.86,41.41,770,79.01,0.805,74.41,82.18,36.62
BATT-001,291,340.58,39.19,772,79.25,1.0,74.32,84.57,33.38
BATT-001,292,340.65,43.6,775,84.77,0.904,74.23,84.75,37.98
BATT-001,293,340.98,40.96,778,67.29,0.939,74.14,84.75,36.34
BATT-001,294,341.83,41.35,780,67.17,1.0,74.05,84.84,37.08
BATT-001,295,340.9,41.49,783,80.65,1.0,73.96,84.27,34.98
BATT-001,296,339.9,42.56,786,78.97,0.891,73.87,85.54,37.08
BATT-001,297,341.26,42.29,789,80.03,0.868,73.79,84.87,37.49
BATT-001,298,340.4,41.99,791,76.24,0.89,73.69,84.6,36.26
BATT-001,299,342.27,43.25,793,83.0,0.957,73.6,84.94,36.29
BATT-001,300,340.73,39.92,796,84.61,0.907,73.52,87.42,36.37
BATT-001,301,338.91,39.03,799,81.91,0.884,73.43,83.82,34.7
BATT-001,302,340.96,40.71,801,77.45,1.0,73.35,86.2,35.8
BATT-001,303,342.2,43.12,804,66.36,0.907,73.26,84.18,35.83
BATT-001,304,341.87,42.78,806,83.63,1.0,73.17,85.91,36.66
BATT-001,305,342.04,44.22,809,86.34,0.923,73.08,85.75,37.62
BATT-001,306,339.73,39.26,812,82.88,1.0,72.99,84.27,34.57
BATT-001,307,341.24,40.72,814,73.73,0.944,72.9,86.9,36.01
BATT-001,308,339.9,44.73,817,83.05,0.993,72.81,86.3,38.45
BATT-001,309,340.63,41.04,820,84.17,0.858,72.72,84.73,35.15
BATT-001,310,339.4,41.45,823,88.36,0.848,72.63,87.83,35.07
BATT-001,311,339.88,42.29,826,73.75,0.953,72.55,88.58,36.65
BATT-001,312,339.82,43.76,829,77.65,0.995,72.46,88.8,37.65
BATT-001,313,341.05,42.43,832,83.49,0.919,72.37,87.82,36.45
BATT-001,314,340.94,45.07,834,79.35,0.813,72.28,87.66,38.47
BATT-001,315,340.49,44.44,837,72.31,0.807,72.2,89.1,37.8
BATT-001,316,339.16,42.03,840,81.5,0.802,72.11,89.62,37.82
BATT-001,317,339.96,41.02,842,82.48,0.774,72.02,89.22,37.44
BATT-001,318,339.58,46.97,845,79.54,0.925,71.93,87.31,40.14
BATT-001,319,340.84,43.41,848,80.33,1.0,71.85,88.61,36.39
BATT-001,320,341.06,38.55,850,77.46,0.915,71.76,89.01,33.74
BATT-001,321,340.93,43.17,853,87.88,0.735,71.66,86.92,39.2
BATT-001,322,339.45,42.09,856,73.61,0.901,71.57,89.37,36.16
BATT-001,323,337.83,43.82,859,75.49,0.903,71.49,91.33,37.06
BATT-001,324,338.58,46.54,861,79.08,1.0,71.4,89.85,38.91
BATT-001,325,341.1,40.94,864,84.28,0.799,71.31,90.85,34.6
BATT-001,326,339.61,40.63,866,70.03,0.885,71.22,89.72,35.17
BATT-001,327,339.3,39.64,869,71.15,1.0,71.13,89.62,34.7
BATT-001,328,341.18,41.81,872,66.78,0.952,71.04,90.23,35.97
BATT-001,329,340.85,43.4,875,79.21,0.961,70.95,89.2,37.87
BATT-001,330,339.82,42.87,877,72.3,0.925,70.86,89.22,38.06
BATT-001,331,339.53,45.62,880,76.7,0.942,70.77,91.61,37.74
BATT-001,332,339.63,42.88,882,82.98,0.978,70.68,91.88,35.26
BATT-001,333,339.89,40.94,885,75.16,0.851,70.59,89.67,33.98
BATT-001,334,340.96,42.49,888,80.4,0.986,70.5,91.79,37.58
BATT-001,335,339.98,43.54,890,77.21,0.806,70.42,90.89,36.85
BATT-001,336,340.2,44.78,893,83.04,0.942,70.33,91.48,38.31
BATT-001,337,340.52,45.0,896,81.86,0.93,70.24,91.75,38.73
BATT-001,338,338.62,45.03,898,74.86,0.867,70.15,92.44,37.95
BATT-001,339,340.13,45.41,901,78.0,0.914,70.07,91.69,38.94
BATT-001,340,339.26,44.78,904,85.27,0.866,69.98,93.18,38.21
BATT-001,341,337.45,45.19,907,81.37,0.83,69.89,92.23,38.72
BATT-001,342,337.73,43.1,909,70.63,0.888,69.81,92.7,36.93
BATT-001,343,338.59,41.83,911,82.94,0.828,69.72,91.4,37.78
BATT-001,344,339.8,44.32,914,72.5,0.942,69.63,94.55,38.41
BATT-001,345,339.43,44.68,916,87.49,0.824,69.54,93.03,39.41
BATT-001,346,339.45,42.2,919,85.15,0.973,69.44,93.45,37.65
BATT-001,347,340.83,46.6,922,80.75,0.821,69.35,91.29,39.09
BATT-001,348,338.23,45.53,925,79.95,0.871,69.26,92.23,37.97
BATT-001,349,339.19,45.45,927,77.76,0.866,69.18,94.45,38.26
BATT-001,350,339.43,45.84,930,83.08,1.0,69.09,93.65,39.75
BATT-001,351,338.56,42.76,933,76.79,0.942,69.0,91.62,35.58
BATT-001,352,339.14,42.54,935,80.42,0.899,68.91,94.73,36.69
BATT-001,353,337.81,42.52,938,84.24,0.956,68.83,93.3,36.48
BATT-001,354,340.19,40.01,941,75.64,0.747,68.74,95.41,35.27
BATT-001,355,338.48,44.05,943,75.31,0.912,68.65,94.07,37.82
BATT-001,356,340.62,45.92,945,71.84,1.0,68.56,94.52,40.03
BATT-001,357,338.94,43.08,948,72.62,0.926,68.48,95.65,38.55
BATT-001,358,339.76,45.12,951,68.04,0.921,68.39,93.73,39.34
BATT-001,359,338.86,46.5,954,83.39,0.96,68.3,93.8,40.75
BATT-001,360,338.85,48.8,956,89.86,0.987,68.21,94.75,41.17
BATT-001,361,338.38,45.87,959,87.56,0.756,68.12,95.94,39.15
BATT-001,362,338.91,47.19,962,69.25,0.781,68.03,93.94,41.35
BATT-001,363,339.04,45.6,965,83.36,0.933,67.95,93.76,39.52
BATT-001,364,338.12,44.07,968,87.54,0.859,67.86,96.4,38.2
BATT-001,365,338.62,44.26,970,76.27,1.0,67.77,95.13,38.63
BATT-002,1,350.1,45.29,3,71.44,0.977,99.91,38.81,38.54
BATT-002,2,350.23,47.48,5,74.05,0.767,99.83,40.18,42.97
BATT-002,3,348.99,45.2,8,81.83,0.798,99.74,38.82,39.46
BATT-002,4,349.16,48.21,11,66.88,0.655,99.65,38.17,41.98
BATT-002,5,348.08,45.59,14,79.61,0.826,99.57,37.98,39.44
BATT-002,6,350.27,46.7,16,73.71,0.832,99.48,37.61,40.19
BATT-002,7,348.82,42.94,19,80.44,0.823,99.4,40.78,37.89
BATT-002,8,349.87,45.3,21,73.36,0.953,99.31,38.69,39.27
BATT-002,9,350.03,46.71,24,82.37,0.933,99.23,41.15,40.32
BATT-002,10,350.18,49.25,27,79.95,0.87,99.14,40.58,42.45
BATT-002,11,348.7,45.64,30,88.23,0.834,99.05,37.6,40.47
BATT-002,12,349.59,47.91,33,79.87,0.946,98.96,38.84,42.28
BATT-002,13,350.95,44.5,35,75.22,0.863,98.88,38.98,41.24
BATT-002,14,350.95,48.13,38,78.35,0.799,98.79,39.73,42.78
BATT-002,15,350.34,45.77,41,71.76,0.727,98.71,39.9,40.32
BATT-002,16,349.79,49.01,44,82.27,0.829,98.62,43.12,44.06
BATT-002,17,348.68,45.95,46,83.37,0.924,98.54,39.2,39.82
BATT-002,18,350.03,45.37,49,94.64,1.0,98.45,40.66,39.46
BATT-002,19,349.3,42.57,52,76.1,0.869,98.36,41.2,38.86
BATT-002,20,349.84,50.42,55,78.22,0.803,98.27,40.75,44.24
BATT-002,21,348.86,47.08,58,76.37,0.769,98.19,41.01,42.03
BATT-002,22,349.2,46.83,60,81.1,0.908,98.1,40.01,40.37
BATT-002,23,349.44,47.5,63,82.12,0.723,98.01,41.32,42.81
BATT-002,24,349.47,48.03,66,79.51,0.908,97.93,41.88,42.03
BATT-002,25,349.64,49.7,69,86.35,0.93,97.84,41.85,44.01
BATT-002,26,348.75,45.08,72,76.13,0.899,97.75,42.26,38.8
BATT-002,27,348.11,46.88,74,85.75,0.847,97.67,43.25,40.79
BATT-002,28,350.45,46.27,77,83.06,0.909,97.59,42.92,40.55
BATT-002,29,351.12,42.78,80,79.76,0.878,97.5,42.2,38.35
BATT-002,30,349.46,47.45,83,77.94,0.802,97.42,41.11,42.96
BATT-002,31,348.01,46.41,85,94.39,1.0,97.33,41.83,41.02
BATT-002,32,348.42,48.56,88,74.93,0.836,97.25,42.36,42.6
BATT-002,33,349.42,50.45,90,81.62,0.926,97.17,42.99,45.09
BATT-002,34,350.05,47.67,93,75.33,0.671,97.09,42.4,41.08
BATT-002,35,347.98,46.72,95,90.54,0.966,97.0,42.1,41.03
BATT-002,36,348.82,46.91,98,85.15,0.982,96.91,42.01,41.9
BATT-002,37,349.05,48.95,101,75.76,0.867,96.82,41.7,43.26
BATT-002,38,349.55,47.18,104,82.9,0.909,96.74,43.28,40.98
BATT-002,39,348.55,47.24,106,81.38,0.909,96.65,42.19,40.94
BATT-002,40,347.55,51.38,109,76.73,0.813,96.57,42.81,43.53
BATT-002,41,349.27,47.87,112,84.38,0.908,96.49,43.57,42.56
BATT-002,42,349.64,44.88,114,82.17,0.799,96.4,42.78,38.98
BATT-002,43,348.64,46.66,117,81.12,0.815,96.31,44.66,40.26
BATT-002,44,349.0,50.35,120,79.58,0.954,96.22,45.18,44.4
BATT-002,45,348.27,48.28,122,82.42,0.942,96.13,44.05,42.81
BATT-002,46,347.94,45.53,125,81.21,0.808,96.05,44.32,41.11
BATT-002,47,349.41,47.51,128,80.18,0.805,95.96,45.45,42.05
BATT-002,48,348.87,47.27,130,75.98,0.812,95.87,44.35,42.37
BATT-002,49,348.92,47.74,133,89.99,0.923,95.79,44.44,43.5
BATT-002,50,349.69,45.58,136,73.53,0.784,95.69,46.58,40.41
BATT-002,51,347.62,46.15,138,82.4,0.893,95.61,46.42,41.23
BATT-002,52,347.99,49.5,141,77.91,0.924,95.53,46.29,42.94
BATT-002,53,348.53,49.0,143,90.39,0.857,95.44,46.78,42.43
BATT-002,54,347.92,48.54,146,74.41,0.945,95.35,44.02,43.48
BATT-002,55,348.97,46.53,149,75.42,0.84,95.27,47.51,40.82
BATT-002,56,348.16,47.35,152,74.01,0.847,95.19,46.7,43.24
BATT-002,57,347.49,49.85,154,81.77,0.786,95.1,47.47,44.38
BATT-002,58,348.31,49.88,157,71.59,0.946,95.02,46.99,43.51
BATT-002,59,348.36,49.82,160,76.96,0.803,94.93,46.81,43.03
BATT-002,60,348.94,47.97,163,66.92,0.892,94.84,46.64,42.71
BATT-002,61,348.48,48.66,166,81.27,0.858,94.75,47.45,41.64
BATT-002,62,348.5,47.27,169,76.83,0.78,94.67,46.92,42.82
BATT-002,63,348.36,49.57,171,70.9,0.815,94.59,48.25,44.85
BATT-002,64,347.92,49.49,174,86.34,0.975,94.5,45.95,42.81
BATT-002,65,347.47,49.33,176,71.98,0.88,94.42,47.15,41.69
BATT-002,66,348.24,48.78,179,84.61,0.783,94.32,49.9,42.32
BATT-002,67,347.72,49.31,182,75.62,0.889,94.24,47.39,43.38
BATT-002,68,349.3,46.33,185,89.44,0.852,94.15,47.93,42.55
BATT-002,69,349.0,47.82,187,84.33,1.0,94.06,47.44,43.87
BATT-002,70,348.4,50.05,190,73.78,0.887,93.98,48.81,43.95
BATT-002,71,348.17,50.14,193,74.33,0.834,93.9,47.88,44.52
BATT-002,72,347.76,50.21,195,83.46,0.978,93.81,48.59,45.35
BATT-002,73,346.8,50.77,198,78.26,0.717,93.73,49.77,44.73
BATT-002,74,347.6,47.94,200,78.81,0.872,93.64,48.39,41.86
BATT-002,75,347.82,48.84,203,87.46,1.0,93.55,50.04,41.92
BATT-002,76,347.9,49.29,206,75.34,0.855,93.46,50.23,43.19
BATT-002,77,348.06,49.84,209,80.38,0.725,93.38,50.61,42.64
BATT-002,78,348.39,47.61,211,85.56,0.832,93.29,49.85,41.63
BATT-002,79,347.07,48.54,214,84.68,0.98,93.2,53.11,42.69
BATT-002,80,347.05,49.69,216,78.87,0.894,93.12,51.08,42.65
BATT-002,81,348.72,47.37,219,78.1,0.797,93.03,50.5,42.37
BATT-002,82,348.15,51.7,222,69.4,0.809,92.95,49.46,42.92
BATT-002,83,347.19,51.52,225,73.49,0.819,92.86,50.39,45.17
BATT-002,84,347.39,50.07,228,81.74,0.893,92.77,52.07,43.71
BATT-002,85,347.36,53.63,230,79.0,0.971,92.68,52.52,47.13
BATT-002,86,347.43,51.54,233,80.28,0.948,92.6,52.44,43.69
BATT-002,87,347.76,49.77,235,86.06,0.901,92.51,51.91,43.0
BATT-002,88,349.37,47.82,238,72.71,0.758,92.42,50.03,43.45
BATT-002,89,347.47,51.21,240,78.41,0.758,92.34,51.92,43.83
BATT-002,90,347.82,49.73,243,80.96,0.907,92.25,50.34,44.11
BATT-002,91,345.91,52.65,246,75.6,0.756,92.17,50.25,46.57
BATT-002,92,346.84,46.88,248,88.42,0.846,92.08,52.13,42.19
BATT-002,93,348.18,51.24,251,85.28,0.888,92.0,52.57,44.74
BATT-002,94,347.49,49.08,254,81.57,0.773,91.91,53.11,43.77
BATT-002,95,343.62,47.17,256,90.59,0.782,91.81,52.87,41.09
BATT-002,96,347.64,50.29,259,70.84,0.857,91.73,53.06,44.6
BATT-002,97,348.61,53.24,262,79.78,0.904,91.64,51.69,45.34
BATT-002,98,345.45,50.1,264,82.03,0.949,91.56,52.72,42.15
BATT-002,99,348.23,49.43,267,74.34,0.913,91.48,51.47,43.41
BATT-002,100,344.77,46.87,269,81.63,0.87,91.39,51.13,40.83
BATT-002,101,347.71,47.12,272,73.19,0.804,91.3,54.03,41.52
BATT-002,102,346.92,52.05,275,83.97,0.778,91.21,52.71,44.97
BATT-002,103,345.01,48.33,278,86.18,0.823,91.12,54.5,42.69
BATT-002,104,347.22,47.26,280,81.46,0.897,91.03,54.9,41.71
BATT-002,105,347.75,50.65,283,68.71,0.891,90.95,53.32,43.7
BATT-002,106,347.09,47.99,285,74.03,0.696,90.86,54.68,42.56
BATT-002,107,347.24,48.55,288,83.22,0.801,90.77,53.58,42.62
BATT-002,108,346.41,48.81,291,79.96,0.96,90.69,52.55,44.42
BATT-002,109,345.22,48.22,294,63.67,0.87,90.6,54.67,41.55
BATT-002,110,347.23,49.82,296,87.29,0.751,90.52,54.24,41.91
BATT-002,111,348.05,50.17,299,80.65,1.0,90.43,54.42,43.48
BATT-002,112,347.52,52.11,302,74.91,0.862,90.34,57.0,44.68
BATT-002,113,345.0,50.18,305,85.8,0.895,90.25,53.65,45.06
BATT-002,114,345.35,48.39,308,75.76,0.896,90.17,55.71,42.18
BATT-002,115,345.85,49.59,310,75.7,0.835,90.09,54.49,44.56
BATT-002,116,345.23,47.69,313,81.98,0.806,90.0,56.55,41.95
BATT-002,117,346.5,52.58,316,90.52,1.0,89.91,56.1,45.84
BATT-002,118,346.75,47.44,318,89.57,0.944,89.82,56.34,41.37
BATT-002,119,345.26,49.59,321,81.99,0.93,89.73,55.18,45.03
BATT-002,120,347.0,46.68,324,82.6,0.91,89.64,55.51,42.02
BATT-002,121,346.83,50.58,327,84.58,0.784,89.56,57.36,46.0
BATT-002,122,345.88,50.29,329,72.29,0.966,89.48,58.35,43.83
BATT-002,123,346.15,49.42,332,83.69,0.797,89.39,57.22,41.38
BATT-002,124,344.69,49.42,335,75.42,0.887,89.3,56.0,42.09
BATT-002,125,345.96,48.08,337,81.74,0.733,89.21,57.4,44.01
BATT-002,126,346.2,51.77,340,78.46,0.701,89.12,59.65,44.38
BATT-002,127,346.29,49.56,343,82.84,0.89,89.03,57.49,42.65
BATT-002,128,346.43,47.21,346,80.54,0.799,88.94,59.01,42.79
BATT-002,129,346.3,49.49,349,61.39,0.705,88.86,56.95,43.82
BATT-002,130,345.86,49.9,351,80.9,0.907,88.77,57.82,42.84
BATT-002,131,346.27,47.18,354,83.68,1.0,88.68,58.64,40.66
BATT-002,132,346.81,46.0,356,82.5,0.975,88.59,58.57,41.34
BATT-002,133,345.9,49.44,359,79.21,0.844,88.51,57.56,42.86
BATT-002,134,346.2,48.12,362,89.68,0.865,88.42,57.68,44.29
BATT-002,135,345.77,50.59,364,81.7,0.935,88.33,59.62,44.84
BATT-002,136,345.37,50.65,367,82.46,0.954,88.25,59.99,43.54
BATT-002,137,346.27,48.75,370,86.1,0.837,88.16,60.46,42.76
BATT-002,138,345.38,48.87,372,82.0,0.867,88.07,60.91,43.4
BATT-002,139,346.1,48.09,375,74.44,0.888,87.99,59.39,41.23
BATT-002,140,345.79,48.89,378,65.2,0.908,87.9,59.1,41.95
BATT-002,141,345.49,48.17,381,76.97,0.853,87.82,60.91,40.89
BATT-002,142,345.44,47.05,384,84.4,0.855,87.73,60.43,40.2
BATT-002,143,345.27,49.58,386,77.71,0.975,87.64,58.9,42.52
BATT-002,144,344.33,48.95,389,84.64,0.961,87.55,59.01,42.25
BATT-002,145,345.92,49.18,391,80.72,0.902,87.46,60.7,42.95
BATT-002,146,345.77,48.74,394,87.56,1.0,87.37,60.19,42.68
BATT-002,147,346.23,47.9,397,78.06,0.833,87.28,60.5,42.17
BATT-002,148,345.09,47.34,399,82.64,0.994,87.19,61.76,42.59
BATT-002,149,347.0,46.65,402,82.86,0.908,87.11,61.6,41.63
BATT-002,150,345.15,47.94,404,88.84,1.0,87.02,62.33,42.26
BATT-002,151,344.73,46.7,407,69.59,0.769,86.94,59.21,40.49
BATT-002,152,344.6,49.49,410,77.08,0.809,86.85,61.56,42.07
BATT-002,153,343.98,48.39,412,84.92,0.898,86.76,62.17,42.46
BATT-002,154,346.56,47.37,415,89.1,0.896,86.67,60.11,40.4
BATT-002,155,346.4,48.47,417,81.27,1.0,86.59,61.12,41.42
BATT-002,156,345.76,46.08,420,78.07,0.811,86.5,61.1,40.34
BATT-002,157,344.53,46.99,423,84.37,0.937,86.42,62.11,40.43
BATT-002,158,346.66,45.2,425,85.04,0.957,86.33,63.87,39.47
BATT-002,159,344.9,50.28,428,77.67,0.92,86.24,64.43,42.99
BATT-002,160,344.94,49.23,431,81.81,0.787,86.15,61.75,42.63
BATT-002,161,346.27,46.55,434,86.91,0.977,86.07,63.24,41.77
BATT-002,162,345.62,49.99,437,91.17,0.962,85.98,63.43,43.86
BATT-002,163,346.82,48.17,439,84.28,0.912,85.89,63.42,40.55
BATT-002,164,345.23,51.11,442,80.09,0.88,85.81,63.58,45.32
BATT-002,165,344.69,46.78,444,79.5,0.882,85.72,63.64,40.37
BATT-002,166,344.48,47.54,447,83.17,0.858,85.64,65.18,41.02
BATT-002,167,343.46,44.91,449,79.14,0.915,85.55,64.75,39.98
BATT-002,168,344.69,47.55,452,80.97,0.867,85.46,62.74,41.07
BATT-002,169,345.8,46.27,454,73.48,0.796,85.38,64.75,41.7
BATT-002,170,345.33,45.55,457,87.61,0.78,85.29,65.01,40.21
BATT-002,171,344.84,50.02,460,72.99,0.804,85.21,64.57,42.97
BATT-002,172,344.0,46.93,462,77.24,0.882,85.13,65.54,40.6
BATT-002,173,344.95,46.25,465,80.41,0.862,85.04,64.75,40.58
BATT-002,174,345.54,45.16,468,91.78,0.881,84.95,64.92,38.74
BATT-002,175,345.05,46.58,471,77.29,0.904,84.87,65.0,40.67
BATT-002,176,344.81,45.75,474,75.83,0.814,84.78,63.02,39.77
BATT-002,177,344.0,45.62,476,76.52,0.981,84.69,65.11,38.99
BATT-002,178,345.3,43.91,479,89.78,0.843,84.6,64.69,38.67
BATT-002,179,342.08,49.78,481,62.96,0.829,84.52,64.32,43.77
BATT-002,180,344.86,44.96,484,73.81,0.903,84.44,67.09,39.3
BATT-002,181,346.58,41.83,487,96.22,0.717,84.34,66.33,37.44
BATT-002,182,343.28,43.56,489,83.37,0.801,84.26,65.94,38.51
BATT-002,183,344.27,46.95,492,73.19,0.943,84.17,65.56,39.41
BATT-002,184,344.42,46.6,494,79.58,0.725,84.08,66.58,40.24
BATT-002,185,344.03,44.83,496,80.23,0.954,84.0,67.44,40.18
BATT-002,186,345.2,44.73,499,84.91,0.985,83.91,65.77,40.3
BATT-002,187,344.71,44.11,502,90.87,0.835,83.82,66.76,38.25
BATT-002,188,344.43,47.19,504,82.16,0.887,83.74,67.78,39.66
BATT-002,189,344.92,43.55,506,76.59,0.954,83.65,65.13,37.76
BATT-002,190,344.26,45.36,509,84.55,0.827,83.56,67.16,38.08
BATT-002,191,346.76,43.89,512,75.64,0.934,83.48,66.94,37.56
BATT-002,192,344.31,43.53,515,73.63,0.81,83.39,67.4,37.09
BATT-002,193,344.31,45.04,518,69.27,0.826,83.3,67.19,40.4
BATT-002,194,342.76,46.68,520,70.44,0.8,83.22,67.98,39.77
BATT-002,195,343.66,45.77,523,74.45,0.892,83.13,69.92,40.13
BATT-002,196,344.98,45.49,525,72.76,0.957,83.05,67.83,38.66
BATT-002,197,342.97,44.86,528,81.71,0.849,82.96,68.6,39.7
BATT-002,198,342.28,41.97,531,72.63,0.762,82.88,70.45,35.83
BATT-002,199,344.0,46.02,533,60.97,0.778,82.79,68.06,39.7
BATT-002,200,345.05,44.42,536,73.57,0.896,82.71,70.57,38.6
BATT-002,201,343.95,45.58,538,77.0,1.0,82.62,68.92,39.21
BATT-002,202,343.62,44.48,541,76.2,0.896,82.54,70.85,38.77
BATT-002,203,342.37,41.98,544,88.95,0.833,82.45,69.97,36.66
BATT-002,204,344.19,43.4,547,76.15,0.925,82.37,69.68,35.83
BATT-002,205,344.33,43.96,549,85.11,0.845,82.28,69.46,36.94
BATT-002,206,342.34,44.0,552,79.72,0.834,82.2,69.06,38.79
BATT-002,207,344.65,45.46,554,79.58,0.787,82.11,69.91,38.92
BATT-002,208,344.32,40.99,557,74.82,0.977,82.02,70.89,35.77
BATT-002,209,344.58,41.07,559,79.48,0.661,81.94,70.13,36.28
BATT-002,210,344.12,43.61,562,75.24,0.928,81.86,69.98,36.61
BATT-002,211,344.14,41.36,565,80.85,0.827,81.77,70.21,37.1
BATT-002,212,344.0,42.43,567,78.41,0.831,81.68,71.61,35.53
BATT-002,213,344.25,41.1,570,74.16,1.0,81.59,71.99,35.38
BATT-002,214,342.07,41.98,573,85.78,0.807,81.51,70.26,36.22
BATT-002,215,342.3,43.9,575,82.39,0.81,81.42,70.41,37.52
BATT-002,216,342.88,42.11,578,77.14,0.854,81.34,71.6,35.56
BATT-002,217,343.33,42.24,581,80.7,0.897,81.25,72.91,37.1
BATT-002,218,343.72,45.49,584,79.33,0.829,81.17,72.68,38.8
BATT-002,219,343.64,41.29,587,74.62,0.738,81.08,70.45,35.21
BATT-002,220,344.24,41.51,589,80.25,0.795,80.99,71.59,36.79
BATT-002,221,344.24,44.39,591,76.1,0.967,80.91,71.07,38.59
BATT-002,222,342.59,43.72,594,74.16,0.87,80.82,71.89,36.37
BATT-002,223,343.45,43.73,596,70.09,0.9,80.75,73.9,36.08
BATT-002,224,342.55,45.32,599,77.68,0.843,80.66,71.03,38.63
BATT-002,225,343.05,41.16,602,83.23,0.811,80.57,70.99,36.38
BATT-002,226,343.43,44.9,605,75.66,0.998,80.48,71.94,38.44
BATT-002,227,340.41,44.2,608,94.95,0.849,80.4,73.2,37.38
BATT-002,228,345.04,42.86,610,85.14,0.829,80.31,73.7,36.17
BATT-002,229,343.53,44.11,613,87.66,0.952,80.22,73.68,37.35
BATT-002,230,342.57,43.4,616,84.6,0.806,80.13,74.58,37.07
BATT-002,231,344.56,43.97,619,90.95,0.817,80.04,71.8,38.07
BATT-002,232,342.7,41.03,622,75.11,0.865,79.95,74.91,35.67
BATT-002,233,343.06,40.58,625,64.46,0.864,79.87,73.56,36.51
BATT-002,234,342.53,42.62,627,77.15,0.885,79.78,74.76,36.31
BATT-002,235,344.22,43.57,630,83.18,1.0,79.7,72.86,37.41
BATT-002,236,342.78,41.3,633,80.74,0.891,79.61,74.34,34.77
BATT-002,237,342.96,42.43,635,81.48,0.674,79.53,74.72,37.8
BATT-002,238,343.77,43.54,638,87.75,0.89,79.44,75.8,36.93
BATT-002,239,343.24,42.24,641,82.12,0.867,79.36,73.21,34.21
BATT-002,240,342.7,44.01,643,84.62,0.868,79.27,74.98,37.96
BATT-002,241,343.6,45.37,646,74.19,0.884,79.19,74.01,39.46
BATT-002,242,344.72,43.86,649,73.26,0.862,79.11,75.74,37.58
BATT-002,243,342.91,46.18,651,89.51,0.86,79.02,76.18,38.18
BATT-002,244,342.72,41.08,655,80.43,0.913,78.93,76.85,36.13
BATT-002,245,342.73,39.65,657,76.09,0.821,78.84,75.18,33.48
BATT-002,246,343.61,38.34,660,76.1,0.788,78.76,76.8,33.17
BATT-002,247,342.05,41.71,662,75.93,1.0,78.67,77.39,36.29
BATT-002,248,342.28,40.91,665,75.58,0.807,78.58,74.55,34.98
BATT-002,249,341.24,41.79,667,72.13,0.872,78.5,76.96,34.47
BATT-002,250,341.5,43.49,670,70.83,0.744,78.41,77.46,35.72
BATT-002,251,342.0,43.13,673,78.66,0.873,78.32,76.4,36.71
BATT-002,252,342.34,39.17,675,76.27,0.789,78.24,75.6,33.58
BATT-002,253,343.77,43.52,678,86.47,0.829,78.15,77.91,35.06
BATT-002,254,342.75,43.52,681,81.59,0.948,78.06,75.92,37.97
BATT-002,255,341.56,39.47,684,81.42,0.902,77.98,77.1,34.07
BATT-002,256,341.68,41.16,687,75.37,0.91,77.89,77.39,36.97
BATT-002,257,343.33,42.28,689,79.1,0.722,77.8,78.31,34.91
BATT-002,258,343.1,43.38,692,82.0,1.0,77.72,77.11,36.44
BATT-002,259,342.19,45.64,694,84.13,0.769,77.63,77.22,37.25
BATT-002,260,341.79,41.28,697,79.27,0.986,77.55,78.15,36.7
BATT-002,261,343.01,44.36,699,86.3,0.946,77.46,79.22,36.93
BATT-002,262,341.29,39.86,702,79.88,0.91,77.37,80.65,33.82
BATT-002,263,342.36,43.98,704,84.59,0.796,77.28,77.02,37.21
BATT-002,264,343.84,38.57,707,76.89,0.876,77.2,78.98,34.24
BATT-002,265,342.16,43.34,710,68.95,0.826,77.12,77.74,35.9
BATT-002,266,341.34,42.65,713,81.44,0.866,77.03,80.0,35.89
BATT-002,267,342.26,42.15,715,84.18,0.844,76.94,78.21,36.22
BATT-002,268,341.52,42.6,718,83.28,0.701,76.85,78.62,35.99
BATT-002,269,340.75,39.41,721,82.36,0.954,76.77,78.87,34.21
BATT-002,270,342.4,38.84,723,77.74,0.858,76.68,79.55,33.44
BATT-002,271,342.7,42.28,726,74.99,0.825,76.59,80.1,36.77
BATT-002,272,341.53,39.86,729,83.14,0.819,76.5,80.42,35.74
BATT-002,273,341.44,44.01,732,82.39,0.893,76.41,80.09,37.18
BATT-002,274,340.94,42.55,735,76.46,0.793,76.32,78.92,35.39
BATT-002,275,341.56,38.62,737,86.49,0.684,76.24,81.14,33.35
BATT-002,276,341.2,43.22,740,74.53,0.897,76.15,80.52,36.91
BATT-002,277,340.81,40.61,742,76.33,0.906,76.06,81.88,34.9
BATT-002,278,343.11,42.27,745,89.65,0.848,75.98,80.17,35.97
BATT-002,279,341.94,39.84,747,85.04,0.772,75.89,79.43,34.49
BATT-002,280,341.99,43.03,750,77.68,0.871,75.81,81.15,37.94
BATT-002,281,342.21,41.19,753,81.55,0.747,75.72,82.64,34.16
BATT-002,282,342.09,40.89,755,80.76,0.782,75.63,81.66,34.98
BATT-002,283,341.11,43.65,758,63.36,0.804,75.54,81.46,35.66
BATT-002,284,341.63,39.88,761,74.39,0.932,75.46,80.94,33.87
BATT-002,285,341.17,41.06,763,79.52,0.835,75.37,83.72,36.01
BATT-002,286,341.7,45.15,766,77.69,0.828,75.29,81.08,37.95
BATT-002,287,341.59,41.41,769,81.31,1.0,75.2,81.55,34.81
BATT-002,288,340.98,42.85,771,86.61,0.892,75.11,83.01,36.15
BATT-002,289,340.19,38.61,774,77.9,0.891,75.02,80.74,31.45
BATT-002,290,341.35,40.85,777,73.48,0.835,74.94,84.02,35.53
BATT-002,291,341.04,40.98,779,81.78,0.816,74.85,83.52,35.14
BATT-002,292,339.66,40.2,782,77.87,0.689,74.77,83.96,34.4
BATT-002,293,341.54,41.95,784,78.89,0.942,74.68,83.77,37.27
BATT-002,294,341.88,40.89,787,78.08,0.9,74.59,83.21,35.18
BATT-002,295,343.1,42.74,790,93.28,0.85,74.49,82.48,35.43
BATT-002,296,340.73,41.36,793,66.39,0.853,74.41,83.55,35.15
BATT-002,297,340.58,37.49,796,77.5,0.923,74.33,82.87,32.87
BATT-002,298,340.1,38.49,799,79.81,0.74,74.24,84.48,34.07
BATT-002,299,341.12,44.88,801,75.14,0.817,74.15,84.97,37.24
BATT-002,300,341.08,38.54,804,85.23,0.773,74.06,85.8,32.66
BATT-002,301,340.24,40.03,807,84.71,1.0,73.98,84.85,34.71
BATT-002,302,340.72,40.98,810,79.54,0.934,73.89,85.56,35.29
BATT-002,303,339.25,43.03,812,78.21,0.688,73.81,84.49,38.53
BATT-002,304,341.54,44.5,815,79.16,0.743,73.72,84.47,37.1
BATT-002,305,340.15,40.73,818,79.2,0.854,73.63,85.58,35.15
BATT-002,306,340.71,45.32,821,79.36,0.826,73.54,84.87,37.98
BATT-002,307,339.57,40.97,824,78.7,0.758,73.46,85.69,34.95
BATT-002,308,340.21,45.01,826,81.34,1.0,73.37,84.51,37.61
BATT-002,309,340.43,40.32,829,84.35,0.889,73.28,84.85,34.09
BATT-002,310,340.61,44.6,832,72.45,0.902,73.2,86.52,37.78
BATT-002,311,340.97,42.29,835,73.53,0.809,73.11,86.93,35.6
BATT-002,312,341.71,41.3,838,69.34,0.922,73.02,85.22,34.71
BATT-002,313,341.11,42.28,840,85.03,0.834,72.93,87.03,35.97
BATT-002,314,341.26,42.49,843,81.33,0.841,72.84,85.99,36.75
BATT-002,315,341.62,43.52,846,82.86,0.913,72.75,86.7,35.64
BATT-002,316,340.89,42.32,848,71.25,0.734,72.67,88.25,37.25
BATT-002,317,340.37,41.57,850,90.54,0.992,72.58,87.8,35.59
BATT-002,318,341.18,43.43,853,76.18,0.879,72.49,87.95,37.44
BATT-002,319,341.2,43.6,856,80.84,0.967,72.41,89.21,37.22
BATT-002,320,340.83,42.06,858,84.96,0.778,72.32,86.75,36.52
BATT-002,321,339.12,42.28,861,73.91,0.79,72.24,86.62,36.0
BATT-002,322,339.58,42.74,864,76.55,0.771,72.15,87.04,36.93
BATT-002,323,340.0,41.97,866,80.9,0.884,72.06,87.67,37.58
BATT-002,324,340.81,45.88,869,96.97,0.869,71.97,85.73,39.9
BATT-002,325,340.14,43.14,872,81.64,0.827,71.88,88.05,38.27
BATT-002,326,341.04,42.61,874,89.47,0.783,71.79,87.87,38.38
BATT-002,327,341.15,47.71,877,87.06,0.763,71.7,89.36,41.6
BATT-002,328,341.03,44.25,880,82.04,0.86,71.62,89.08,37.8
BATT-002,329,341.0,44.3,883,73.89,0.827,71.53,88.28,37.8
BATT-002,330,339.18,44.73,886,86.19,0.809,71.44,89.63,38.19
BATT-002,331,340.36,39.71,888,70.84,0.988,71.36,89.91,35.68
BATT-002,332,339.46,41.19,891,89.43,0.858,71.28,88.57,36.58
BATT-002,333,338.6,44.49,893,81.03,0.966,71.19,89.0,36.54
BATT-002,334,339.66,43.26,896,63.93,0.821,71.1,87.42,38.33
BATT-002,335,340.92,43.74,899,77.79,0.884,71.02,88.72,37.16
BATT-002,336,340.19,42.97,901,83.75,0.86,70.93,89.22,37.69
BATT-002,337,341.41,45.22,904,78.41,0.728,70.84,90.19,39.17
BATT-002,338,339.91,44.23,906,84.12,0.978,70.76,89.33,38.9
BATT-002,339,341.7,43.95,909,74.73,0.853,70.68,89.9,37.42
BATT-002,340,339.85,42.83,912,71.99,0.924,70.59,89.34,36.72
BATT-002,341,339.69,45.01,914,79.4,0.804,70.5,90.9,39.49
BATT-002,342,338.62,43.93,917,80.02,0.851,70.42,91.3,39.01
BATT-002,343,340.51,41.74,920,77.74,0.795,70.34,91.43,35.5
BATT-002,344,339.18,42.26,922,87.19,0.963,70.24,91.21,37.51
BATT-002,345,339.04,44.69,925,74.73,0.889,70.16,89.81,38.29
BATT-002,346,340.55,47.87,928,81.71,0.893,70.07,90.89,39.27
BATT-002,347,340.42,46.86,931,80.24,0.973,69.99,91.25,39.54
BATT-002,348,340.37,45.35,933,70.49,0.957,69.9,91.41,38.66
BATT-002,349,339.15,45.06,936,71.92,0.925,69.81,92.05,39.18
BATT-002,350,339.36,42.5,939,79.9,0.75,69.73,93.55,38.46
BATT-002,351,339.32,42.07,942,91.72,0.808,69.63,93.11,37.42
BATT-002,352,339.97,45.36,945,83.3,0.784,69.55,91.47,38.11
BATT-002,353,340.55,43.78,947,69.48,0.922,69.46,93.28,38.6
BATT-002,354,339.58,43.85,950,61.17,0.878,69.38,93.39,38.58
BATT-002,355,340.83,41.68,953,84.23,0.753,69.29,92.1,35.87
BATT-002,356,339.94,43.08,955,79.25,0.849,69.21,93.91,38.17
BATT-002,357,339.01,43.67,958,86.68,0.745,69.13,93.05,38.92
BATT-002,358,339.83,44.4,961,74.55,0.86,69.04,91.95,38.48
BATT-002,359,340.5,43.68,963,81.93,0.732,68.96,93.97,38.6
BATT-002,360,340.7,45.0,966,84.91,0.906,68.86,93.9,39.77
BATT-002,361,340.02,42.68,969,77.14,0.894,68.78,93.61,37.49
BATT-002,362,339.06,43.23,971,77.27,1.0,68.69,93.95,36.74
BATT-002,363,338.84,44.47,974,79.98,0.932,68.61,93.42,38.73
BATT-002,364,339.45,46.26,976,83.09,0.83,68.53,94.9,40.46
BATT-002,365,340.29,48.49,979,79.74,0.93,68.44,94.39,41.92
BATT-003,1,350.38,44.53,2,65.84,0.971,99.92,38.32,40.22
BATT-003,2,349.72,45.33,5,77.93,1.0,99.83,37.62,40.32
BATT-003,3,350.17,43.59,7,70.51,1.0,99.74,39.4,39.78
BATT-003,4,350.47,44.67,10,71.46,0.943,99.65,42.37,39.28
BATT-003,5,349.39,45.69,12,71.12,0.884,99.55,39.21,39.6
BATT-003,6,348.92,44.99,14,81.31,0.974,99.46,38.78,40.12
BATT-003,7,350.09,47.31,16,73.65,1.0,99.38,37.54,42.56
BATT-003,8,349.32,45.02,19,74.37,0.851,99.29,38.36,39.69
BATT-003,9,349.84,43.12,21,71.25,0.897,99.2,38.94,40.2
BATT-003,10,348.61,44.38,24,76.67,0.91,99.11,38.78,38.89
BATT-003,11,349.46,49.39,26,81.99,0.951,99.02,39.46,41.33
BATT-003,12,350.2,47.2,29,77.78,0.907,98.93,41.42,42.37
BATT-003,13,350.08,47.66,31,78.02,1.0,98.84,41.05,42.83
BATT-003,14,348.93,46.46,34,77.53,0.839,98.75,39.81,40.76
BATT-003,15,348.6,47.99,36,65.62,0.842,98.66,38.91,41.39
BATT-003,16,349.51,46.29,38,68.64,0.941,98.57,41.62,40.36
BATT-003,17,349.92,44.25,41,72.67,0.954,98.48,40.4,41.45
BATT-003,18,349.76,46.71,43,69.54,0.852,98.4,38.87,41.19
BATT-003,19,349.0,48.4,45,67.51,0.919,98.31,41.48,40.88
BATT-003,20,349.62,46.64,48,62.66,0.936,98.22,41.94,41.06
BATT-003,21,350.55,45.4,50,65.82,0.936,98.13,38.64,41.6
BATT-003,22,349.48,45.78,52,72.36,0.98,98.05,40.39,40.54
BATT-003,23,347.98,44.36,55,73.48,0.915,97.96,41.27,40.69
BATT-003,24,349.42,49.86,57,69.14,1.0,97.87,42.28,43.67
BATT-003,25,350.86,49.24,59,74.37,1.0,97.78,41.19,45.24
BATT-003,26,348.16,44.46,62,71.29,0.903,97.7,41.03,39.43
BATT-003,27,349.19,43.51,64,80.44,0.975,97.61,42.74,39.41
BATT-003,28,348.95,44.33,67,72.93,0.978,97.52,41.7,39.93
BATT-003,29,349.18,47.71,69,78.07,1.0,97.43,42.88,41.27
BATT-003,30,349.23,47.89,72,75.12,0.92,97.35,41.37,42.83
BATT-003,31,349.95,46.83,74,65.48,1.0,97.26,41.29,42.43
BATT-003,32,349.08,45.67,76,73.35,0.971,97.17,43.56,41.86
BATT-003,33,350.0,45.54,79,66.48,1.0,97.08,43.22,42.46
BATT-003,34,348.85,44.39,82,73.25,1.0,96.99,44.05,40.68
BATT-003,35,348.64,46.48,84,69.43,0.984,96.9,42.75,41.41
BATT-003,36,348.35,47.74,86,76.19,0.947,96.82,42.65,41.81
BATT-003,37,347.4,43.91,89,65.84,1.0,96.73,44.95,39.52
BATT-003,38,349.05,46.73,91,73.99,0.953,96.64,42.23,40.21
BATT-003,39,350.44,44.56,94,77.33,1.0,96.56,45.16,40.32
BATT-003,40,349.13,47.92,96,79.34,0.974,96.47,45.39,43.2
BATT-003,41,349.28,46.35,99,69.31,0.935,96.38,45.09,42.48
BATT-003,42,348.37,49.03,101,74.0,0.931,96.28,43.71,43.08
BATT-003,43,348.47,46.51,103,75.0,0.871,96.19,43.75,39.46
BATT-003,44,349.42,43.23,106,83.18,1.0,96.1,44.52,40.04
BATT-003,45,350.21,47.92,108,65.01,0.902,96.02,43.58,43.31
BATT-003,46,349.77,44.42,110,68.43,1.0,95.93,44.08,38.2
BATT-003,47,349.19,47.76,113,90.72,0.864,95.84,45.85,44.25
BATT-003,48,348.54,45.25,115,72.26,0.978,95.74,46.02,39.73
BATT-003,49,348.65,49.95,118,62.55,1.0,95.66,44.48,43.78
BATT-003,50,347.85,46.26,120,70.4,0.796,95.57,46.36,41.23
BATT-003,51,347.26,49.68,123,57.28,1.0,95.48,46.3,44.18
BATT-003,52,347.49,54.17,125,75.34,0.934,95.39,47.52,47.46
BATT-003,53,348.4,46.18,128,78.76,0.979,95.3,46.73,39.28
BATT-003,54,348.09,48.67,130,68.43,1.0,95.21,47.4,43.78
BATT-003,55,347.12,44.48,132,71.07,1.0,95.12,46.97,40.06
BATT-003,56,348.23,47.49,135,79.44,0.99,95.03,47.63,43.46
BATT-003,57,347.98,48.48,137,63.4,1.0,94.94,45.53,42.55
BATT-003,58,347.26,46.67,139,65.97,1.0,94.86,46.85,43.09
BATT-003,59,347.87,46.27,142,72.53,1.0,94.77,47.09,41.56
BATT-003,60,347.88,49.2,144,69.38,1.0,94.68,47.05,44.14
BATT-003,61,347.61,45.28,147,72.13,1.0,94.59,47.89,40.83
BATT-003,62,348.82,50.14,149,66.31,1.0,94.51,48.24,44.9
BATT-003,63,346.52,49.98,152,75.18,0.823,94.41,48.17,42.46
BATT-003,64,346.42,45.83,154,73.0,1.0,94.32,47.76,41.0
BATT-003,65,347.98,50.05,156,77.19,0.922,94.23,47.37,45.53
BATT-003,66,348.03,49.04,159,75.1,1.0,94.14,49.36,43.07
BATT-003,67,348.24,51.25,161,75.14,0.97,94.05,48.77,46.06
BATT-003,68,347.46,51.45,164,65.22,1.0,93.97,47.56,45.06
BATT-003,69,347.12,47.18,166,76.85,0.913,93.88,48.54,42.06
BATT-003,70,347.82,47.86,168,71.91,1.0,93.79,47.14,43.15
BATT-003,71,347.44,46.66,171,72.9,0.948,93.7,49.08,43.49
BATT-003,72,349.0,48.95,173,80.19,1.0,93.61,49.02,45.62
BATT-003,73,347.47,47.13,176,69.58,1.0,93.52,48.79,44.01
BATT-003,74,347.66,48.97,178,82.0,1.0,93.44,51.11,43.64
BATT-003,75,349.65,46.69,181,82.56,0.795,93.35,48.53,43.1
BATT-003,76,347.48,49.55,183,78.41,0.961,93.25,50.56,43.34
BATT-003,77,348.05,50.37,186,68.01,1.0,93.17,52.2,45.39
BATT-003,78,348.09,48.17,188,60.78,0.986,93.08,51.25,43.46
BATT-003,79,348.13,46.98,190,80.37,1.0,92.99,50.31,42.87
BATT-003,80,347.75,48.21,193,74.57,0.939,92.9,49.37,42.63
BATT-003,81,347.64,46.81,195,69.43,0.972,92.81,49.29,42.66
BATT-003,82,347.53,45.37,198,80.94,1.0,92.73,50.4,41.4
BATT-003,83,346.96,48.54,201,68.73,0.786,92.63,50.28,42.39
BATT-003,84,347.65,51.09,203,71.35,1.0,92.55,50.41,45.78
BATT-003,85,348.98,47.95,206,77.05,0.941,92.46,50.96,43.23
BATT-003,86,348.3,50.2,208,67.22,0.895,92.37,51.35,44.6
BATT-003,87,347.54,44.8,210,73.24,0.995,92.28,52.1,39.84
BATT-003,88,347.95,49.75,212,80.43,1.0,92.19,50.54,44.41
BATT-003,89,346.54,47.46,215,75.16,1.0,92.1,51.25,43.32
BATT-003,90,347.0,49.87,217,81.38,0.957,92.01,51.93,42.84
BATT-003,91,347.93,48.21,219,80.7,1.0,91.92,52.06,43.84
BATT-003,92,348.33,49.34,222,73.94,1.0,91.83,54.25,42.83
BATT-003,93,346.5,45.15,224,59.88,0.961,91.75,52.79,40.38
BATT-003,94,346.7,50.71,227,67.26,0.912,91.66,51.1,44.95
BATT-003,95,348.8,49.62,229,78.48,0.917,91.58,53.29,43.93
BATT-003,96,347.1,49.19,231,64.6,1.0,91.49,53.58,43.09
BATT-003,97,348.45,46.22,234,71.94,0.965,91.39,53.08,42.11
BATT-003,98,347.12,47.38,236,75.93,0.884,91.3,52.15,41.35
BATT-003,99,347.12,50.68,239,82.71,0.833,91.21,55.29,43.88
BATT-003,100,346.65,50.65,241,70.45,1.0,91.12,52.62,45.95
BATT-003,101,347.61,48.82,244,70.04,0.924,91.03,54.52,43.83
BATT-003,102,347.92,45.87,246,73.58,0.994,90.94,54.22,41.44
BATT-003,103,345.97,48.45,249,76.0,1.0,90.85,54.78,43.84
BATT-003,104,346.48,50.07,251,72.97,0.863,90.76,56.05,43.41
BATT-003,105,347.47,48.72,253,80.19,0.964,90.67,55.07,44.77
BATT-003,106,346.6,48.38,256,69.1,0.954,90.58,54.11,44.37
BATT-003,107,346.28,45.53,258,74.62,0.998,90.49,55.94,38.96
BATT-003,108,347.45,49.82,261,76.57,1.0,90.4,54.37,44.24
BATT-003,109,347.49,48.97,263,71.5,0.862,90.3,55.34,41.9
BATT-003,110,346.21,45.76,266,78.94,1.0,90.21,54.04,41.25
BATT-003,111,346.71,48.16,268,74.79,1.0,90.12,54.47,43.08
BATT-003,112,345.54,48.25,271,78.63,0.953,90.02,55.72,43.96
BATT-003,113,345.76,45.95,273,75.06,0.957,89.94,56.19,40.86
BATT-003,114,346.55,47.53,276,76.16,1.0,89.85,54.28,44.35
BATT-003,115,346.44,50.05,278,70.1,0.995,89.76,56.64,44.41
BATT-003,116,345.61,48.59,281,70.11,1.0,89.67,55.49,43.31
BATT-003,117,345.78,46.81,283,81.24,1.0,89.58,57.75,41.91
BATT-003,118,345.47,46.28,286,77.71,0.889,89.49,56.28,41.71
BATT-003,119,346.66,48.75,288,67.76,1.0,89.41,55.65,44.69
BATT-003,120,344.69,46.54,291,74.98,1.0,89.32,57.01,40.86
BATT-003,121,345.42,48.47,293,59.65,0.983,89.24,56.17,44.69
BATT-003,122,344.71,48.27,295,70.45,0.848,89.14,58.52,42.81
BATT-003,123,346.5,49.91,298,79.66,0.959,89.05,57.42,42.88
BATT-003,124,344.69,46.86,300,73.15,0.983,88.96,57.43,40.43
BATT-003,125,346.13,46.18,303,74.6,0.876,88.87,58.34,42.73
BATT-003,126,347.39,48.25,305,55.8,0.939,88.79,56.89,43.83
BATT-003,127,347.38,46.25,308,71.54,0.855,88.7,56.77,40.87
BATT-003,128,344.57,48.47,310,75.93,1.0,88.6,58.63,43.58
BATT-003,129,346.22,46.48,312,76.69,0.981,88.51,57.29,42.93
BATT-003,130,345.15,47.13,315,79.67,0.836,88.41,57.47,41.79
BATT-003,131,344.96,48.94,317,72.64,0.996,88.33,59.56,43.99
BATT-003,132,345.79,46.23,320,72.9,0.963,88.24,59.4,39.37
BATT-003,133,346.84,47.85,323,65.9,1.0,88.16,57.78,43.15
BATT-003,134,346.3,51.13,325,72.67,0.937,88.07,58.57,45.01
BATT-003,135,345.22,48.38,328,66.33,0.904,87.98,58.45,44.69
BATT-003,136,346.33,47.0,330,62.81,0.906,87.89,61.28,43.07
BATT-003,137,343.94,47.66,333,67.39,0.925,87.8,60.58,41.99
BATT-003,138,345.1,47.48,335,82.95,0.969,87.71,59.41,41.44
BATT-003,139,345.01,45.89,338,72.27,0.98,87.63,60.56,41.89
BATT-003,140,345.7,48.09,340,75.22,0.953,87.54,58.78,43.11
BATT-003,141,345.45,44.6,343,70.82,0.934,87.45,59.63,41.03
BATT-003,142,345.47,48.1,345,63.15,0.94,87.37,60.55,43.33
BATT-003,143,345.41,51.13,348,79.51,1.0,87.28,61.06,45.34
BATT-003,144,345.53,46.51,351,60.86,0.906,87.19,60.67,41.99
BATT-003,145,345.92,44.72,353,70.57,0.923,87.11,61.17,40.01
BATT-003,146,345.57,43.78,355,73.57,1.0,87.01,61.17,39.96
BATT-003,147,345.2,47.39,358,75.28,1.0,86.92,61.09,43.09
BATT-003,148,345.71,48.49,360,69.54,0.858,86.83,61.12,41.78
BATT-003,149,346.02,48.15,363,62.87,1.0,86.74,61.15,43.12
BATT-003,150,344.88,44.9,365,69.09,0.895,86.66,61.96,40.95
BATT-003,151,345.25,47.58,367,69.4,1.0,86.57,62.3,42.94
BATT-003,152,346.2,44.75,370,69.26,0.951,86.48,62.25,41.4
BATT-003,153,344.35,44.42,373,79.72,0.933,86.39,61.04,40.48
BATT-003,154,346.65,47.23,375,66.62,1.0,86.3,61.37,40.91
BATT-003,155,344.1,44.47,377,75.7,1.0,86.21,62.93,39.66
BATT-003,156,344.87,51.22,380,74.85,1.0,86.12,64.16,44.38
BATT-003,157,344.35,46.05,382,79.66,1.0,86.03,63.01,41.19
BATT-003,158,346.83,47.15,385,73.1,0.932,85.94,62.6,42.24
BATT-003,159,344.65,46.0,387,78.64,1.0,85.85,63.41,40.4
BATT-003,160,344.62,41.85,389,72.86,1.0,85.76,62.21,39.57
BATT-003,161,344.69,45.89,391,76.5,0.979,85.67,64.82,40.73
BATT-003,162,345.03,47.57,393,64.88,1.0,85.58,63.85,42.67
BATT-003,163,344.66,46.61,396,58.07,1.0,85.5,63.14,40.17
BATT-003,164,344.79,45.5,398,76.16,0.985,85.41,63.8,39.58
BATT-003,165,342.04,44.88,401,76.48,0.988,85.33,63.6,41.06
BATT-003,166,344.88,47.7,403,76.75,0.979,85.24,65.59,41.51
BATT-003,167,344.82,47.85,406,70.75,0.868,85.15,64.24,43.16
BATT-003,168,345.6,45.2,408,82.84,0.961,85.06,64.76,41.16
BATT-003,169,345.79,46.67,411,71.14,0.986,84.97,65.34,41.52
BATT-003,170,344.56,46.32,413,76.42,0.935,84.88,64.18,41.57
BATT-003,171,345.33,45.19,415,77.46,0.995,84.8,65.28,38.69
BATT-003,172,343.76,44.21,418,84.21,0.97,84.7,65.53,38.91
BATT-003,173,345.23,43.82,421,71.99,1.0,84.61,63.86,38.66
BATT-003,174,344.13,44.08,423,69.98,1.0,84.53,65.82,38.22
BATT-003,175,343.61,47.39,426,64.91,0.981,84.44,65.68,41.35
BATT-003,176,344.37,46.26,428,83.21,0.859,84.35,66.02,40.52
BATT-003,177,345.61,46.51,431,76.43,1.0,84.25,66.1,40.14
BATT-003,178,344.6,41.62,433,76.62,0.957,84.16,66.48,36.06
BATT-003,179,345.62,48.08,436,92.6,0.961,84.07,67.73,42.96
BATT-003,180,343.79,44.66,438,75.85,0.941,83.98,65.38,38.47
BATT-003,181,345.2,47.68,441,66.08,0.929,83.89,66.37,42.82
BATT-003,182,343.81,42.49,443,72.72,1.0,83.8,67.54,37.5
BATT-003,183,344.48,45.06,445,68.05,1.0,83.71,67.51,38.39
BATT-003,184,344.44,42.81,448,71.52,1.0,83.62,67.66,36.23
BATT-003,185,344.77,44.96,450,71.48,0.959,83.54,70.1,40.01
BATT-003,186,344.41,42.25,452,70.37,1.0,83.45,68.12,37.75
BATT-003,187,343.59,44.14,455,65.54,0.974,83.37,68.78,37.72
BATT-003,188,344.85,42.96,457,83.45,0.953,83.28,67.51,37.2
BATT-003,189,345.5,45.63,460,75.69,0.995,83.19,66.98,40.36
BATT-003,190,343.62,44.82,462,72.54,0.933,83.1,67.82,40.19
BATT-003,191,342.59,47.06,465,78.44,0.988,83.01,69.0,41.77
BATT-003,192,344.42,42.89,467,76.72,0.984,82.93,68.85,37.96
BATT-003,193,343.73,43.54,469,75.55,1.0,82.84,69.0,39.25
BATT-003,194,343.86,42.0,472,78.01,0.918,82.75,68.55,36.92
BATT-003,195,344.38,43.5,475,74.7,1.0,82.66,68.55,38.28
BATT-003,196,343.53,42.52,477,77.92,0.895,82.57,68.91,37.94
BATT-003,197,343.65,45.2,480,78.42,0.922,82.47,69.99,39.35
BATT-003,198,343.75,46.35,482,74.87,0.926,82.38,70.26,40.11
BATT-003,199,344.98,45.93,484,72.57,0.882,82.29,68.58,40.0
BATT-003,200,343.8,41.86,486,83.08,1.0,82.2,70.51,37.18
BATT-003,201,342.75,45.59,489,71.03,0.89,82.12,69.25,39.88
BATT-003,202,342.75,43.28,491,76.24,0.912,82.03,70.53,38.25
BATT-003,203,343.79,41.48,493,76.38,1.0,81.95,70.02,37.77
BATT-003,204,342.75,42.75,496,70.24,0.922,81.86,71.94,37.12
BATT-003,205,342.37,42.38,498,69.05,0.953,81.77,70.11,37.28
BATT-003,206,344.1,48.22,501,71.77,0.887,81.69,70.85,40.67
BATT-003,207,344.11,44.87,503,70.94,1.0,81.59,71.45,38.46
BATT-003,208,343.23,43.86,505,65.15,1.0,81.51,70.13,38.19
BATT-003,209,343.73,42.68,508,69.99,1.0,81.42,71.08,37.48
BATT-003,210,343.62,46.59,510,75.49,1.0,81.33,71.05,41.48
BATT-003,211,343.92,43.65,513,81.49,0.974,81.24,70.96,39.7
BATT-003,212,343.89,39.82,515,77.22,0.926,81.15,71.2,36.6
BATT-003,213,341.29,41.3,518,58.3,0.903,81.06,72.91,37.21
BATT-003,214,343.15,42.15,521,77.74,1.0,80.98,71.36,37.24
BATT-003,215,343.72,40.57,523,70.55,1.0,80.89,72.68,37.72
BATT-003,216,342.95,40.8,526,76.62,0.912,80.79,72.6,36.4
BATT-003,217,343.28,42.75,528,73.81,0.971,80.7,71.05,38.05
BATT-003,218,343.82,44.25,530,72.74,0.944,80.61,73.13,39.51
BATT-003,219,343.25,39.6,533,73.28,0.878,80.52,71.36,35.3
BATT-003,220,344.36,40.14,535,73.76,0.982,80.43,73.56,35.53
BATT-003,221,344.02,43.12,537,81.96,0.935,80.34,72.59,36.44
BATT-003,222,342.99,42.07,539,73.78,0.892,80.25,73.27,36.45
BATT-003,223,342.9,44.45,542,80.41,0.85,80.17,72.12,40.05
BATT-003,224,340.75,43.39,545,79.54,0.843,80.07,73.7,38.5
BATT-003,225,342.73,43.29,547,77.9,0.938,79.98,74.67,38.37
BATT-003,226,341.88,40.69,549,63.18,0.961,79.9,73.09,36.5
BATT-003,227,343.11,40.6,552,80.6,0.898,79.8,73.46,36.42
BATT-003,228,343.02,40.58,554,71.15,1.0,79.72,74.68,34.62
BATT-003,229,343.42,42.45,556,78.19,0.963,79.62,74.87,37.92
BATT-003,230,343.95,41.29,559,68.06,1.0,79.53,72.12,37.44
BATT-003,231,342.79,43.49,562,66.79,0.953,79.45,76.73,38.58
BATT-003,232,344.6,41.36,565,85.76,0.905,79.36,75.4,36.29
BATT-003,233,342.93,39.33,567,68.15,0.977,79.27,75.72,36.35
BATT-003,234,341.67,41.68,569,80.77,0.867,79.18,75.04,36.77
BATT-003,235,342.23,43.63,572,74.61,1.0,79.09,73.49,37.81
BATT-003,236,342.35,39.63,574,71.38,0.893,79.0,76.19,34.22
BATT-003,237,343.09,44.67,577,73.63,1.0,78.91,75.11,37.49
BATT-003,238,341.83,42.52,579,66.09,0.941,78.83,76.36,36.31
BATT-003,239,342.32,41.12,582,73.81,1.0,78.75,75.75,34.72
BATT-003,240,342.4,40.89,584,67.4,0.878,78.65,76.38,33.14
BATT-003,241,342.14,41.73,586,71.52,0.914,78.57,75.52,36.02
BATT-003,242,343.11,43.48,589,79.45,0.998,78.47,77.33,38.36
BATT-003,243,342.95,44.59,591,75.42,1.0,78.38,75.43,38.66
BATT-003,244,343.34,41.05,594,65.0,1.0,78.3,79.02,36.65
BATT-003,245,342.11,44.09,596,79.01,0.971,78.2,79.18,39.03
BATT-003,246,343.3,40.29,599,73.85,1.0,78.12,78.73,35.99
BATT-003,247,341.22,42.8,601,70.64,0.945,78.02,78.54,37.45
BATT-003,248,341.17,39.61,604,78.38,1.0,77.93,77.35,35.31
BATT-003,249,341.27,39.45,606,72.89,0.893,77.84,78.76,35.18
BATT-003,250,342.22,40.28,608,66.9,1.0,77.76,77.66,34.91
BATT-003,251,343.14,37.62,611,84.98,0.781,77.66,76.37,32.81
BATT-003,252,341.67,40.83,613,73.79,0.878,77.57,79.59,37.8
BATT-003,253,341.74,38.38,615,73.41,1.0,77.48,79.38,34.88
BATT-003,254,341.91,38.43,618,71.47,0.863,77.39,78.39,34.62
BATT-003,255,342.51,38.1,620,80.98,1.0,77.3,77.35,34.03
BATT-003,256,341.64,40.84,623,70.75,1.0,77.21,78.16,35.47
BATT-003,257,341.56,43.57,625,64.63,0.928,77.12,77.08,38.4
BATT-003,258,340.88,44.89,627,69.82,0.89,77.03,80.0,38.88
BATT-003,259,341.47,38.93,630,81.86,0.93,76.94,77.62,33.22
BATT-003,260,342.84,41.19,632,78.89,0.891,76.85,79.67,35.17
BATT-003,261,341.94,39.69,635,72.37,0.96,76.76,78.7,34.13
BATT-003,262,341.24,42.31,637,82.14,0.976,76.67,78.28,37.15
BATT-003,263,342.79,42.13,639,78.38,0.943,76.58,80.11,36.08
BATT-003,264,341.3,40.56,642,72.3,1.0,76.49,79.69,34.68
BATT-003,265,342.88,41.06,644,72.9,0.91,76.4,81.03,35.74
BATT-003,266,342.83,41.12,647,75.87,1.0,76.31,79.08,34.9
BATT-003,267,341.72,40.63,649,68.91,0.885,76.23,79.75,38.03
BATT-003,268,340.45,41.08,651,73.92,0.974,76.14,78.28,36.42
BATT-003,269,343.45,41.24,654,75.75,1.0,76.05,78.64,36.59
BATT-003,270,341.89,37.69,656,63.77,1.0,75.95,82.8,31.58
BATT-003,271,341.29,42.0,658,72.76,0.934,75.87,83.23,35.48
BATT-003,272,342.29,42.2,660,72.08,1.0,75.78,81.4,38.7
BATT-003,273,342.05,43.93,662,80.07,1.0,75.69,80.64,37.56
BATT-003,274,342.51,36.58,665,62.83,0.925,75.6,81.34,32.8
BATT-003,275,340.9,38.91,667,71.61,1.0,75.51,82.66,35.1
BATT-003,276,341.65,38.49,670,71.01,1.0,75.42,81.44,33.77
BATT-003,277,340.42,42.78,672,79.66,1.0,75.33,82.35,38.14
BATT-003,278,341.87,39.34,675,73.64,1.0,75.24,82.27,35.94
BATT-003,279,341.28,40.03,677,84.67,1.0,75.15,81.88,34.43
BATT-003,280,341.49,41.27,680,77.87,0.851,75.05,82.09,35.64
BATT-003,281,341.12,37.69,682,71.44,1.0,74.97,83.07,31.68
BATT-003,282,341.01,38.49,685,75.33,0.887,74.88,81.96,33.97
BATT-003,283,340.48,40.58,687,71.77,0.921,74.79,83.54,35.66
BATT-003,284,341.78,41.81,690,79.05,1.0,74.7,82.78,36.89
BATT-003,285,342.31,39.36,692,65.9,0.948,74.62,83.53,32.72
BATT-003,286,340.64,37.19,695,68.95,0.909,74.53,84.95,35.07
BATT-003,287,341.5,41.17,697,76.63,1.0,74.44,83.55,37.17
BATT-003,288,341.37,38.46,700,81.25,0.892,74.35,84.8,33.5
BATT-003,289,341.0,39.9,702,60.68,0.932,74.27,82.24,36.03
BATT-003,290,339.74,40.5,704,82.14,1.0,74.18,83.72,35.81
BATT-003,291,339.89,43.12,707,73.06,0.971,74.09,84.37,38.3
BATT-003,292,340.28,39.7,709,62.59,0.843,74.01,86.42,35.4
BATT-003,293,339.16,40.53,712,55.89,1.0,73.92,82.7,35.51
BATT-003,294,341.97,42.65,714,64.72,0.936,73.83,84.73,37.07
BATT-003,295,341.1,38.54,716,73.78,1.0,73.74,86.45,33.82
BATT-003,296,340.75,40.0,719,73.5,0.919,73.64,84.37,35.5
BATT-003,297,338.99,39.96,721,77.7,1.0,73.55,85.1,35.18
BATT-003,298,339.25,40.62,724,70.6,1.0,73.46,85.82,35.68
BATT-003,299,340.68,40.4,726,67.25,0.9,73.38,85.82,37.19
BATT-003,300,342.23,42.19,728,71.42,0.952,73.29,87.37,36.77
BATT-003,301,340.06,39.35,730,74.1,0.999,73.2,86.41,34.85
BATT-003,302,341.28,42.42,733,75.28,0.899,73.11,87.44,36.21
BATT-003,303,340.17,43.81,735,69.16,0.99,73.02,85.92,38.27
BATT-003,304,340.57,40.94,738,79.31,0.95,72.93,85.7,34.82
BATT-003,305,341.46,40.26,740,70.17,0.948,72.84,86.38,36.32
BATT-003,306,340.18,40.43,743,68.68,0.972,72.75,85.61,35.85
BATT-003,307,339.88,39.79,745,70.64,0.974,72.66,87.41,36.08
BATT-003,308,341.53,38.01,748,80.35,0.981,72.57,86.71,33.76
BATT-003,309,340.4,44.57,750,73.1,0.92,72.47,86.59,38.36
BATT-003,310,341.21,41.56,752,69.73,0.923,72.38,87.92,35.12
BATT-003,311,339.75,41.67,755,79.45,0.958,72.29,86.44,37.86
BATT-003,312,341.4,39.93,757,86.75,0.964,72.2,88.52,35.43
BATT-003,313,340.46,40.35,759,75.15,0.933,72.12,87.43,35.47
BATT-003,314,340.56,43.81,761,81.3,0.994,72.03,89.23,38.27
BATT-003,315,340.28,41.18,764,80.11,0.823,71.94,87.83,37.98
BATT-003,316,339.74,40.2,766,70.26,0.909,71.85,89.02,36.85
BATT-003,317,340.11,43.17,769,74.06,0.946,71.75,88.73,37.72
BATT-003,318,339.73,39.2,771,66.2,0.899,71.67,89.45,36.2
BATT-003,319,340.82,41.17,774,72.67,1.0,71.58,88.98,36.66
BATT-003,320,339.86,40.85,777,70.14,0.969,71.49,87.37,35.73
BATT-003,321,338.79,43.5,779,71.48,0.982,71.4,90.19,38.13
BATT-003,322,338.62,40.59,782,69.4,0.929,71.32,89.25,35.78
BATT-003,323,338.55,43.69,785,72.17,0.967,71.23,90.29,39.1
BATT-003,324,340.4,42.25,788,77.09,0.871,71.15,90.34,36.45
BATT-003,325,338.95,42.25,790,73.18,0.954,71.06,89.03,37.01
BATT-003,326,340.08,42.47,793,62.71,0.893,70.97,89.05,38.17
BATT-003,327,339.92,42.11,795,69.42,0.946,70.88,90.79,37.12
BATT-003,328,339.72,42.03,798,64.78,0.763,70.79,89.99,36.69
BATT-003,329,340.09,43.82,800,75.36,0.878,70.7,91.4,37.15
BATT-003,330,339.84,44.33,803,76.92,1.0,70.61,90.44,38.59
BATT-003,331,337.51,42.48,805,75.44,1.0,70.51,91.81,36.31
BATT-003,332,339.39,41.51,807,69.17,1.0,70.43,91.37,37.17
BATT-003,333,339.96,41.86,809,75.38,1.0,70.34,91.39,37.43
BATT-003,334,340.9,43.49,812,71.08,1.0,70.25,90.89,38.77
BATT-003,335,340.9,42.2,814,67.07,0.932,70.16,91.66,37.39
BATT-003,336,338.43,44.25,817,78.35,0.885,70.06,92.79,40.31
BATT-003,337,339.21,43.64,820,78.8,1.0,69.97,91.71,37.42
BATT-003,338,338.21,43.2,822,79.59,0.973,69.88,92.46,37.36
BATT-003,339,340.64,42.17,825,70.25,1.0,69.79,92.13,37.52
BATT-003,340,340.21,41.46,827,80.97,0.939,69.7,92.38,35.86
BATT-003,341,339.64,41.52,830,70.94,1.0,69.61,94.14,36.35
BATT-003,342,339.46,42.84,833,77.82,0.955,69.52,93.78,37.17
BATT-003,343,340.41,43.34,835,70.83,1.0,69.43,92.82,39.73
BATT-003,344,340.24,42.85,838,72.55,1.0,69.34,93.11,38.04
BATT-003,345,340.17,42.32,840,59.37,0.886,69.26,92.35,37.43
BATT-003,346,339.57,45.64,843,72.09,0.929,69.17,93.04,40.06
BATT-003,347,338.9,44.94,845,74.44,0.885,69.07,93.69,40.61
BATT-003,348,339.76,42.69,847,71.44,0.87,68.98,94.4,40.23
BATT-003,349,339.76,41.01,850,84.43,1.0,68.89,94.47,37.14
BATT-003,350,338.93,42.63,852,66.92,0.952,68.8,92.76,37.74
BATT-003,351,338.77,46.29,855,70.52,0.972,68.71,95.01,41.27
BATT-003,352,339.92,45.61,857,68.47,1.0,68.62,94.11,38.98
BATT-003,353,340.32,43.82,860,70.51,0.819,68.53,93.37,38.28
BATT-003,354,338.35,44.86,862,80.09,1.0,68.44,95.86,39.83
BATT-003,355,338.71,45.25,865,82.76,0.94,68.35,96.15,40.33
BATT-003,356,339.17,44.09,867,69.69,1.0,68.26,95.12,38.03
BATT-003,357,339.24,43.65,869,69.56,1.0,68.16,95.74,39.28
BATT-003,358,338.41,45.22,872,66.95,1.0,68.07,95.95,40.41
BATT-003,359,340.3,41.21,874,81.73,0.96,67.99,96.74,37.35
BATT-003,360,339.1,45.55,877,80.62,0.798,67.89,96.24,39.18
BATT-003,361,339.16,42.9,879,73.26,0.972,67.81,94.34,37.55
BATT-003,362,340.11,42.07,881,65.52,0.984,67.72,97.83,37.82
BATT-003,363,338.31,43.36,883,66.06,0.885,67.63,97.04,38.52
BATT-003,364,338.57,45.61,886,74.92,0.98,67.54,95.64,40.15
BATT-003,365,337.6,43.72,888,77.19,0.939,67.45,95.28,39.02
BATT-004,1,350.85,39.8,2,51.21,0.547,99.95,33.54,34.16
BATT-004,2,349.67,35.55,4,75.0,0.546,99.89,34.8,32.26
BATT-004,3,348.18,38.86,7,66.68,0.433,99.83,35.01,35.68
BATT-004,4,349.42,39.89,9,63.53,0.38,99.77,35.68,35.26
BATT-004,5,350.63,37.73,12,65.2,0.532,99.71,33.94,34.28
BATT-004,6,349.27,38.41,14,66.24,0.471,99.66,34.32,34.61
BATT-004,7,351.06,40.92,16,76.51,0.658,99.61,36.55,35.98
BATT-004,8,349.16,36.72,18,69.69,0.662,99.56,34.92,33.2
BATT-004,9,350.23,37.38,20,76.43,0.67,99.49,35.22,35.28
BATT-004,10,350.63,38.85,23,71.7,0.436,99.44,35.12,36.09
BATT-004,11,350.14,36.51,25,66.88,0.557,99.38,36.52,32.43
BATT-004,12,348.66,38.41,26,66.39,0.581,99.32,36.67,36.2
BATT-004,13,348.99,36.5,29,72.1,0.572,99.26,36.72,32.73
BATT-004,14,350.66,37.81,31,73.65,0.483,99.2,35.74,35.13
BATT-004,15,349.06,39.34,33,74.71,0.614,99.14,34.96,33.63
BATT-004,16,350.46,43.82,36,67.16,0.511,99.08,37.86,37.59
BATT-004,17,349.31,36.78,37,69.78,0.521,99.02,36.89,33.77
BATT-004,18,349.75,37.42,40,72.24,0.388,98.97,35.69,33.1
BATT-004,19,348.51,38.95,41,66.43,0.563,98.91,37.66,35.84
BATT-004,20,349.11,38.84,43,61.92,0.49,98.85,35.81,35.09
BATT-004,21,348.88,39.39,46,63.89,0.548,98.81,37.84,33.51
BATT-004,22,349.74,40.23,48,67.28,0.53,98.75,38.01,36.62
BATT-004,23,349.62,36.7,50,72.7,0.526,98.69,35.71,32.91
BATT-004,24,349.89,37.54,52,76.28,0.508,98.64,37.31,34.41
BATT-004,25,349.11,40.38,54,60.59,0.574,98.58,37.61,35.16
BATT-004,26,348.74,38.1,56,65.15,0.495,98.52,39.56,37.29
BATT-004,27,349.61,41.72,59,66.58,0.395,98.46,36.31,38.1
BATT-004,28,348.62,41.89,61,73.5,0.557,98.41,38.58,37.87
BATT-004,29,350.29,39.45,64,65.56,0.447,98.35,37.27,36.05
BATT-004,30,349.31,37.63,66,66.15,0.405,98.3,36.1,32.7
BATT-004,31,349.12,42.25,68,60.26,0.429,98.24,37.33,36.98
BATT-004,32,349.73,41.32,71,71.63,0.534,98.18,37.55,38.66
BATT-004,33,349.29,44.53,73,67.76,0.504,98.13,36.58,38.37
BATT-004,34,348.0,39.91,75,64.81,0.341,98.08,38.05,37.27
BATT-004,35,348.46,40.2,77,67.17,0.481,98.02,38.8,34.85
BATT-004,36,350.13,40.12,79,75.49,0.605,97.96,38.19,35.9
BATT-004,37,349.33,43.21,81,62.7,0.475,97.9,37.51,39.65
BATT-004,38,347.9,38.33,84,63.68,0.498,97.85,38.0,34.68
BATT-004,39,349.51,39.17,86,76.24,0.595,97.78,38.26,35.13
BATT-004,40,348.76,42.6,88,69.19,0.575,97.73,38.59,38.32
BATT-004,41,348.48,39.46,90,72.75,0.593,97.67,39.59,36.32
BATT-004,42,348.25,39.08,93,71.14,0.289,97.61,38.85,35.24
BATT-004,43,349.94,42.66,95,68.52,0.65,97.55,37.28,39.36
BATT-004,44,347.55,40.66,97,66.64,0.562,97.5,38.22,37.81
BATT-004,45,348.44,39.85,99,73.72,0.708,97.45,39.05,36.6
BATT-004,46,349.18,38.42,101,75.71,0.449,97.39,40.1,35.5
BATT-004,47,350.33,43.99,104,75.24,0.37,97.34,40.38,40.34
BATT-004,48,349.49,41.78,106,61.62,0.512,97.28,40.96,37.28
BATT-004,49,348.35,43.65,108,76.56,0.489,97.22,39.42,39.46
BATT-004,50,350.23,44.79,110,66.58,0.564,97.16,40.15,38.75
BATT-004,51,347.9,38.53,113,64.2,0.597,97.1,38.05,36.67
BATT-004,52,349.18,41.27,114,67.72,0.504,97.04,40.03,36.73
BATT-004,53,349.33,43.79,117,73.72,0.492,96.98,38.64,39.71
BATT-004,54,348.22,44.66,119,71.97,0.553,96.92,39.76,39.78
BATT-004,55,349.46,39.6,121,67.2,0.491,96.87,42.95,34.81
BATT-004,56,348.47,42.4,124,73.76,0.484,96.81,40.33,38.49
BATT-004,57,349.42,41.77,126,69.57,0.594,96.74,39.28,37.53
BATT-004,58,347.37,39.52,128,65.29,0.612,96.69,40.65,36.2
BATT-004,59,349.09,42.86,131,64.48,0.598,96.64,39.82,38.18
BATT-004,60,348.47,37.99,133,71.19,0.498,96.58,39.47,35.8
BATT-004,61,349.7,42.0,136,68.24,0.34,96.52,42.64,37.16
BATT-004,62,348.73,40.74,138,60.48,0.499,96.46,41.71,36.69
BATT-004,63,349.74,40.76,140,73.81,0.451,96.41,41.09,37.18
BATT-004,64,349.13,41.69,142,65.85,0.501,96.36,40.44,37.85
BATT-004,65,348.6,40.37,145,78.28,0.458,96.3,40.63,36.47
BATT-004,66,349.32,45.75,147,60.31,0.51,96.25,42.58,40.38
BATT-004,67,349.3,46.09,150,67.65,0.428,96.19,41.45,38.79
BATT-004,68,349.02,46.06,152,64.53,0.409,96.13,38.16,40.77
BATT-004,69,346.79,41.37,155,62.88,0.609,96.08,43.76,37.87
BATT-004,70,347.82,42.01,157,65.81,0.434,96.02,41.63,37.31
BATT-004,71,349.69,45.54,159,79.35,0.511,95.96,41.9,40.79
BATT-004,72,347.56,40.46,161,69.59,0.588,95.9,42.75,37.31
BATT-004,73,349.25,40.74,163,63.98,0.584,95.84,42.23,37.94
BATT-004,74,349.09,43.31,165,57.76,0.575,95.79,42.61,39.31
BATT-004,75,347.93,41.27,168,58.4,0.535,95.73,41.54,36.39
BATT-004,76,346.89,41.79,170,65.51,0.569,95.68,40.83,39.33
BATT-004,77,348.01,42.51,172,64.93,0.621,95.62,42.45,39.16
BATT-004,78,350.11,44.85,175,67.39,0.545,95.56,43.7,40.21
BATT-004,79,347.74,43.76,176,55.1,0.364,95.5,41.73,39.65
BATT-004,80,347.77,45.77,178,68.18,0.469,95.44,41.75,40.28
BATT-004,81,347.59,40.84,181,74.9,0.567,95.39,43.8,38.18
BATT-004,82,349.34,43.49,184,78.47,0.461,95.33,42.22,37.07
BATT-004,83,348.15,44.07,186,57.36,0.641,95.28,42.37,41.54
BATT-004,84,347.83,38.13,188,63.92,0.506,95.22,42.51,36.09
BATT-004,85,349.44,40.26,191,63.61,0.518,95.17,42.91,36.25
BATT-004,86,348.75,42.18,193,69.61,0.601,95.11,41.5,39.25
BATT-004,87,347.54,44.87,195,61.41,0.497,95.06,42.63,40.84
BATT-004,88,347.27,42.69,197,78.82,0.525,95.01,43.49,38.7
BATT-004,89,349.16,43.79,200,68.99,0.583,94.96,43.57,39.91
BATT-004,90,348.23,38.65,202,67.99,0.393,94.91,44.61,35.42
BATT-004,91,346.96,42.17,204,78.29,0.488,94.84,45.41,37.67
BATT-004,92,346.75,39.36,206,68.63,0.578,94.78,45.19,35.61
BATT-004,93,347.26,44.76,208,71.13,0.516,94.72,44.69,39.59
BATT-004,94,347.14,39.99,210,64.23,0.629,94.67,43.73,36.1
BATT-004,95,346.48,39.6,212,60.51,0.385,94.62,43.35,36.5
BATT-004,96,347.22,41.56,215,65.07,0.376,94.56,44.08,39.18
BATT-004,97,347.34,43.9,217,81.85,0.573,94.51,44.75,40.0
BATT-004,98,347.69,40.96,219,72.53,0.581,94.45,45.09,38.16
BATT-004,99,349.39,41.97,221,70.38,0.496,94.4,44.99,39.25
BATT-004,100,347.81,43.79,223,62.87,0.543,94.34,44.35,39.19
BATT-004,101,347.86,40.34,225,74.2,0.571,94.28,45.36,38.05
BATT-004,102,348.39,42.2,228,60.58,0.446,94.22,45.94,36.72
BATT-004,103,347.77,43.43,230,59.33,0.455,94.17,45.66,39.2
BATT-004,104,348.26,43.28,233,65.38,0.526,94.12,44.84,39.26
BATT-004,105,348.15,42.7,235,80.46,0.584,94.06,44.14,39.67
BATT-004,106,348.0,43.61,238,80.12,0.418,94.01,44.21,38.78
BATT-004,107,350.1,40.61,240,66.02,0.495,93.95,44.49,36.54
BATT-004,108,348.59,42.69,242,64.69,0.492,93.89,45.53,39.31
BATT-004,109,346.98,42.52,244,58.89,0.545,93.84,45.88,38.25
BATT-004,110,348.12,39.9,246,69.2,0.511,93.79,44.05,37.51
BATT-004,111,347.17,40.21,249,69.7,0.468,93.73,45.05,37.77
BATT-004,112,348.14,40.11,251,73.47,0.611,93.67,45.91,37.16
BATT-004,113,346.67,43.92,253,74.2,0.468,93.62,44.87,39.5
BATT-004,114,346.86,40.08,256,67.55,0.488,93.56,46.31,36.02
BATT-004,115,348.0,41.75,258,72.07,0.384,93.5,45.68,36.63
BATT-004,116,348.5,40.75,260,64.53,0.454,93.44,45.36,37.6
BATT-004,117,348.09,45.13,262,71.95,0.553,93.39,46.24,40.48
BATT-004,118,348.35,43.57,264,65.69,0.537,93.33,46.68,39.62
BATT-004,119,347.94,38.67,266,71.49,0.559,93.27,45.55,35.54
BATT-004,120,347.76,44.45,269,71.0,0.555,93.21,46.26,40.0
BATT-004,121,347.2,43.97,271,69.14,0.678,93.16,47.06,39.97
BATT-004,122,348.24,39.59,273,73.5,0.451,93.1,45.94,36.15
BATT-004,123,348.39,38.2,275,59.31,0.382,93.05,45.14,34.09
BATT-004,124,347.5,41.67,277,62.34,0.427,92.99,45.36,37.73
BATT-004,125,347.43,43.4,280,67.11,0.455,92.93,46.59,39.49
BATT-004,126,348.78,43.81,282,60.07,0.433,92.87,45.79,40.15
BATT-004,127,347.47,39.18,285,66.29,0.519,92.82,46.87,36.42
BATT-004,128,347.53,44.46,287,66.48,0.611,92.76,48.98,40.32
BATT-004,129,347.83,37.57,289,76.59,0.634,92.7,46.05,34.31
BATT-004,130,347.34,40.1,292,69.59,0.552,92.64,47.25,37.05
BATT-004,131,346.75,40.77,294,74.91,0.683,92.58,49.77,36.94
BATT-004,132,347.68,44.05,296,70.54,0.483,92.52,48.15,39.25
BATT-004,133,347.33,43.68,298,65.52,0.381,92.46,47.48,39.42
BATT-004,134,348.82,42.4,300,69.53,0.595,92.41,47.79,38.86
BATT-004,135,347.95,38.86,303,73.11,0.364,92.35,48.48,35.36
BATT-004,136,346.83,43.34,305,75.89,0.451,92.29,49.85,38.63
BATT-004,137,347.87,39.73,307,67.94,0.553,92.24,47.72,38.06
BATT-004,138,347.51,39.6,309,58.85,0.503,92.18,47.59,34.74
BATT-004,139,348.29,36.29,311,58.42,0.496,92.13,47.07,34.09
BATT-004,140,346.8,41.35,313,66.77,0.417,92.07,48.66,38.7
BATT-004,141,347.36,40.38,315,54.7,0.51,92.02,47.24,36.82
BATT-004,142,347.11,41.35,318,79.5,0.592,91.96,48.3,35.11
BATT-004,143,347.21,42.42,320,72.31,0.513,91.91,47.94,36.68
BATT-004,144,346.44,42.26,322,64.92,0.445,91.85,50.02,37.48
BATT-004,145,347.59,41.18,325,62.07,0.411,91.79,48.55,36.76
BATT-004,146,347.44,36.71,328,74.9,0.446,91.73,49.56,34.5
BATT-004,147,348.12,43.83,330,62.05,0.543,91.68,47.66,39.6
BATT-004,148,347.06,41.74,332,62.62,0.539,91.62,49.5,38.22
BATT-004,149,346.72,39.41,334,64.14,0.447,91.57,48.25,36.16
BATT-004,150,347.66,40.38,336,69.42,0.334,91.51,49.14,36.16
BATT-004,151,346.37,40.68,339,72.46,0.545,91.45,51.88,37.08
BATT-004,152,347.85,39.73,341,75.89,0.439,91.39,50.71,34.79
BATT-004,153,347.83,39.04,343,75.0,0.566,91.34,49.75,36.91
BATT-004,154,347.95,38.51,346,68.74,0.451,91.28,53.18,34.37
BATT-004,155,347.23,39.39,348,74.85,0.432,91.23,49.16,36.2
BATT-004,156,346.52,38.15,350,64.71,0.523,91.17,51.34,34.49
BATT-004,157,346.98,38.88,353,57.81,0.7,91.11,48.74,34.51
BATT-004,158,347.17,41.54,355,64.7,0.571,91.06,50.13,38.59
BATT-004,159,346.4,40.38,357,63.89,0.522,91.0,49.13,36.15
BATT-004,160,347.9,40.16,359,64.94,0.54,90.95,50.83,36.31
BATT-004,161,347.28,36.32,361,62.97,0.371,90.89,50.73,32.92
BATT-004,162,346.08,38.57,364,65.96,0.421,90.84,50.46,34.97
BATT-004,163,348.28,40.41,366,72.45,0.31,90.79,51.96,36.5
BATT-004,164,346.83,39.33,368,79.02,0.65,90.73,50.4,36.03
BATT-004,165,345.86,36.52,370,58.38,0.633,90.67,51.39,32.44
BATT-004,166,346.05,39.71,372,61.0,0.543,90.62,51.98,35.92
BATT-004,167,347.89,39.55,374,63.98,0.522,90.56,49.78,36.09
BATT-004,168,348.14,43.06,377,73.33,0.387,90.51,50.62,37.4
BATT-004,169,347.47,38.91,379,67.5,0.494,90.45,51.52,34.43
BATT-004,170,347.69,35.66,381,64.39,0.655,90.4,52.2,31.98
BATT-004,171,347.59,37.99,383,73.03,0.522,90.33,53.11,33.78
BATT-004,172,347.04,36.6,385,74.47,0.466,90.27,51.58,33.56
BATT-004,173,346.84,39.88,388,68.62,0.371,90.21,51.58,36.25
BATT-004,174,346.99,34.75,390,63.83,0.622,90.16,51.12,31.0
BATT-004,175,347.13,37.15,392,70.35,0.506,90.11,52.42,34.33
BATT-004,176,345.92,41.53,394,67.33,0.371,90.05,51.9,37.08
BATT-004,177,347.08,38.44,396,67.28,0.437,89.99,52.02,34.88
BATT-004,178,347.64,39.86,398,65.66,0.409,89.93,52.31,36.14
BATT-004,179,346.29,35.77,400,74.28,0.501,89.87,53.07,32.27
BATT-004,180,346.18,39.29,403,70.23,0.528,89.81,52.05,32.26
BATT-004,181,346.8,40.15,405,74.95,0.471,89.75,51.95,36.75
BATT-004,182,345.87,36.68,407,76.75,0.573,89.69,53.26,34.68
BATT-004,183,345.32,37.08,409,71.48,0.518,89.64,49.91,34.61
BATT-004,184,347.27,37.54,412,65.69,0.596,89.58,52.44,32.71
BATT-004,185,345.97,39.87,414,74.97,0.483,89.52,51.99,34.47
BATT-004,186,346.33,35.92,416,71.53,0.755,89.46,54.45,32.53
BATT-004,187,345.8,41.31,418,84.35,0.466,89.4,52.91,35.96
BATT-004,188,347.29,43.01,420,70.59,0.439,89.35,52.89,38.2
BATT-004,189,346.94,38.65,423,72.92,0.429,89.3,53.5,34.77
BATT-004,190,346.04,36.83,425,70.47,0.494,89.24,53.05,33.02
BATT-004,191,345.27,34.35,427,68.14,0.374,89.19,53.34,30.11
BATT-004,192,345.92,36.26,429,67.18,0.535,89.14,53.93,31.31
BATT-004,193,346.63,40.57,432,70.5,0.359,89.08,53.52,36.1
BATT-004,194,346.31,35.55,434,71.86,0.524,89.02,53.61,32.16
BATT-004,195,346.22,36.97,436,75.66,0.403,88.96,53.14,33.08
BATT-004,196,346.29,40.6,439,70.58,0.481,88.91,53.1,34.55
BATT-004,197,346.7,40.04,441,65.95,0.56,88.85,54.41,35.72
BATT-004,198,346.05,38.07,443,66.77,0.696,88.8,54.76,33.13
BATT-004,199,346.42,37.37,445,60.79,0.425,88.74,53.12,32.76
BATT-004,200,345.25,37.75,447,78.7,0.499,88.68,55.42,33.41
BATT-004,201,348.06,36.47,449,65.48,0.453,88.62,55.52,32.29
BATT-004,202,345.77,37.27,451,74.54,0.442,88.57,55.83,32.31
BATT-004,203,346.14,38.51,454,70.39,0.454,88.52,55.25,33.72
BATT-004,204,346.42,37.65,456,70.55,0.577,88.46,55.69,33.32
BATT-004,205,345.61,39.55,458,68.03,0.472,88.4,57.34,36.17
BATT-004,206,345.93,38.02,461,64.0,0.691,88.35,54.95,33.57
BATT-004,207,345.9,38.57,463,62.92,0.545,88.29,54.32,34.57
BATT-004,208,345.15,34.94,465,79.1,0.43,88.23,53.94,31.18
BATT-004,209,346.21,40.26,467,69.41,0.482,88.16,57.34,33.51
BATT-004,210,344.52,34.1,470,75.48,0.447,88.11,57.46,31.57
BATT-004,211,347.22,38.22,473,77.04,0.575,88.05,54.87,33.19
BATT-004,212,346.43,36.78,475,66.27,0.38,88.0,55.16,33.57
BATT-004,213,346.29,36.75,477,71.27,0.404,87.94,55.67,32.55
BATT-004,214,344.37,42.66,479,69.0,0.464,87.88,57.32,36.03
BATT-004,215,345.1,37.6,481,61.79,0.566,87.82,54.92,34.5
BATT-004,216,346.83,37.41,483,67.62,0.61,87.77,54.33,34.06
BATT-004,217,349.02,37.44,486,72.26,0.622,87.71,58.57,33.39
BATT-004,218,346.63,38.05,488,65.74,0.554,87.65,56.82,34.83
BATT-004,219,346.49,34.92,490,66.78,0.505,87.6,57.06,29.97
BATT-004,220,346.06,37.66,492,67.69,0.575,87.54,56.5,34.13
BATT-004,221,344.94,35.25,494,81.4,0.42,87.48,57.29,30.53
BATT-004,222,346.39,33.85,496,57.73,0.364,87.42,55.42,31.11
BATT-004,223,344.7,35.01,498,71.74,0.546,87.36,56.19,32.75
BATT-004,224,344.59,37.54,501,67.21,0.431,87.3,57.24,33.7
BATT-004,225,344.52,32.57,503,64.89,0.506,87.26,54.95,30.07
BATT-004,226,346.3,36.57,505,67.06,0.521,87.2,57.02,30.98
BATT-004,227,345.46,34.38,507,72.74,0.531,87.15,57.05,31.84
BATT-004,228,345.56,34.4,510,73.08,0.586,87.09,57.21,31.37
BATT-004,229,345.45,37.36,512,69.85,0.578,87.04,57.06,32.88
BATT-004,230,344.54,40.19,514,75.29,0.527,86.98,56.72,36.7
BATT-004,231,344.89,34.68,516,76.34,0.476,86.92,56.0,32.13
BATT-004,232,344.91,36.46,518,73.63,0.52,86.87,58.06,30.35
BATT-004,233,344.26,32.53,520,65.45,0.464,86.81,57.72,29.47
BATT-004,234,344.96,34.75,522,71.7,0.496,86.76,56.74,30.88
BATT-004,235,344.48,33.77,524,71.73,0.721,86.69,58.29,29.91
BATT-004,236,345.79,36.76,526,63.84,0.526,86.64,58.04,31.98
BATT-004,237,345.83,36.45,529,59.31,0.547,86.59,57.97,31.91
BATT-004,238,344.25,33.74,531,56.59,0.455,86.53,56.37,30.5
BATT-004,239,345.03,37.88,534,69.15,0.593,86.47,59.32,34.13
BATT-004,240,346.73,33.85,536,70.52,0.572,86.41,57.51,30.01
BATT-004,241,344.44,35.72,538,61.64,0.573,86.36,58.9,30.9
BATT-004,242,345.55,34.9,541,75.01,0.528,86.3,58.13,32.0
BATT-004,243,345.27,38.43,543,69.64,0.594,86.25,58.65,32.34
BATT-004,244,346.04,36.19,545,76.83,0.613,86.19,60.29,32.89
BATT-004,245,345.38,35.64,547,70.95,0.534,86.14,59.77,31.58
BATT-004,246,344.78,35.39,549,62.33,0.502,86.08,60.46,32.48
BATT-004,247,345.16,32.64,551,71.48,0.583,86.02,59.77,29.87
BATT-004,248,345.15,35.41,553,72.75,0.439,85.97,59.94,32.22
BATT-004,249,344.99,35.26,556,65.45,0.454,85.91,57.86,32.17
BATT-004,250,343.99,36.7,558,60.08,0.507,85.85,59.43,33.05
BATT-004,251,346.02,31.34,560,69.33,0.372,85.79,59.63,28.25
BATT-004,252,345.86,34.13,562,62.73,0.577,85.73,61.18,29.36
BATT-004,253,344.15,35.22,564,75.46,0.434,85.67,59.56,31.93
BATT-004,254,344.73,29.87,566,66.29,0.474,85.62,60.43,26.7
BATT-004,255,344.77,35.06,569,79.08,0.494,85.56,60.5,31.39
BATT-004,256,344.0,37.28,570,55.99,0.514,85.51,61.53,32.22
BATT-004,257,343.41,34.03,573,69.54,0.484,85.45,60.33,29.74
BATT-004,258,344.35,33.91,575,77.31,0.506,85.39,61.4,29.94
BATT-004,259,344.58,31.59,577,63.39,0.506,85.34,58.97,28.96
BATT-004,260,343.7,32.69,579,67.78,0.475,85.28,59.16,29.77
BATT-004,261,344.97,32.58,581,66.31,0.449,85.22,58.59,29.79
BATT-004,262,345.74,34.87,583,64.63,0.598,85.17,61.77,29.49
BATT-004,263,345.46,34.0,585,70.2,0.343,85.11,61.75,29.4
BATT-004,264,344.67,33.29,587,60.96,0.495,85.05,62.08,30.08
BATT-004,265,343.28,33.56,589,68.07,0.474,85.0,60.61,30.05
BATT-004,266,345.3,36.52,591,71.83,0.545,84.94,60.83,33.28
BATT-004,267,344.83,33.05,594,67.44,0.395,84.89,61.36,29.87
BATT-004,268,345.03,35.49,596,62.73,0.471,84.83,63.02,30.96
BATT-004,269,346.22,33.36,598,74.91,0.503,84.77,63.38,29.58
BATT-004,270,343.99,35.7,601,73.11,0.597,84.71,62.59,29.55
BATT-004,271,342.33,33.19,603,62.48,0.538,84.65,62.23,27.87
BATT-004,272,343.77,33.45,605,60.97,0.417,84.6,63.34,28.07
BATT-004,273,344.98,33.35,607,63.02,0.472,84.54,61.85,28.61
BATT-004,274,344.59,34.34,609,72.0,0.582,84.49,61.81,30.7
BATT-004,275,343.58,36.7,611,70.38,0.415,84.43,62.19,32.04
BATT-004,276,343.39,31.46,613,73.47,0.505,84.37,61.44,27.74
BATT-004,277,344.23,35.3,615,66.77,0.511,84.31,62.35,29.6
BATT-004,278,343.49,32.85,618,63.18,0.48,84.25,61.51,28.38
BATT-004,279,344.88,34.37,620,74.24,0.727,84.19,63.76,30.04
BATT-004,280,344.12,36.25,622,65.41,0.478,84.14,63.37,32.05
BATT-004,281,343.93,35.58,624,69.85,0.547,84.09,64.36,29.77
BATT-004,282,343.8,33.02,626,59.43,0.45,84.02,61.41,30.38
BATT-004,283,344.6,38.55,629,65.31,0.553,83.97,65.04,32.64
BATT-004,284,344.4,35.04,631,74.79,0.581,83.91,61.67,31.16
BATT-004,285,344.51,32.01,633,64.43,0.464,83.85,62.15,29.34
BATT-004,286,344.47,34.05,635,73.62,0.507,83.8,62.83,30.73
BATT-004,287,344.25,31.69,637,54.74,0.44,83.74,64.86,29.27
BATT-004,288,343.46,35.88,639,65.37,0.42,83.68,63.88,31.16
BATT-004,289,343.68,34.34,641,67.7,0.594,83.62,63.51,31.31
BATT-004,290,343.93,32.74,644,79.19,0.467,83.57,63.07,28.51
BATT-004,291,345.88,36.04,646,61.72,0.318,83.52,62.58,30.84
BATT-004,292,343.13,33.82,648,72.76,0.652,83.46,65.19,30.42
BATT-004,293,343.86,35.23,650,75.07,0.447,83.41,64.95,31.43
BATT-004,294,344.25,34.65,652,64.4,0.492,83.35,65.6,31.89
BATT-004,295,343.91,35.06,654,66.49,0.643,83.3,64.75,31.38
BATT-004,296,344.99,36.87,657,69.58,0.5,83.24,61.81,30.23
BATT-004,297,343.86,36.96,659,59.84,0.498,83.18,63.32,32.11
BATT-004,298,343.91,33.23,661,66.0,0.413,83.13,65.12,29.43
BATT-004,299,344.72,32.24,664,76.39,0.38,83.06,64.4,28.78
BATT-004,300,345.5,30.03,666,71.87,0.498,83.0,64.31,26.0
BATT-004,301,345.16,34.92,668,67.79,0.54,82.95,63.87,30.72
BATT-004,302,343.9,33.27,670,69.41,0.536,82.89,66.02,29.62
BATT-004,303,343.95,36.08,672,72.22,0.473,82.83,65.64,31.48
BATT-004,304,344.01,31.08,674,73.37,0.513,82.78,65.79,27.96
BATT-004,305,344.07,33.09,677,65.39,0.364,82.72,64.75,29.98
BATT-004,306,343.26,36.13,679,77.94,0.548,82.67,65.66,31.69
BATT-004,307,344.66,32.38,681,76.63,0.524,82.61,64.25,29.48
BATT-004,308,344.06,36.47,683,72.79,0.669,82.55,65.56,31.67
BATT-004,309,343.84,34.32,685,63.67,0.512,82.49,63.26,30.26
BATT-004,310,342.84,33.33,688,62.61,0.436,82.43,64.33,31.09
BATT-004,311,343.88,36.25,690,66.77,0.507,82.37,65.68,32.07
BATT-004,312,342.3,35.03,692,69.1,0.485,82.32,68.48,32.65
BATT-004,313,343.33,36.16,694,58.12,0.546,82.26,64.41,31.4
BATT-004,314,343.32,33.9,696,71.7,0.513,82.2,65.07,30.08
BATT-004,315,343.98,36.58,698,76.46,0.41,82.14,66.64,30.66
BATT-004,316,345.23,37.48,701,72.19,0.38,82.09,68.3,32.34
BATT-004,317,344.17,32.91,703,64.67,0.532,82.03,66.83,29.9
BATT-004,318,344.85,33.26,705,63.96,0.622,81.98,67.42,31.21
BATT-004,319,344.19,34.26,707,70.53,0.518,81.93,66.48,30.95
BATT-004,320,344.56,34.27,709,67.81,0.576,81.87,66.4,31.42
BATT-004,321,345.12,36.0,712,71.39,0.592,81.81,67.1,30.11
BATT-004,322,343.03,32.95,714,72.34,0.533,81.75,66.48,28.9
BATT-004,323,342.95,37.51,716,75.28,0.446,81.69,67.97,32.5
BATT-004,324,344.11,37.0,718,61.94,0.527,81.63,65.74,33.22
BATT-004,325,343.55,33.03,720,70.06,0.608,81.58,68.33,29.14
BATT-004,326,343.71,36.47,722,66.55,0.554,81.52,67.58,32.43
BATT-004,327,343.31,38.73,725,68.14,0.571,81.46,67.43,33.56
BATT-004,328,343.02,37.26,727,73.92,0.474,81.41,66.11,32.88
BATT-004,329,344.77,34.43,729,74.57,0.495,81.36,66.86,31.42
BATT-004,330,342.57,36.37,731,77.12,0.502,81.29,69.15,30.68
BATT-004,331,343.98,36.05,733,71.28,0.507,81.23,67.85,32.28
BATT-004,332,343.83,36.2,735,68.07,0.605,81.17,68.45,32.58
BATT-004,333,342.13,33.65,738,67.21,0.323,81.11,67.4,32.41
BATT-004,334,342.7,36.76,740,58.32,0.514,81.05,68.36,32.06
BATT-004,335,342.82,34.93,742,76.77,0.505,80.99,67.12,30.76
BATT-004,336,343.78,37.25,744,66.8,0.402,80.94,68.68,33.08
BATT-004,337,343.02,36.88,747,71.77,0.565,80.89,69.06,33.21
BATT-004,338,343.22,36.36,748,72.81,0.453,80.83,69.11,32.87
BATT-004,339,342.1,36.49,751,61.26,0.483,80.77,67.99,32.79
BATT-004,340,345.11,39.74,753,63.19,0.659,80.72,68.65,35.21
BATT-004,341,343.29,36.52,755,78.01,0.592,80.66,69.63,31.82
BATT-004,342,343.61,38.57,757,70.47,0.557,80.61,68.98,34.74
BATT-004,343,342.76,36.79,759,65.25,0.542,80.55,69.01,31.78
BATT-004,344,342.65,38.6,762,67.97,0.498,80.48,71.31,34.61
BATT-004,345,344.68,38.42,764,75.25,0.671,80.43,68.56,34.86
BATT-004,346,341.6,36.9,766,74.34,0.575,80.37,70.7,32.63
BATT-004,347,343.33,38.34,768,59.93,0.451,80.31,68.56,35.63
BATT-004,348,342.12,38.21,771,78.54,0.399,80.25,70.48,33.91
BATT-004,349,342.74,34.48,773,74.53,0.557,80.19,70.65,31.95
BATT-004,350,342.54,35.81,775,67.82,0.507,80.14,69.52,32.77
BATT-004,351,342.24,37.15,778,61.58,0.397,80.08,68.92,35.1
BATT-004,352,343.04,38.74,780,75.06,0.546,80.02,68.27,34.85
BATT-004,353,340.93,37.62,782,71.59,0.49,79.96,69.73,31.95
BATT-004,354,342.71,37.34,784,59.98,0.554,79.9,70.98,33.39
BATT-004,355,342.87,38.69,787,67.34,0.547,79.84,69.49,33.97
BATT-004,356,341.84,39.4,789,87.49,0.463,79.78,70.77,32.97
BATT-004,357,344.11,41.81,791,68.83,0.562,79.72,69.3,37.34
BATT-004,358,342.41,37.53,793,64.28,0.471,79.67,70.65,34.22
BATT-004,359,342.67,37.29,795,62.68,0.477,79.61,69.83,33.85
BATT-004,360,342.37,39.86,798,79.36,0.469,79.55,71.01,35.8
BATT-004,361,342.76,36.96,800,73.82,0.602,79.49,70.69,33.53
BATT-004,362,343.85,39.17,802,77.18,0.489,79.43,70.11,35.66
BATT-004,363,344.76,36.77,804,70.22,0.621,79.38,70.74,31.71
BATT-004,364,343.36,38.7,806,76.26,0.654,79.32,70.56,33.6
BATT-004,365,343.61,38.35,808,63.64,0.452,79.27,70.28,35.93
BATT-005,1,350.95,41.06,2,67.18,0.702,99.94,34.71,37.69
BATT-005,2,350.07,38.79,4,57.89,0.592,99.88,33.78,35.56
BATT-005,3,349.3,41.36,6,54.37,0.643,99.81,35.58,37.61
BATT-005,4,349.49,38.52,8,58.2,0.604,99.75,35.96,36.51
BATT-005,5,348.56,38.82,10,61.35,0.647,99.69,36.3,35.61
BATT-005,6,349.76,40.57,13,61.58,0.601,99.62,36.09,35.99
BATT-005,7,350.09,38.07,15,62.88,0.629,99.56,35.42,32.8
BATT-005,8,349.11,40.52,17,69.85,0.553,99.49,37.21,36.04
BATT-005,9,351.35,35.37,18,71.15,0.686,99.43,36.66,33.35
BATT-005,10,350.41,36.95,20,75.69,0.661,99.37,37.26,33.3
BATT-005,11,348.33,38.81,23,53.91,0.518,99.31,37.43,36.09
BATT-005,12,348.32,37.68,24,58.52,0.726,99.25,35.96,34.2
BATT-005,13,348.93,38.35,27,67.85,0.633,99.19,36.59,35.93
BATT-005,14,350.95,37.7,28,60.93,0.66,99.13,37.08,36.21
BATT-005,15,350.39,39.2,30,68.82,0.708,99.07,35.28,36.35
BATT-005,16,350.95,38.7,33,64.9,0.673,99.01,35.41,34.78
BATT-005,17,349.64,41.04,34,73.13,0.74,98.94,35.35,37.55
BATT-005,18,349.44,39.74,36,69.91,0.623,98.88,36.65,36.14
BATT-005,19,348.59,40.41,38,70.02,0.73,98.81,36.55,37.0
BATT-005,20,349.84,38.21,40,61.18,0.657,98.75,35.55,34.61
BATT-005,21,349.38,39.93,42,63.07,0.687,98.69,37.25,36.2
BATT-005,22,349.33,41.1,44,61.82,0.679,98.63,37.11,38.18
BATT-005,23,350.8,41.33,46,54.62,0.746,98.58,38.49,38.05
BATT-005,24,349.38,40.41,48,72.49,0.705,98.51,39.43,35.46
BATT-005,25,350.52,39.25,50,68.13,0.611,98.45,38.0,35.91
BATT-005,26,348.17,38.54,52,61.59,0.596,98.39,36.95,35.3
BATT-005,27,351.56,39.17,54,71.48,0.643,98.33,38.4,35.86
BATT-005,28,349.09,37.79,56,59.87,0.586,98.26,37.88,34.81
BATT-005,29,349.94,39.53,58,52.63,0.563,98.2,37.74,36.76
BATT-005,30,350.04,41.39,60,69.7,0.477,98.14,37.23,37.98
BATT-005,31,348.93,38.61,62,55.98,0.523,98.08,37.74,35.92
BATT-005,32,349.96,40.07,64,62.48,0.806,98.01,38.14,37.02
BATT-005,33,349.98,39.29,66,64.89,0.594,97.95,39.24,36.88
BATT-005,34,348.69,42.16,68,65.97,0.799,97.89,39.06,38.85
BATT-005,35,348.68,40.19,70,68.75,0.679,97.82,40.49,36.41
BATT-005,36,349.25,39.51,72,67.14,0.643,97.76,39.46,36.52
BATT-005,37,349.1,37.36,74,66.96,0.527,97.69,39.33,36.17
BATT-005,38,350.29,39.58,76,58.91,0.647,97.63,38.7,35.79
BATT-005,39,349.71,41.66,78,65.42,0.798,97.56,38.09,38.35
BATT-005,40,349.07,39.61,80,54.62,0.771,97.5,38.67,37.4
BATT-005,41,349.59,41.71,82,73.03,0.669,97.43,38.66,37.74
BATT-005,42,347.44,41.42,84,55.24,0.555,97.37,36.91,39.62
BATT-005,43,348.57,44.01,86,61.58,0.57,97.31,38.57,39.76
BATT-005,44,349.27,38.49,88,55.74,0.579,97.25,41.3,35.35
BATT-005,45,349.91,39.77,90,59.27,0.749,97.18,40.18,38.84
BATT-005,46,349.15,41.63,92,63.74,0.777,97.12,39.56,38.25
BATT-005,47,350.14,40.06,94,60.48,0.662,97.05,40.45,37.27
BATT-005,48,349.64,41.15,96,70.52,0.623,96.99,38.21,38.5
BATT-005,49,348.54,37.93,98,65.02,0.771,96.94,40.54,35.47
BATT-005,50,348.8,43.37,100,60.88,0.569,96.88,41.64,40.3
BATT-005,51,349.21,41.64,102,62.85,0.651,96.82,40.35,38.92
BATT-005,52,348.51,38.24,104,70.97,0.684,96.76,38.81,36.9
BATT-005,53,350.07,41.83,106,69.11,0.578,96.69,40.29,37.36
BATT-005,54,347.93,38.68,108,56.82,0.596,96.63,42.08,35.73
BATT-005,55,349.05,40.32,110,59.57,0.59,96.57,41.17,37.85
BATT-005,56,349.37,39.71,112,66.5,0.76,96.51,39.61,37.64
BATT-005,57,348.5,40.39,114,65.78,0.8,96.44,43.51,36.42
BATT-005,58,348.3,41.51,116,57.35,0.656,96.39,40.0,39.61
BATT-005,59,348.65,43.73,118,68.15,0.625,96.32,41.13,40.4
BATT-005,60,349.34,41.09,120,58.31,0.599,96.26,40.44,38.48
BATT-005,61,348.27,40.77,122,71.48,0.647,96.19,40.56,38.09
BATT-005,62,347.79,41.33,124,66.83,0.603,96.13,41.27,39.24
BATT-005,63,349.54,41.17,127,56.86,0.639,96.06,42.46,38.59
BATT-005,64,348.92,40.24,129,60.48,0.68,96.01,43.22,37.03
BATT-005,65,349.39,41.14,131,60.38,0.614,95.95,41.66,37.71
BATT-005,66,349.17,40.68,133,64.62,0.632,95.88,41.14,38.27
BATT-005,67,350.28,42.23,135,62.43,0.632,95.82,42.75,39.12
BATT-005,68,349.41,42.88,137,56.78,0.621,95.76,42.88,38.79
BATT-005,69,347.91,40.65,139,55.29,0.612,95.7,42.73,39.12
BATT-005,70,348.85,39.73,141,66.95,0.708,95.63,42.88,36.54
BATT-005,71,348.0,42.1,143,65.37,0.505,95.57,42.6,39.85
BATT-005,72,348.07,41.03,145,64.29,0.773,95.51,42.92,38.88
BATT-005,73,347.28,46.19,147,65.28,0.658,95.44,42.76,42.73
BATT-005,74,348.15,40.99,150,59.94,0.696,95.38,44.13,38.34
BATT-005,75,348.8,41.41,151,64.76,0.705,95.31,45.41,39.43
BATT-005,76,348.29,47.73,153,78.89,0.59,95.25,43.47,43.21
BATT-005,77,347.44,43.39,155,70.7,0.574,95.19,43.39,39.27
BATT-005,78,347.08,40.16,157,61.93,0.564,95.13,43.77,38.9
BATT-005,79,349.96,39.26,159,60.52,0.627,95.07,42.96,37.53
BATT-005,80,348.51,45.11,161,46.49,0.703,95.01,44.49,41.32
BATT-005,81,347.57,40.22,163,70.07,0.6,94.95,44.28,37.3
BATT-005,82,348.58,44.4,165,68.38,0.695,94.89,43.53,39.7
BATT-005,83,349.94,42.17,166,60.39,0.457,94.83,44.96,38.36
BATT-005,84,348.66,42.29,168,55.07,0.616,94.76,44.19,38.79
BATT-005,85,345.92,39.13,170,56.72,0.74,94.7,43.32,36.95
BATT-005,86,350.25,44.8,173,66.32,0.633,94.64,44.74,41.11
BATT-005,87,346.62,40.61,175,63.12,0.58,94.58,44.74,38.68
BATT-005,88,347.91,41.79,177,67.81,0.594,94.51,45.59,37.28
BATT-005,89,347.15,44.61,179,64.17,0.405,94.45,45.57,40.99
BATT-005,90,347.44,40.73,181,69.46,0.566,94.39,44.74,38.36
BATT-005,91,348.24,43.62,183,65.87,0.731,94.32,44.49,39.62
BATT-005,92,346.33,45.82,185,68.63,0.6,94.26,45.08,40.38
BATT-005,93,347.9,42.81,187,51.12,0.61,94.2,45.55,39.83
BATT-005,94,348.87,39.57,189,56.25,0.46,94.14,45.77,35.82
BATT-005,95,347.26,42.92,191,61.47,0.516,94.09,45.69,40.16
BATT-005,96,346.8,42.24,193,70.13,0.742,94.02,45.41,38.96
BATT-005,97,347.78,40.3,195,74.94,0.696,93.96,46.61,38.61
BATT-005,98,347.59,42.13,197,62.67,0.543,93.9,45.05,38.93
BATT-005,99,347.37,39.92,199,59.99,0.596,93.83,48.32,36.68
BATT-005,100,346.87,44.37,201,51.93,0.644,93.77,46.72,39.37
BATT-005,101,348.21,38.43,203,68.84,0.551,93.7,44.95,37.03
BATT-005,102,348.25,41.55,205,60.35,0.486,93.64,46.38,38.63
BATT-005,103,346.9,43.77,207,81.41,0.634,93.57,47.09,39.28
BATT-005,104,346.99,43.6,209,59.22,0.693,93.51,46.07,40.65
BATT-005,105,347.82,40.82,211,76.29,0.694,93.45,45.03,37.79
BATT-005,106,346.91,43.55,213,68.15,0.717,93.39,45.61,41.18
BATT-005,107,347.81,42.68,215,57.49,0.523,93.33,47.3,40.41
BATT-005,108,348.82,39.7,217,65.05,0.651,93.26,45.12,38.33
BATT-005,109,347.57,39.86,219,68.28,0.625,93.2,45.54,37.29
BATT-005,110,346.63,38.98,221,62.3,0.64,93.14,47.64,36.77
BATT-005,111,347.89,42.64,223,68.68,0.63,93.07,46.99,39.32
BATT-005,112,347.41,40.19,225,68.55,0.594,93.0,46.65,37.78
BATT-005,113,347.41,43.38,227,67.23,0.405,92.93,46.97,40.66
BATT-005,114,347.89,40.57,230,63.56,0.74,92.87,46.1,37.82
BATT-005,115,348.04,40.61,232,56.61,0.673,92.81,48.16,37.46
BATT-005,116,347.49,41.81,234,63.2,0.528,92.75,46.99,39.14
BATT-005,117,347.39,39.87,236,64.71,0.685,92.69,47.37,37.73
BATT-005,118,349.07,42.03,239,52.4,0.611,92.63,48.37,38.74
BATT-005,119,348.36,44.45,241,64.67,0.613,92.56,47.88,40.18
BATT-005,120,348.04,42.17,243,63.08,0.585,92.5,47.53,38.85
BATT-005,121,347.46,41.41,245,55.88,0.69,92.44,46.36,38.82
BATT-005,122,346.53,41.99,247,61.66,0.583,92.38,48.83,38.91
BATT-005,123,348.21,37.18,249,61.78,0.559,92.32,48.65,36.03
BATT-005,124,347.4,42.18,251,75.24,0.737,92.25,48.18,39.12
BATT-005,125,346.8,41.54,254,64.98,0.633,92.19,47.77,38.74
BATT-005,126,347.05,42.07,256,69.87,0.635,92.12,48.94,39.8
BATT-005,127,346.45,41.78,258,62.95,0.702,92.06,49.52,39.33
BATT-005,128,348.05,40.87,259,52.41,0.593,92.0,49.25,38.08
BATT-005,129,347.72,44.08,261,67.69,0.609,91.94,50.9,39.89
BATT-005,130,347.3,42.15,263,59.71,0.671,91.88,50.07,37.86
BATT-005,131,347.1,40.9,265,61.64,0.524,91.82,49.37,38.63
BATT-005,132,346.57,40.43,267,57.34,0.665,91.75,50.33,37.75
BATT-005,133,345.39,41.57,270,64.09,0.586,91.69,49.75,38.87
BATT-005,134,345.94,41.57,271,70.05,0.715,91.63,49.86,37.56
BATT-005,135,346.45,43.9,274,69.25,0.691,91.57,51.22,40.55
BATT-005,136,346.31,44.35,276,73.17,0.68,91.5,49.14,41.06
BATT-005,137,347.24,43.03,278,74.02,0.518,91.44,50.18,39.3
BATT-005,138,347.63,42.85,280,51.38,0.639,91.38,51.44,40.25
BATT-005,139,346.86,40.14,282,56.49,0.553,91.33,50.67,35.58
BATT-005,140,348.07,38.91,283,52.81,0.644,91.26,50.1,35.71
BATT-005,141,346.29,39.65,285,67.45,0.462,91.2,48.88,37.31
BATT-005,142,346.79,40.77,287,59.5,0.524,91.14,48.42,37.8
BATT-005,143,346.83,41.82,289,60.72,0.742,91.07,52.89,37.39
BATT-005,144,347.73,37.94,291,62.36,0.676,91.01,51.23,35.17
BATT-005,145,346.92,43.45,293,65.95,0.619,90.95,50.45,39.31
BATT-005,146,346.92,43.33,295,54.74,0.574,90.88,51.5,40.76
BATT-005,147,345.46,41.82,297,56.1,0.56,90.82,50.32,39.39
BATT-005,148,346.05,42.9,299,63.66,0.663,90.76,51.04,39.04
BATT-005,149,347.62,40.02,302,70.85,0.619,90.7,50.54,37.7
BATT-005,150,345.06,40.06,303,63.5,0.771,90.64,50.19,36.03
BATT-005,151,347.77,40.9,305,58.91,0.632,90.57,49.61,37.35
BATT-005,152,347.08,42.67,307,50.77,0.652,90.51,50.23,40.34
BATT-005,153,346.06,39.72,309,69.37,0.536,90.45,52.96,36.59
BATT-005,154,345.97,39.03,311,59.24,0.618,90.39,51.06,36.38
BATT-005,155,348.13,42.21,314,56.77,0.661,90.32,52.7,38.66
BATT-005,156,347.72,43.79,315,53.36,0.617,90.26,53.23,38.7
BATT-005,157,346.48,38.44,318,55.02,0.608,90.2,52.4,35.61
BATT-005,158,346.66,40.16,320,57.89,0.673,90.14,52.19,36.43
BATT-005,159,346.01,39.23,322,62.22,0.768,90.08,52.74,36.0
BATT-005,160,346.61,40.02,324,56.4,0.658,90.01,52.3,36.8
BATT-005,161,345.94,41.32,326,64.77,0.738,89.95,54.04,38.28
BATT-005,162,346.4,37.7,328,62.18,0.697,89.89,54.82,35.36
BATT-005,163,347.89,41.67,330,76.99,0.734,89.83,54.5,38.13
BATT-005,164,346.34,39.5,333,53.43,0.598,89.76,51.02,36.59
BATT-005,165,345.56,42.15,334,64.62,0.63,89.7,52.85,39.86
BATT-005,166,345.28,41.0,337,64.7,0.631,89.63,53.41,36.78
BATT-005,167,346.45,39.39,339,57.47,0.691,89.57,53.98,36.09
BATT-005,168,345.72,40.0,341,64.23,0.71,89.51,51.9,37.03
BATT-005,169,346.5,40.14,343,68.27,0.657,89.45,51.99,35.6
BATT-005,170,344.99,34.71,345,64.23,0.717,89.39,55.14,33.35
BATT-005,171,346.82,40.08,346,71.96,0.602,89.33,53.4,35.61
BATT-005,172,345.39,37.84,348,50.59,0.718,89.26,52.58,35.52
BATT-005,173,346.26,36.86,350,58.6,0.728,89.2,53.08,33.45
BATT-005,174,345.93,38.27,352,72.51,0.701,89.14,54.68,35.66
BATT-005,175,347.55,34.88,354,69.13,0.658,89.08,53.58,32.6
BATT-005,176,346.29,39.62,356,66.9,0.704,89.02,54.76,35.11
BATT-005,177,347.69,40.98,358,71.06,0.575,88.95,53.66,35.93
BATT-005,178,346.56,38.62,360,52.16,0.663,88.89,53.0,35.64
BATT-005,179,347.23,38.34,362,68.43,0.671,88.82,56.29,34.81
BATT-005,180,345.9,38.49,364,70.04,0.54,88.76,55.38,35.23
BATT-005,181,346.32,39.04,366,59.7,0.685,88.7,54.76,34.11
BATT-005,182,346.99,36.32,368,79.43,0.547,88.63,54.7,35.24
BATT-005,183,346.72,38.81,370,64.83,0.613,88.57,56.79,35.24
BATT-005,184,346.4,36.2,372,50.5,0.65,88.5,56.03,33.73
BATT-005,185,345.69,36.26,373,65.94,0.588,88.44,56.71,35.42
BATT-005,186,345.8,38.18,376,59.34,0.653,88.38,55.09,35.34
BATT-005,187,346.82,39.67,378,70.65,0.652,88.31,55.84,34.63
BATT-005,188,346.96,40.98,380,66.94,0.581,88.24,56.31,38.44
BATT-005,189,345.39,38.52,382,60.07,0.692,88.18,55.47,34.53
BATT-005,190,345.24,38.65,384,72.67,0.586,88.11,56.04,34.25
BATT-005,191,345.09,37.15,385,69.29,0.83,88.05,55.68,33.97
BATT-005,192,346.46,36.4,387,58.69,0.638,87.98,56.78,33.08
BATT-005,193,345.03,36.98,390,62.74,0.553,87.93,55.15,35.5
BATT-005,194,346.41,35.85,392,66.76,0.568,87.87,57.16,33.37
BATT-005,195,346.17,37.58,394,61.47,0.739,87.8,57.01,33.48
BATT-005,196,345.27,36.72,396,61.65,0.614,87.74,56.61,33.46
BATT-005,197,346.94,36.28,398,63.88,0.538,87.68,57.38,32.72
BATT-005,198,344.5,34.83,400,57.26,0.715,87.61,56.67,31.5
BATT-005,199,346.97,38.76,402,50.26,0.614,87.55,56.48,33.37
BATT-005,200,345.88,38.07,404,65.09,0.699,87.49,57.81,35.31
BATT-005,201,343.94,39.03,406,51.72,0.722,87.43,57.97,34.23
BATT-005,202,346.85,39.54,408,57.7,0.669,87.36,56.99,36.21
BATT-005,203,346.33,39.82,410,53.03,0.839,87.3,57.01,34.93
BATT-005,204,345.19,36.49,412,53.77,0.509,87.24,57.54,34.52
BATT-005,205,344.74,39.88,414,66.21,0.581,87.17,57.29,36.5
BATT-005,206,344.23,36.27,416,62.32,0.626,87.11,59.48,33.46
BATT-005,207,347.4,36.98,418,62.11,0.828,87.04,58.38,33.64
BATT-005,208,344.7,37.88,420,55.76,0.791,86.98,58.2,33.46
BATT-005,209,344.41,39.31,422,59.72,0.75,86.92,57.36,35.73
BATT-005,210,345.61,37.78,424,65.91,0.583,86.85,59.16,33.36
BATT-005,211,344.06,34.85,426,63.34,0.593,86.78,57.93,32.32
BATT-005,212,344.57,36.49,428,68.59,0.581,86.72,58.0,34.11
BATT-005,213,346.12,35.16,430,69.45,0.584,86.65,59.55,31.95
BATT-005,214,345.68,37.07,432,62.14,0.766,86.59,59.26,33.91
BATT-005,215,344.98,36.69,434,52.54,0.627,86.53,56.48,33.67
BATT-005,216,345.28,34.95,436,59.12,0.638,86.47,58.94,32.71
BATT-005,217,344.89,38.18,438,63.07,0.709,86.4,59.34,33.79
BATT-005,218,345.17,33.48,440,59.0,0.514,86.34,58.99,30.65
BATT-005,219,344.59,37.69,442,57.33,0.651,86.28,59.6,33.07
BATT-005,220,344.71,35.28,444,64.07,0.559,86.22,57.74,32.07
BATT-005,221,344.67,40.85,446,78.24,0.623,86.16,56.83,37.0
BATT-005,222,344.55,36.65,448,60.73,0.6,86.1,58.8,32.89
BATT-005,223,345.95,34.08,450,63.64,0.596,86.04,60.16,31.71
BATT-005,224,345.71,34.05,452,55.78,0.665,85.98,56.76,30.48
BATT-005,225,344.32,39.58,454,71.12,0.665,85.91,59.26,34.46
BATT-005,226,344.09,35.37,456,68.9,0.629,85.85,58.3,31.92
BATT-005,227,344.9,35.31,458,68.49,0.676,85.79,60.09,31.21
BATT-005,228,346.73,36.74,460,71.81,0.577,85.73,62.39,32.85
BATT-005,229,344.16,36.78,461,61.09,0.701,85.67,60.33,33.27
BATT-005,230,344.83,36.58,463,61.84,0.63,85.6,60.56,33.2
BATT-005,231,345.01,35.97,465,73.92,0.608,85.53,61.62,32.23
BATT-005,232,344.83,36.35,467,67.45,0.583,85.47,60.92,32.39
BATT-005,233,344.53,34.3,469,50.34,0.628,85.41,60.8,32.46
BATT-005,234,345.79,36.01,471,66.38,0.796,85.34,62.06,32.57
BATT-005,235,345.21,35.67,473,60.17,0.642,85.27,61.73,32.66
BATT-005,236,345.5,36.42,475,69.04,0.555,85.2,61.68,33.62
BATT-005,237,345.27,36.51,477,66.1,0.72,85.14,61.36,32.02
BATT-005,238,345.49,33.13,479,53.21,0.609,85.08,61.25,30.67
BATT-005,239,346.03,33.44,482,65.27,0.67,85.02,62.62,31.64
BATT-005,240,345.8,36.94,484,64.92,0.598,84.96,61.48,32.94
BATT-005,241,346.57,30.87,486,65.84,0.749,84.9,63.17,29.09
BATT-005,242,345.66,30.34,488,67.11,0.6,84.83,61.0,29.07
BATT-005,243,344.13,37.18,490,72.63,0.759,84.77,63.6,33.08
BATT-005,244,345.32,37.3,492,66.14,0.563,84.71,62.75,33.95
BATT-005,245,345.19,33.4,494,63.79,0.623,84.65,61.42,29.73
BATT-005,246,346.14,34.5,496,70.54,0.759,84.58,63.01,31.75
BATT-005,247,343.81,32.78,498,77.11,0.66,84.51,61.97,30.97
BATT-005,248,345.0,33.16,500,69.15,0.829,84.45,62.76,31.14
BATT-005,249,343.99,34.89,502,64.89,0.625,84.39,62.35,31.96
BATT-005,250,344.92,31.46,504,66.25,0.667,84.33,62.82,29.54
BATT-005,251,344.32,33.29,506,65.19,0.799,84.26,64.01,29.79
BATT-005,252,344.85,33.7,508,63.77,0.526,84.2,63.71,30.97
BATT-005,253,343.32,34.56,510,76.65,0.516,84.14,62.17,31.18
BATT-005,254,345.06,33.03,512,59.16,0.583,84.08,62.34,29.68
BATT-005,255,344.57,36.12,514,70.59,0.712,84.01,63.79,32.53
BATT-005,256,344.5,34.4,516,62.9,0.518,83.95,63.98,30.7
BATT-005,257,345.92,33.52,518,54.77,0.695,83.89,63.07,30.67
BATT-005,258,344.03,35.09,520,62.53,0.689,83.83,65.45,31.71
BATT-005,259,344.59,34.5,523,60.38,0.808,83.76,64.8,31.07
BATT-005,260,344.37,33.27,525,67.12,0.73,83.7,63.47,32.5
BATT-005,261,344.43,33.67,527,64.2,0.676,83.63,63.49,29.83
BATT-005,262,346.03,32.47,529,57.52,0.756,83.57,64.08,29.12
BATT-005,263,344.28,34.5,531,72.48,0.69,83.51,64.1,30.73
BATT-005,264,343.75,33.19,532,70.2,0.61,83.45,65.8,31.28
BATT-005,265,345.68,32.2,534,73.17,0.555,83.38,65.65,29.31
BATT-005,266,343.92,31.19,536,65.08,0.601,83.32,64.8,29.08
BATT-005,267,342.86,35.37,538,63.44,0.644,83.26,65.56,31.43
BATT-005,268,343.53,31.8,540,67.88,0.661,83.2,65.81,30.01
BATT-005,269,343.1,31.23,542,60.19,0.476,83.14,65.16,28.96
BATT-005,270,342.63,36.31,544,64.44,0.629,83.07,65.63,32.58
BATT-005,271,343.76,32.75,546,62.6,0.649,83.01,65.93,30.18
BATT-005,272,343.97,35.12,548,54.89,0.691,82.94,65.94,32.85
BATT-005,273,344.95,35.27,550,64.42,0.777,82.88,64.79,31.16
BATT-005,274,344.49,35.71,552,61.01,0.662,82.81,65.01,31.56
BATT-005,275,344.43,34.72,554,62.2,0.574,82.75,65.5,30.8
BATT-005,276,343.23,31.18,556,65.84,0.501,82.69,65.2,27.14
BATT-005,277,344.63,32.38,558,71.29,0.702,82.63,64.54,29.42
BATT-005,278,345.01,33.93,560,58.56,0.577,82.56,66.81,30.94
BATT-005,279,344.19,34.23,562,61.64,0.716,82.5,66.59,31.68
BATT-005,280,344.19,31.82,564,59.07,0.759,82.44,65.01,28.45
BATT-005,281,342.82,33.73,566,58.67,0.523,82.39,66.21,31.06
BATT-005,282,344.66,32.23,568,60.09,0.691,82.33,66.37,29.47
BATT-005,283,345.22,35.31,569,62.48,0.75,82.26,66.85,31.51
BATT-005,284,344.03,35.52,572,67.17,0.728,82.2,65.71,31.14
BATT-005,285,343.27,35.89,574,65.58,0.479,82.13,65.55,32.3
BATT-005,286,343.6,37.79,575,57.31,0.579,82.08,67.53,32.79
BATT-005,287,343.37,34.39,577,71.42,0.544,82.01,65.59,31.9
BATT-005,288,343.39,33.87,579,69.32,0.689,81.95,67.0,32.51
BATT-005,289,344.18,34.62,581,58.25,0.68,81.89,67.02,30.71
BATT-005,290,343.86,37.92,583,71.0,0.431,81.82,67.34,35.49
BATT-005,291,344.42,32.37,585,65.62,0.623,81.76,67.83,29.45
BATT-005,292,343.89,31.93,587,62.72,0.711,81.7,69.29,30.5
BATT-005,293,342.88,34.96,589,65.8,0.659,81.63,66.21,32.67
BATT-005,294,343.15,34.16,591,63.5,0.659,81.57,68.8,32.46
BATT-005,295,343.08,34.85,593,66.93,0.618,81.51,65.52,32.09
BATT-005,296,343.36,35.2,595,64.78,0.562,81.45,69.54,32.4
BATT-005,297,344.92,31.57,597,61.63,0.645,81.38,66.22,28.28
BATT-005,298,345.03,38.26,599,51.5,0.651,81.32,70.81,33.82
BATT-005,299,344.11,35.03,601,66.82,0.696,81.25,68.1,31.16
BATT-005,300,343.51,34.93,604,61.41,0.703,81.19,69.89,33.36
BATT-005,301,342.3,32.28,606,68.32,0.654,81.13,69.8,28.47
BATT-005,302,343.55,35.24,607,66.55,0.734,81.06,68.4,31.93
BATT-005,303,342.72,33.84,610,61.57,0.617,81.0,68.58,30.74
BATT-005,304,344.63,35.65,612,69.79,0.531,80.94,68.22,32.47
BATT-005,305,342.02,35.53,614,64.88,0.685,80.88,69.95,32.12
BATT-005,306,343.59,34.74,616,64.64,0.657,80.82,68.85,32.23
BATT-005,307,342.57,33.15,618,62.83,0.687,80.76,68.57,30.13
BATT-005,308,343.23,36.05,620,73.76,0.546,80.69,70.04,31.67
BATT-005,309,343.75,34.02,622,59.38,0.79,80.63,68.71,31.52
BATT-005,310,344.02,34.74,624,61.72,0.704,80.57,69.39,32.57
BATT-005,311,343.13,36.49,626,56.23,0.624,80.51,69.94,33.36
BATT-005,312,343.76,34.21,628,68.02,0.572,80.44,69.3,32.14
BATT-005,313,342.6,31.52,631,60.16,0.733,80.38,69.56,30.04
BATT-005,314,343.31,35.01,633,60.84,0.559,80.32,71.71,32.16
BATT-005,315,343.89,40.6,635,60.55,0.828,80.26,70.08,35.96
BATT-005,316,343.33,37.71,637,64.03,0.598,80.19,70.04,34.55
BATT-005,317,342.62,31.05,639,56.15,0.784,80.13,70.34,27.67
BATT-005,318,342.8,33.34,641,50.2,0.632,80.06,71.09,32.27
BATT-005,319,343.81,37.26,643,66.4,0.773,80.0,69.72,33.62
BATT-005,320,342.1,35.29,645,50.97,0.588,79.94,71.29,32.0
BATT-005,321,342.2,34.16,647,68.78,0.648,79.88,71.22,31.63
BATT-005,322,343.42,35.35,649,73.01,0.711,79.81,69.29,31.97
BATT-005,323,342.56,36.62,651,62.67,0.7,79.75,72.99,33.25
BATT-005,324,341.73,32.89,652,71.45,0.735,79.68,72.78,30.75
BATT-005,325,343.95,37.84,655,63.51,0.608,79.63,70.61,34.31
BATT-005,326,341.97,36.89,657,73.25,0.654,79.56,70.41,32.49
BATT-005,327,342.67,34.2,659,60.92,0.747,79.5,71.88,31.23
BATT-005,328,342.31,36.7,661,49.47,0.59,79.44,70.33,34.37
BATT-005,329,342.54,33.44,663,63.18,0.693,79.37,73.24,30.42
BATT-005,330,342.05,36.01,664,73.9,0.629,79.31,71.52,31.96
BATT-005,331,343.31,33.97,666,66.87,0.663,79.25,73.72,31.99
BATT-005,332,342.8,39.9,669,60.56,0.654,79.18,71.39,36.12
BATT-005,333,343.48,34.46,671,65.63,0.584,79.12,72.21,31.94
BATT-005,334,342.18,33.23,673,69.48,0.626,79.06,73.71,29.79
BATT-005,335,344.36,34.84,675,63.14,0.658,79.0,72.23,32.21
BATT-005,336,341.1,36.46,677,79.41,0.639,78.93,72.94,33.83
BATT-005,337,341.34,39.1,679,60.55,0.773,78.87,73.87,34.38
BATT-005,338,343.98,38.47,681,69.67,0.728,78.8,72.34,36.68
BATT-005,339,342.94,39.12,682,68.23,0.67,78.74,71.76,35.44
BATT-005,340,342.81,38.6,685,59.46,0.586,78.67,71.67,33.67
BATT-005,341,342.86,36.0,687,61.11,0.581,78.62,73.82,32.11
BATT-005,342,342.95,37.82,689,69.76,0.805,78.56,73.73,35.95
BATT-005,343,342.71,34.94,691,64.52,0.566,78.49,74.52,33.02
BATT-005,344,341.68,35.1,693,65.68,0.656,78.43,73.3,32.65
BATT-005,345,343.08,36.43,695,53.84,0.676,78.37,72.25,33.08
BATT-005,346,342.93,35.31,697,67.59,0.622,78.3,71.45,31.89
BATT-005,347,343.53,35.06,699,65.38,0.567,78.24,76.78,33.14
BATT-005,348,343.77,35.87,701,63.27,0.584,78.18,74.56,33.55
BATT-005,349,342.6,37.45,703,65.82,0.603,78.11,74.28,35.06
BATT-005,350,341.33,36.47,705,61.2,0.59,78.05,74.54,33.45
BATT-005,351,343.71,37.38,707,60.1,0.753,77.98,72.95,32.2
BATT-005,352,341.46,34.02,708,62.2,0.646,77.92,73.7,31.76
BATT-005,353,342.52,36.77,710,60.87,0.605,77.86,76.34,34.54
BATT-005,354,342.02,36.47,712,76.74,0.655,77.8,75.37,34.41
BATT-005,355,341.86,37.37,714,69.13,0.7,77.73,74.07,33.53
BATT-005,356,342.79,36.89,716,57.85,0.619,77.66,73.72,33.73
BATT-005,357,342.36,37.39,718,75.87,0.719,77.6,74.55,35.08
BATT-005,358,342.55,39.49,720,61.06,0.545,77.54,74.85,36.65
BATT-005,359,341.46,35.87,722,63.83,0.741,77.48,77.34,33.47
BATT-005,360,341.95,38.33,724,69.04,0.646,77.41,75.22,34.84
BATT-005,361,341.46,42.09,726,51.84,0.643,77.35,74.33,36.21
BATT-005,362,341.89,37.43,728,62.23,0.591,77.28,75.58,33.68
BATT-005,363,341.93,37.99,730,60.22,0.549,77.22,76.01,34.89
BATT-005,364,343.48,37.46,732,64.89,0.513,77.16,74.58,34.92
BATT-005,365,341.78,34.94,734,65.88,0.586,77.1,76.38,33.08
BATT-006,1,350.5,32.73,2,58.5,0.688,99.95,32.18,30.43
BATT-006,2,350.08,38.95,4,50.33,0.466,99.9,35.42,35.78
BATT-006,3,349.36,36.88,6,48.84,0.601,99.85,32.52,34.43
BATT-006,4,349.31,35.55,8,67.15,0.496,99.79,35.7,33.63
BATT-006,5,350.15,34.67,10,62.44,0.657,99.73,34.89,33.24
BATT-006,6,350.23,34.66,12,45.19,0.667,99.68,34.25,32.54
BATT-006,7,349.62,39.66,14,56.21,0.609,99.63,34.86,36.94
BATT-006,8,348.94,34.73,16,64.95,0.666,99.57,34.99,34.18
BATT-006,9,350.83,33.3,18,57.99,0.567,99.51,34.42,31.56
BATT-006,10,350.64,35.25,19,67.14,0.745,99.46,36.15,34.73
BATT-006,11,348.2,38.01,21,65.97,0.626,99.41,36.2,36.11
BATT-006,12,350.85,38.32,23,51.53,0.494,99.36,35.06,34.61
BATT-006,13,349.59,34.41,25,58.81,0.572,99.3,34.41,33.09
BATT-006,14,349.89,36.24,26,56.98,0.554,99.24,36.41,33.02
BATT-006,15,350.63,38.56,28,51.33,0.546,99.19,33.18,33.2
BATT-006,16,351.02,40.89,30,50.94,0.434,99.14,35.74,36.92
BATT-006,17,350.48,37.25,32,54.83,0.597,99.09,36.13,34.6
BATT-006,18,349.86,35.63,33,55.82,0.456,99.04,34.65,32.25
BATT-006,19,348.54,36.56,35,61.37,0.364,98.98,36.56,35.41
BATT-006,20,348.0,36.06,37,65.94,0.539,98.92,35.67,35.11
BATT-006,21,350.3,36.84,38,62.75,0.506,98.86,35.25,34.29
BATT-006,22,350.66,36.42,40,64.17,0.497,98.8,36.86,33.5
BATT-006,23,348.91,37.11,42,58.07,0.318,98.75,34.9,33.5
BATT-006,24,349.33,38.74,44,63.29,0.498,98.7,36.95,36.79
BATT-006,25,349.08,38.3,46,58.78,0.552,98.64,34.21,35.6
BATT-006,26,349.04,38.68,47,57.02,0.516,98.59,36.57,36.0
BATT-006,27,350.35,38.1,49,71.05,0.597,98.53,36.43,35.72
BATT-006,28,349.64,38.34,51,45.69,0.678,98.48,35.94,35.9
BATT-006,29,349.27,36.43,53,48.43,0.608,98.43,36.96,34.77
BATT-006,30,351.56,38.02,55,61.97,0.648,98.37,36.59,35.22
BATT-006,31,348.26,40.05,57,58.08,0.655,98.32,37.82,37.34
BATT-006,32,349.83,39.85,59,51.05,0.485,98.27,37.42,37.77
BATT-006,33,348.54,37.06,61,53.34,0.602,98.22,37.41,33.88
BATT-006,34,349.23,39.0,63,54.12,0.646,98.16,37.34,35.46
BATT-006,35,349.46,40.28,64,65.02,0.531,98.11,36.68,37.09
BATT-006,36,350.0,40.18,66,66.94,0.503,98.06,36.94,38.71
BATT-006,37,349.09,41.23,68,69.51,0.609,98.0,37.6,38.61
BATT-006,38,348.98,36.41,69,50.14,0.448,97.94,37.28,34.8
BATT-006,39,349.03,40.58,71,51.47,0.479,97.88,38.67,37.96
BATT-006,40,348.37,37.8,73,51.06,0.513,97.83,37.75,36.19
BATT-006,41,349.73,41.52,75,67.4,0.602,97.77,38.13,37.73
BATT-006,42,349.43,40.69,77,62.17,0.584,97.72,36.45,37.39
BATT-006,43,349.53,38.04,79,60.15,0.649,97.66,38.9,34.37
BATT-006,44,349.11,40.71,81,61.05,0.493,97.61,37.47,37.14
BATT-006,45,348.99,40.12,83,59.33,0.488,97.55,37.11,37.87
BATT-006,46,350.07,38.47,85,52.94,0.608,97.5,39.89,36.39
BATT-006,47,349.92,40.35,87,62.75,0.502,97.45,39.04,36.1
BATT-006,48,350.22,36.5,89,58.55,0.518,97.39,39.42,34.16
BATT-006,49,349.37,38.75,90,52.47,0.418,97.34,38.99,37.59
BATT-006,50,350.13,40.44,92,63.12,0.59,97.29,38.53,36.92
BATT-006,51,348.7,37.93,94,57.12,0.69,97.23,38.45,35.27
BATT-006,52,348.85,40.23,96,61.03,0.484,97.17,39.61,36.21
BATT-006,53,349.95,39.73,98,58.92,0.648,97.12,40.06,36.97
BATT-006,54,349.65,38.44,99,65.02,0.562,97.07,38.95,35.94
BATT-006,55,348.72,40.87,101,60.99,0.425,97.02,41.18,36.83
BATT-006,56,348.1,35.22,103,54.37,0.495,96.97,39.0,34.24
BATT-006,57,348.76,40.86,104,61.6,0.49,96.92,37.89,38.93
BATT-006,58,348.36,38.59,106,61.8,0.541,96.87,37.66,36.97
BATT-006,59,350.26,35.65,107,62.74,0.6,96.81,37.8,35.33
BATT-006,60,349.47,36.72,110,65.89,0.714,96.76,39.17,33.33
BATT-006,61,348.23,40.55,111,55.97,0.452,96.7,39.45,38.6
BATT-006,62,347.99,41.35,113,63.68,0.528,96.65,40.46,37.93
BATT-006,63,348.19,40.34,115,49.32,0.495,96.6,39.84,37.44
BATT-006,64,348.34,41.57,117,58.95,0.465,96.54,40.82,38.45
BATT-006,65,348.64,40.54,119,58.02,0.574,96.49,40.12,38.48
BATT-006,66,349.64,39.26,120,68.36,0.566,96.43,40.19,37.51
BATT-006,67,347.96,39.47,123,58.73,0.421,96.37,39.7,36.86
BATT-006,68,350.54,40.08,125,63.32,0.568,96.32,41.8,36.65
BATT-006,69,347.94,40.4,126,49.1,0.47,96.26,38.94,37.93
BATT-006,70,347.55,41.24,128,57.56,0.567,96.21,40.87,39.42
BATT-006,71,350.0,38.51,130,54.59,0.668,96.15,40.5,37.2
BATT-006,72,349.69,42.31,132,74.52,0.603,96.09,41.57,39.59
BATT-006,73,348.47,39.92,133,55.67,0.581,96.03,40.86,37.96
BATT-006,74,348.9,40.44,135,60.11,0.524,95.98,40.99,37.99
BATT-006,75,348.9,43.33,138,60.43,0.572,95.92,40.81,41.05
BATT-006,76,348.67,42.01,139,50.13,0.611,95.87,42.56,39.94
BATT-006,77,347.5,42.81,141,56.51,0.604,95.82,41.27,40.0
BATT-006,78,346.53,39.37,143,62.1,0.558,95.76,43.35,36.3
BATT-006,79,347.82,45.28,144,60.18,0.584,95.71,41.74,40.8
BATT-006,80,349.93,40.68,146,45.87,0.461,95.66,41.58,37.41
BATT-006,81,349.95,41.31,148,56.27,0.508,95.6,41.51,37.2
BATT-006,82,348.23,36.01,149,65.8,0.623,95.55,42.32,34.32
BATT-006,83,347.66,38.97,152,63.2,0.634,95.49,41.27,38.06
BATT-006,84,348.63,38.45,153,66.98,0.574,95.44,42.1,35.95
BATT-006,85,348.74,41.57,155,53.76,0.685,95.39,42.06,38.2
BATT-006,86,348.85,39.07,157,67.36,0.607,95.33,42.48,35.85
BATT-006,87,346.33,44.02,158,59.4,0.548,95.28,42.6,40.3
BATT-006,88,350.85,38.41,160,69.22,0.469,95.22,42.76,38.43
BATT-006,89,349.21,44.8,162,59.69,0.681,95.16,42.55,41.03
BATT-006,90,348.13,38.93,163,47.39,0.628,95.11,44.12,36.08
BATT-006,91,347.69,40.91,165,64.77,0.71,95.06,43.07,39.94
BATT-006,92,349.04,38.15,167,57.01,0.74,95.0,45.35,34.91
BATT-006,93,348.63,40.61,169,57.41,0.463,94.94,42.9,37.93
BATT-006,94,348.28,39.56,171,50.95,0.464,94.89,43.9,36.67
BATT-006,95,348.56,40.46,173,69.4,0.337,94.84,42.31,36.94
BATT-006,96,348.08,39.78,175,56.54,0.64,94.78,44.53,36.83
BATT-006,97,348.47,37.27,177,69.12,0.619,94.72,42.54,36.23
BATT-006,98,348.72,38.08,179,57.08,0.574,94.67,43.79,35.71
BATT-006,99,348.39,37.82,181,54.1,0.468,94.62,43.17,36.93
BATT-006,100,348.33,40.92,182,67.59,0.559,94.56,43.98,37.76
BATT-006,101,349.19,43.23,185,59.23,0.581,94.51,43.4,39.32
BATT-006,102,346.78,39.28,186,59.29,0.629,94.46,42.94,38.0
BATT-006,103,347.4,41.14,188,51.98,0.588,94.41,43.54,39.3
BATT-006,104,348.05,36.95,190,56.92,0.619,94.35,45.45,35.32
BATT-006,105,347.42,38.93,192,62.24,0.556,94.3,44.47,36.87
BATT-006,106,347.67,41.5,193,51.88,0.661,94.25,42.81,38.57
BATT-006,107,349.0,40.08,195,56.44,0.617,94.19,45.29,38.0
BATT-006,108,347.83,39.35,197,57.15,0.471,94.14,43.4,36.18
BATT-006,109,346.47,42.43,199,60.07,0.678,94.09,45.13,38.85
BATT-006,110,347.57,40.25,201,68.55,0.664,94.04,45.03,36.64
BATT-006,111,347.94,37.64,202,57.87,0.604,93.98,45.2,36.25
BATT-006,112,347.91,42.02,204,55.53,0.589,93.92,46.54,38.12
BATT-006,113,348.3,41.36,206,76.15,0.699,93.87,43.96,37.37
BATT-006,114,348.21,40.62,208,57.07,0.436,93.81,45.49,36.56
BATT-006,115,347.7,38.84,210,58.53,0.666,93.75,46.25,36.48
BATT-006,116,346.84,37.45,212,57.52,0.528,93.7,44.44,35.68
BATT-006,117,347.42,38.2,214,58.01,0.654,93.65,44.43,36.67
BATT-006,118,347.26,40.29,217,60.14,0.576,93.59,44.99,38.88
BATT-006,119,347.51,40.09,219,65.19,0.467,93.54,45.7,37.57
BATT-006,120,348.27,41.97,221,62.09,0.527,93.49,44.06,38.61
BATT-006,121,348.03,41.73,222,66.13,0.648,93.43,46.12,37.91
BATT-006,122,348.34,38.22,224,65.93,0.55,93.38,44.25,36.19
BATT-006,123,347.36,37.07,226,60.92,0.517,93.33,47.05,34.6
BATT-006,124,348.85,38.06,228,61.93,0.516,93.27,46.37,35.65
BATT-006,125,348.16,37.87,229,66.32,0.618,93.21,47.88,35.99
BATT-006,126,347.69,39.09,232,53.0,0.706,93.16,46.73,35.84
BATT-006,127,348.07,41.27,233,74.66,0.395,93.1,45.86,38.4
BATT-006,128,347.03,41.0,235,56.59,0.79,93.04,45.47,38.34
BATT-006,129,345.86,43.03,236,57.56,0.583,93.0,46.59,40.16
BATT-006,130,347.04,38.79,238,52.4,0.613,92.94,46.42,35.66
BATT-006,131,348.11,42.28,240,52.58,0.531,92.9,47.72,39.16
BATT-006,132,347.56,40.78,241,65.51,0.566,92.85,45.69,39.1
BATT-006,133,347.37,39.74,243,73.29,0.582,92.79,48.74,36.33
BATT-006,134,346.78,40.11,245,56.27,0.482,92.74,48.09,37.34
BATT-006,135,345.87,40.52,247,61.75,0.502,92.68,46.71,38.44
BATT-006,136,348.56,39.2,248,60.99,0.661,92.63,48.82,36.45
BATT-006,137,347.23,39.14,250,65.67,0.442,92.57,46.34,36.28
BATT-006,138,347.04,39.1,252,72.98,0.602,92.51,47.43,35.5
BATT-006,139,346.82,34.32,254,68.8,0.537,92.45,46.05,32.85
BATT-006,140,348.34,40.29,256,58.24,0.49,92.39,49.28,36.45
BATT-006,141,348.02,37.76,258,62.84,0.724,92.34,45.89,35.23
BATT-006,142,346.53,36.63,260,63.44,0.49,92.29,46.19,34.63
BATT-006,143,348.21,38.8,262,59.55,0.476,92.23,47.09,36.82
BATT-006,144,347.15,35.47,264,53.09,0.551,92.18,49.13,33.96
BATT-006,145,346.76,38.06,266,54.88,0.505,92.13,48.86,37.29
BATT-006,146,346.99,39.94,267,66.56,0.567,92.08,48.12,36.75
BATT-006,147,346.58,39.86,269,67.18,0.579,92.03,49.12,35.37
BATT-006,148,346.13,36.72,271,58.42,0.585,91.97,48.08,35.82
BATT-006,149,347.79,35.64,273,61.24,0.556,91.92,48.71,34.07
BATT-006,150,346.98,40.19,274,66.85,0.51,91.87,50.03,36.92
BATT-006,151,347.63,38.49,276,49.44,0.618,91.82,48.22,36.02
BATT-006,152,347.35,39.42,278,56.99,0.557,91.77,47.8,36.08
BATT-006,153,347.54,38.79,280,71.78,0.527,91.71,49.14,36.38
BATT-006,154,345.44,36.53,281,61.47,0.685,91.66,49.5,34.6
BATT-006,155,346.37,35.51,283,52.89,0.557,91.61,48.96,33.22
BATT-006,156,347.5,37.01,285,60.37,0.654,91.56,49.95,36.88
BATT-006,157,346.01,37.78,287,65.8,0.665,91.5,48.84,36.41
BATT-006,158,347.31,37.98,288,44.39,0.669,91.45,49.26,34.52
BATT-006,159,345.88,39.58,290,60.73,0.622,91.4,49.6,35.87
BATT-006,160,346.98,41.0,292,57.44,0.566,91.34,49.61,37.08
BATT-006,161,348.24,39.79,294,49.82,0.561,91.29,51.04,36.84
BATT-006,162,347.55,34.48,295,60.16,0.547,91.23,49.89,34.22
BATT-006,163,345.43,34.65,297,58.85,0.393,91.18,49.31,32.77
BATT-006,164,347.57,36.8,299,59.53,0.624,91.13,50.24,32.96
BATT-006,165,348.33,38.54,301,57.58,0.586,91.07,50.82,34.4
BATT-006,166,349.09,40.88,302,53.54,0.632,91.02,50.68,37.0
BATT-006,167,347.22,35.92,305,50.94,0.557,90.97,50.72,33.65
BATT-006,168,345.73,34.99,306,55.53,0.62,90.92,48.6,33.78
BATT-006,169,347.15,36.16,308,64.83,0.456,90.86,47.71,33.68
BATT-006,170,348.06,36.27,310,61.07,0.473,90.8,51.58,33.74
BATT-006,171,346.61,38.54,312,59.26,0.368,90.74,50.85,34.46
BATT-006,172,347.57,35.23,314,53.43,0.556,90.69,50.49,32.48
BATT-006,173,346.05,38.5,315,57.43,0.505,90.64,51.29,35.96
BATT-006,174,347.0,36.64,317,64.09,0.494,90.58,52.63,34.05
BATT-006,175,344.69,40.83,319,62.7,0.593,90.53,52.21,37.92
BATT-006,176,345.91,35.51,321,56.81,0.532,90.47,51.86,32.37
BATT-006,177,346.64,38.24,322,44.0,0.452,90.42,50.11,36.45
BATT-006,178,346.34,37.54,324,55.62,0.77,90.36,50.34,36.08
BATT-006,179,345.57,37.2,326,56.77,0.563,90.31,48.8,33.31
BATT-006,180,346.19,34.14,327,54.23,0.48,90.26,51.91,33.27
BATT-006,181,346.83,36.56,329,57.19,0.513,90.2,52.49,32.41
BATT-006,182,346.48,32.96,330,64.57,0.553,90.15,52.67,32.36
BATT-006,183,346.58,35.58,332,59.45,0.552,90.09,52.26,33.65
BATT-006,184,347.1,37.1,334,65.61,0.671,90.04,51.52,33.61
BATT-006,185,346.22,33.63,336,50.62,0.56,89.98,51.21,31.11
BATT-006,186,347.56,38.08,338,57.84,0.715,89.93,51.04,36.89
BATT-006,187,345.67,35.93,340,48.04,0.532,89.88,51.8,32.99
BATT-006,188,347.98,35.99,342,57.11,0.6,89.83,51.08,33.41
BATT-006,189,347.31,34.6,343,53.4,0.648,89.78,53.9,32.3
BATT-006,190,346.12,34.66,345,67.36,0.662,89.72,50.94,32.77
BATT-006,191,346.16,35.05,348,62.13,0.671,89.68,52.13,32.57
BATT-006,192,346.53,34.96,350,65.76,0.545,89.62,50.49,33.03
BATT-006,193,346.83,37.89,351,57.09,0.566,89.57,52.81,32.94
BATT-006,194,347.21,36.38,353,53.55,0.368,89.52,52.61,34.11
BATT-006,195,345.24,35.31,355,53.36,0.551,89.47,52.35,33.17
BATT-006,196,346.64,35.79,357,61.26,0.654,89.41,51.88,33.82
BATT-006,197,344.58,36.97,359,70.53,0.638,89.35,52.92,32.68
BATT-006,198,346.11,33.85,360,62.14,0.559,89.29,52.47,32.98
BATT-006,199,347.4,35.08,362,57.42,0.702,89.24,52.98,32.2
BATT-006,200,345.08,36.28,364,58.54,0.536,89.18,55.17,34.0
BATT-006,201,344.92,34.01,366,59.48,0.509,89.13,53.49,32.92
BATT-006,202,346.35,33.82,368,71.83,0.529,89.07,53.95,32.13
BATT-006,203,347.26,34.85,369,67.07,0.477,89.01,53.06,32.02
BATT-006,204,346.4,33.72,371,61.23,0.616,88.97,52.82,32.07
BATT-006,205,344.59,34.99,373,60.33,0.589,88.91,53.69,32.22
BATT-006,206,344.75,36.27,374,61.47,0.615,88.85,56.33,32.02
BATT-006,207,346.15,33.89,376,62.64,0.533,88.79,53.63,31.21
BATT-006,208,345.12,34.19,378,57.19,0.562,88.74,54.37,33.13
BATT-006,209,346.15,34.83,380,54.61,0.392,88.68,53.29,33.16
BATT-006,210,346.18,36.76,382,65.86,0.596,88.63,51.45,34.53
BATT-006,211,345.61,33.05,384,59.8,0.574,88.58,53.52,30.89
BATT-006,212,347.44,35.4,385,65.36,0.478,88.52,56.78,32.73
BATT-006,213,346.43,31.64,387,69.55,0.558,88.46,55.11,28.81
BATT-006,214,346.91,37.1,389,62.79,0.546,88.41,56.25,32.86
BATT-006,215,346.66,31.88,391,61.82,0.708,88.36,54.36,29.37
BATT-006,216,345.79,31.38,393,78.87,0.481,88.31,52.44,30.02
BATT-006,217,345.73,35.6,395,60.91,0.593,88.25,53.78,31.94
BATT-006,218,345.63,34.23,397,53.13,0.479,88.2,55.38,30.45
BATT-006,219,346.39,32.93,398,57.98,0.522,88.14,55.33,30.19
BATT-006,220,345.31,32.81,400,68.98,0.589,88.09,55.18,30.54
BATT-006,221,347.19,35.44,402,51.91,0.549,88.03,54.76,32.31
BATT-006,222,345.2,32.06,404,55.16,0.566,87.98,56.32,29.76
BATT-006,223,345.95,31.48,405,66.31,0.593,87.93,54.98,31.02
BATT-006,224,345.57,33.56,407,58.04,0.527,87.87,55.88,30.48
BATT-006,225,345.38,35.63,409,59.01,0.637,87.82,55.87,32.23
BATT-006,226,347.45,36.17,411,66.11,0.542,87.76,55.41,32.22
BATT-006,227,345.35,29.93,413,55.37,0.559,87.71,54.99,28.14
BATT-006,228,345.43,35.15,415,50.86,0.595,87.65,55.54,32.41
BATT-006,229,345.13,32.64,416,51.34,0.585,87.6,57.94,29.88
BATT-006,230,345.67,33.7,418,63.16,0.618,87.54,57.28,31.1
BATT-006,231,345.54,31.92,420,61.22,0.592,87.49,57.28,29.29
BATT-006,232,344.71,33.76,422,55.51,0.604,87.43,55.58,31.21
BATT-006,233,345.24,37.16,424,52.72,0.54,87.38,55.02,34.43
BATT-006,234,346.05,34.01,426,58.05,0.481,87.33,57.65,30.75
BATT-006,235,346.37,33.56,428,66.37,0.452,87.27,57.56,29.83
BATT-006,236,345.54,31.89,429,54.66,0.433,87.21,56.9,30.13
BATT-006,237,345.55,30.57,431,55.69,0.707,87.16,56.49,28.23
BATT-006,238,345.2,34.66,433,52.53,0.389,87.1,55.5,32.57
BATT-006,239,345.06,32.77,435,57.47,0.662,87.05,57.93,30.82
BATT-006,240,344.71,29.64,437,61.7,0.501,87.0,58.34,28.74
BATT-006,241,344.18,31.29,439,72.36,0.661,86.94,56.57,28.75
BATT-006,242,344.85,33.25,441,60.98,0.39,86.89,56.58,30.26
BATT-006,243,346.11,33.96,443,59.35,0.548,86.83,58.69,31.6
BATT-006,244,345.03,30.94,444,64.85,0.683,86.78,56.91,28.44
BATT-006,245,345.08,34.73,446,63.85,0.623,86.72,59.42,31.8
BATT-006,246,345.04,33.89,449,56.2,0.539,86.67,57.63,29.96
BATT-006,247,346.31,30.77,450,73.48,0.411,86.61,57.46,28.67
BATT-006,248,344.55,30.68,452,59.52,0.461,86.55,58.0,29.33
BATT-006,249,345.5,35.05,453,61.09,0.678,86.5,57.66,32.63
BATT-006,250,345.2,32.29,455,62.98,0.539,86.45,59.25,27.89
BATT-006,251,345.29,30.2,457,61.75,0.561,86.4,59.11,28.85
BATT-006,252,345.42,34.51,459,68.82,0.589,86.35,59.41,31.35
BATT-006,253,345.25,33.89,461,56.13,0.462,86.29,58.61,30.22
BATT-006,254,345.82,28.83,463,64.37,0.599,86.23,58.07,28.68
BATT-006,255,345.14,34.22,464,60.66,0.533,86.18,58.62,31.29
BATT-006,256,346.54,34.46,466,65.57,0.59,86.11,58.31,31.34
BATT-006,257,345.16,32.55,468,58.38,0.52,86.06,60.31,30.3
BATT-006,258,343.74,30.73,470,57.57,0.441,86.0,59.95,28.86
BATT-006,259,345.59,31.0,472,64.06,0.532,85.94,58.96,29.08
BATT-006,260,345.37,32.36,474,61.82,0.618,85.88,58.24,30.17
BATT-006,261,345.07,29.97,476,54.75,0.598,85.83,60.8,27.76
BATT-006,262,344.81,33.73,478,67.74,0.569,85.77,59.49,31.71
BATT-006,263,343.31,34.42,479,64.07,0.638,85.71,59.33,32.25
BATT-006,264,343.42,33.04,481,59.22,0.55,85.66,61.11,29.33
BATT-006,265,346.28,31.51,483,56.86,0.571,85.6,59.15,30.21
BATT-006,266,344.47,32.21,484,61.85,0.528,85.55,59.44,31.44
BATT-006,267,345.69,36.31,487,63.63,0.643,85.49,59.63,32.59
BATT-006,268,343.62,34.3,488,50.11,0.59,85.44,58.63,31.98
BATT-006,269,344.05,29.16,490,61.92,0.522,85.39,60.36,27.03
BATT-006,270,345.41,31.56,492,63.59,0.447,85.34,59.38,29.16
BATT-006,271,344.77,33.1,494,45.56,0.655,85.28,59.66,30.38
BATT-006,272,345.26,30.87,495,60.85,0.507,85.23,59.63,28.88
BATT-006,273,344.8,35.31,497,63.84,0.572,85.17,59.84,32.29
BATT-006,274,344.63,33.62,499,63.16,0.755,85.12,59.69,32.06
BATT-006,275,344.23,30.61,501,64.48,0.63,85.06,60.89,28.39
BATT-006,276,343.79,29.68,503,57.7,0.695,85.0,60.59,29.38
BATT-006,277,345.85,32.18,505,53.43,0.523,84.94,60.9,28.5
BATT-006,278,345.97,31.67,507,48.87,0.652,84.89,63.29,29.33
BATT-006,279,343.86,32.48,509,66.22,0.569,84.84,60.88,29.29
BATT-006,280,343.79,34.06,511,63.89,0.596,84.78,61.75,31.07
BATT-006,281,344.37,31.37,513,66.68,0.728,84.72,61.96,28.31
BATT-006,282,344.91,28.23,515,55.32,0.544,84.67,61.28,25.72
BATT-006,283,344.47,30.15,517,64.49,0.568,84.62,61.71,27.25
BATT-006,284,345.0,29.68,519,50.65,0.494,84.57,61.54,28.13
BATT-006,285,344.54,30.04,520,54.45,0.637,84.51,61.82,28.7
BATT-006,286,344.47,32.39,522,60.43,0.522,84.46,61.13,29.97
BATT-006,287,346.47,29.92,524,63.65,0.648,84.41,61.31,28.09
BATT-006,288,344.1,31.85,526,69.74,0.434,84.35,61.93,27.91
BATT-006,289,345.82,31.23,528,58.23,0.61,84.3,60.03,28.34
BATT-006,290,345.64,29.88,530,54.48,0.515,84.24,63.6,28.08
BATT-006,291,344.87,31.19,532,54.17,0.625,84.19,64.36,28.94
BATT-006,292,342.91,31.55,533,55.54,0.565,84.14,62.47,28.9
BATT-006,293,344.45,33.29,535,73.0,0.524,84.08,63.07,30.85
BATT-006,294,344.0,31.14,537,64.21,0.535,84.02,63.58,28.35
BATT-006,295,344.4,31.91,538,66.35,0.498,83.96,61.29,29.32
BATT-006,296,343.52,30.19,541,58.24,0.633,83.91,63.64,29.07
BATT-006,297,344.95,31.49,542,59.66,0.482,83.86,62.38,31.12
BATT-006,298,345.12,31.84,544,63.87,0.545,83.8,65.19,29.7
BATT-006,299,345.25,34.61,546,56.64,0.594,83.75,62.81,31.54
BATT-006,300,343.99,30.41,548,57.92,0.695,83.69,64.02,28.26
BATT-006,301,343.42,33.7,549,55.62,0.566,83.64,63.02,29.95
BATT-006,302,344.53,31.65,551,56.99,0.547,83.58,65.5,29.19
BATT-006,303,345.64,32.11,553,59.96,0.588,83.53,62.88,28.24
BATT-006,304,344.27,33.68,555,54.74,0.4,83.48,64.64,30.01
BATT-006,305,344.56,36.31,557,61.39,0.47,83.43,64.2,32.75
BATT-006,306,343.99,30.21,559,61.38,0.536,83.37,64.08,28.9
BATT-006,307,343.76,32.56,561,58.59,0.509,83.32,64.0,30.03
BATT-006,308,344.67,32.02,562,54.71,0.438,83.27,63.2,28.29
BATT-006,309,344.04,30.89,564,60.3,0.635,83.21,61.38,28.1
BATT-006,310,344.43,32.22,566,56.64,0.587,83.16,65.13,29.15
BATT-006,311,344.49,30.82,568,59.95,0.578,83.11,63.66,29.7
BATT-006,312,344.35,34.24,570,66.26,0.511,83.06,65.42,29.8
BATT-006,313,344.5,31.84,571,52.15,0.573,83.0,64.69,30.12
BATT-006,314,343.35,28.54,573,72.71,0.608,82.94,65.64,28.02
BATT-006,315,343.28,31.77,575,59.23,0.545,82.89,65.35,29.6
BATT-006,316,343.96,31.4,577,62.14,0.602,82.84,62.17,31.34
BATT-006,317,343.96,30.02,578,55.15,0.503,82.78,65.35,28.59
BATT-006,318,343.54,35.22,580,66.52,0.574,82.73,64.5,30.14
BATT-006,319,344.13,33.3,582,58.92,0.658,82.68,66.09,31.16
BATT-006,320,344.64,30.69,584,57.31,0.665,82.62,65.62,29.6
BATT-006,321,344.85,33.87,586,56.22,0.673,82.56,65.73,31.33
BATT-006,322,345.01,30.21,588,58.06,0.589,82.51,64.95,28.59
BATT-006,323,342.81,35.63,589,62.18,0.569,82.46,64.41,32.25
BATT-006,324,342.91,33.15,591,60.71,0.53,82.4,65.0,31.52
BATT-006,325,343.59,33.89,594,59.43,0.422,82.34,63.73,31.11
BATT-006,326,343.87,34.13,596,55.4,0.459,82.29,65.03,32.76
BATT-006,327,343.59,35.75,598,55.06,0.553,82.23,64.26,30.64
BATT-006,328,343.32,33.28,600,56.9,0.558,82.18,64.38,30.26
BATT-006,329,343.5,35.67,602,62.43,0.679,82.13,66.02,33.3
BATT-006,330,344.11,36.28,604,63.64,0.672,82.08,66.54,34.06
BATT-006,331,342.64,32.27,606,64.45,0.511,82.02,66.07,30.31
BATT-006,332,345.56,32.99,608,59.66,0.632,81.97,65.71,31.24
BATT-006,333,343.69,34.76,609,61.97,0.528,81.91,65.35,33.03
BATT-006,334,344.49,35.6,611,58.66,0.621,81.86,66.08,31.41
BATT-006,335,343.17,34.44,613,49.22,0.631,81.8,65.67,32.48
BATT-006,336,344.07,33.2,615,58.37,0.666,81.75,66.53,32.81
BATT-006,337,343.68,32.21,617,57.42,0.527,81.7,65.16,30.86
BATT-006,338,344.26,35.84,618,53.44,0.648,81.64,67.49,32.39
BATT-006,339,343.4,34.08,620,56.27,0.417,81.59,66.31,31.82
BATT-006,340,344.78,32.44,621,60.48,0.67,81.53,67.36,30.06
BATT-006,341,342.33,34.15,623,52.87,0.564,81.49,67.96,30.46
BATT-006,342,344.26,32.77,625,55.41,0.566,81.43,67.5,31.03
BATT-006,343,343.58,36.62,627,68.96,0.403,81.37,68.07,33.47
BATT-006,344,342.65,35.43,629,50.05,0.535,81.32,65.3,33.58
BATT-006,345,345.01,36.42,631,58.57,0.675,81.27,66.96,33.33
BATT-006,346,344.91,35.05,632,52.67,0.532,81.23,68.64,32.93
BATT-006,347,341.75,35.23,634,55.16,0.623,81.17,68.15,32.95
BATT-006,348,343.53,36.15,636,58.48,0.569,81.11,69.59,32.81
BATT-006,349,343.93,36.34,638,53.74,0.651,81.06,69.55,33.08
BATT-006,350,343.7,35.59,640,63.11,0.582,81.0,68.25,33.24
BATT-006,351,344.54,32.53,641,67.78,0.492,80.94,67.8,30.49
BATT-006,352,344.36,35.59,643,64.72,0.571,80.89,67.19,31.48
BATT-006,353,343.5,34.29,645,65.82,0.694,80.83,67.77,31.19
BATT-006,354,345.09,36.58,646,51.39,0.606,80.77,67.94,34.46
BATT-006,355,344.0,37.21,648,58.21,0.557,80.72,67.86,35.35
BATT-006,356,342.95,33.22,650,62.47,0.747,80.66,67.64,29.68
BATT-006,357,342.77,37.98,652,64.9,0.659,80.61,69.05,35.35
BATT-006,358,344.19,35.55,655,70.19,0.632,80.56,70.44,33.2
BATT-006,359,342.54,37.29,657,66.08,0.592,80.5,69.78,34.66
BATT-006,360,342.83,36.82,659,65.05,0.625,80.45,68.62,33.97
BATT-006,361,342.94,37.89,661,75.47,0.627,80.38,70.07,35.43
BATT-006,362,343.4,37.38,662,60.25,0.392,80.33,69.51,33.66
BATT-006,363,342.94,35.14,664,57.94,0.598,80.27,69.22,31.37
BATT-006,364,342.02,36.37,666,60.73,0.554,80.21,69.26,33.32
BATT-006,365,343.99,38.21,668,54.18,0.526,80.16,69.26,34.32
BATT-007,1,350.31,39.55,2,69.09,0.623,99.94,36.67,35.17
BATT-007,2,350.96,44.3,4,62.25,0.747,99.88,36.61,38.88
BATT-007,3,348.63,39.06,6,83.1,0.684,99.81,35.88,36.37
BATT-007,4,350.47,41.49,9,74.4,0.608,99.75,35.55,37.89
BATT-007,5,350.68,39.91,11,68.65,0.532,99.68,37.5,37.0
BATT-007,6,350.61,40.16,13,59.59,0.533,99.61,35.9,38.1
BATT-007,7,349.52,40.15,16,61.04,0.632,99.55,36.93,37.05
BATT-007,8,350.23,42.25,18,71.44,0.601,99.49,38.07,36.61
BATT-007,9,349.18,41.56,20,58.78,0.542,99.42,37.06,37.97
BATT-007,10,349.54,45.87,22,58.97,0.656,99.36,35.34,40.13
BATT-007,11,348.92,41.91,24,67.01,0.593,99.3,35.21,36.06
BATT-007,12,349.12,44.48,26,67.76,0.657,99.23,36.27,37.72
BATT-007,13,349.52,42.26,28,69.24,0.511,99.17,37.39,36.59
BATT-007,14,349.29,43.55,30,64.32,0.669,99.1,37.25,37.43
BATT-007,15,349.06,40.89,33,72.48,0.63,99.04,39.12,36.8
BATT-007,16,348.6,37.56,34,61.79,0.685,98.97,37.47,33.56
BATT-007,17,351.19,40.63,36,70.72,0.668,98.91,36.81,36.57
BATT-007,18,349.2,42.2,39,68.24,0.583,98.85,36.13,38.43
BATT-007,19,349.84,39.77,41,70.56,0.576,98.78,38.56,35.85
BATT-007,20,348.14,42.96,43,74.05,0.732,98.72,37.49,38.45
BATT-007,21,350.62,40.7,45,64.23,0.566,98.66,36.1,37.4
BATT-007,22,349.64,39.29,47,62.99,0.649,98.59,37.75,36.91
BATT-007,23,349.13,42.75,50,56.83,0.559,98.53,36.84,38.62
BATT-007,24,349.12,41.42,51,54.85,0.441,98.47,37.52,38.34
BATT-007,25,350.14,41.19,54,65.9,0.491,98.41,38.06,38.02
BATT-007,26,347.06,42.59,56,66.31,0.622,98.34,37.26,38.97
BATT-007,27,348.74,41.21,58,60.44,0.646,98.29,37.78,37.82
BATT-007,28,349.28,39.98,60,61.73,0.622,98.22,37.65,35.11
BATT-007,29,349.25,40.66,63,76.1,0.681,98.15,37.8,37.07
BATT-007,30,351.33,39.91,65,72.21,0.621,98.08,37.63,34.99
BATT-007,31,349.03,42.71,67,59.39,0.527,98.01,38.28,38.74
BATT-007,32,350.07,42.83,69,64.31,0.637,97.95,37.98,39.16
BATT-007,33,350.71,43.21,71,69.4,0.603,97.89,39.57,39.29
BATT-007,34,349.78,41.14,73,63.2,0.543,97.83,39.29,38.67
BATT-007,35,348.68,43.54,75,62.11,0.627,97.77,40.39,39.44
BATT-007,36,348.17,40.3,77,64.93,0.596,97.7,41.21,35.68
BATT-007,37,349.77,42.7,79,73.5,0.541,97.64,40.11,37.94
BATT-007,38,350.47,38.45,81,74.05,0.575,97.58,40.0,36.04
BATT-007,39,349.57,39.92,83,62.55,0.703,97.52,40.4,37.68
BATT-007,40,350.09,43.92,86,69.72,0.7,97.45,40.24,40.69
BATT-007,41,351.16,45.11,88,66.92,0.605,97.38,39.95,39.96
BATT-007,42,349.73,43.35,90,60.91,0.594,97.33,39.97,39.37
BATT-007,43,348.16,41.14,92,65.18,0.475,97.27,39.08,38.15
BATT-007,44,349.06,39.3,94,59.37,0.727,97.2,41.07,36.99
BATT-007,45,350.09,41.89,96,73.94,0.672,97.13,40.32,38.81
BATT-007,46,348.77,43.26,98,76.27,0.65,97.07,41.91,40.24
BATT-007,47,350.15,43.94,100,64.5,0.408,97.0,41.5,39.24
BATT-007,48,348.88,41.07,103,63.07,0.593,96.94,40.07,36.3
BATT-007,49,349.17,41.59,105,73.29,0.579,96.87,42.06,38.88
BATT-007,50,348.6,40.42,107,74.26,0.644,96.81,38.37,35.9
BATT-007,51,348.99,44.43,109,60.27,0.553,96.74,42.98,40.02
BATT-007,52,349.01,40.4,111,66.07,0.571,96.69,39.81,37.82
BATT-007,53,347.53,40.75,113,66.61,0.639,96.63,41.76,37.07
BATT-007,54,348.44,44.28,115,62.34,0.528,96.56,41.8,40.17
BATT-007,55,347.79,43.75,117,69.28,0.544,96.5,42.62,39.82
BATT-007,56,348.42,41.43,119,62.76,0.605,96.43,41.28,39.37
BATT-007,57,348.09,46.25,121,63.72,0.697,96.36,39.59,42.35
BATT-007,58,349.52,44.46,124,66.35,0.654,96.3,41.51,40.06
BATT-007,59,349.5,43.52,126,58.03,0.676,96.24,41.74,38.17
BATT-007,60,349.11,43.05,128,54.62,0.595,96.18,40.01,39.96
BATT-007,61,347.63,42.0,131,72.47,0.709,96.11,42.23,38.79
BATT-007,62,348.54,44.71,133,62.52,0.45,96.05,41.22,41.15
BATT-007,63,347.52,43.76,135,79.77,0.751,95.99,43.06,39.7
BATT-007,64,348.45,43.75,137,78.79,0.762,95.92,42.29,39.89
BATT-007,65,349.07,41.55,139,63.92,0.626,95.86,44.6,37.18
BATT-007,66,349.32,42.11,141,80.99,0.656,95.79,42.5,39.47
BATT-007,67,348.88,43.48,143,72.59,0.586,95.73,43.31,39.32
BATT-007,68,349.49,40.92,145,63.09,0.573,95.67,42.77,37.9
BATT-007,69,348.67,42.75,147,51.47,0.541,95.61,41.47,39.13
BATT-007,70,348.25,45.62,149,71.09,0.586,95.54,43.01,40.14
BATT-007,71,349.12,41.87,151,67.15,0.634,95.48,44.08,39.51
BATT-007,72,349.12,40.91,153,69.55,0.623,95.42,44.04,37.42
BATT-007,73,347.95,41.64,155,65.59,0.748,95.35,43.26,39.15
BATT-007,74,348.65,42.8,157,60.1,0.598,95.29,42.21,38.88
BATT-007,75,348.1,44.71,159,64.4,0.47,95.23,44.42,39.89
BATT-007,76,346.7,43.69,161,71.2,0.721,95.17,44.29,39.75
BATT-007,77,348.64,42.67,164,64.83,0.492,95.11,44.84,39.03
BATT-007,78,347.23,44.08,166,64.8,0.545,95.05,43.83,38.98
BATT-007,79,348.51,43.87,168,57.84,0.611,94.99,42.52,39.78
BATT-007,80,346.99,45.72,170,67.51,0.623,94.92,44.86,41.14
BATT-007,81,347.62,44.6,172,60.29,0.474,94.86,44.43,40.12
BATT-007,82,347.83,42.74,174,72.47,0.53,94.8,45.95,41.85
BATT-007,83,349.12,45.12,176,62.56,0.471,94.73,44.7,41.43
BATT-007,84,347.7,44.67,179,65.19,0.639,94.66,44.75,41.98
BATT-007,85,347.25,44.74,181,79.94,0.684,94.59,45.34,41.8
BATT-007,86,348.37,47.34,183,65.12,0.492,94.52,44.45,42.1
BATT-007,87,347.89,41.42,186,64.32,0.669,94.46,44.51,38.03
BATT-007,88,348.67,46.4,188,70.47,0.664,94.4,45.17,40.74
BATT-007,89,347.21,43.96,190,56.25,0.537,94.33,44.46,41.6
BATT-007,90,348.16,44.56,192,74.46,0.431,94.27,45.27,41.88
BATT-007,91,349.95,43.15,194,72.92,0.504,94.21,47.55,38.62
BATT-007,92,347.76,44.19,196,70.11,0.542,94.15,46.77,40.77
BATT-007,93,348.08,43.96,198,46.7,0.713,94.09,46.13,39.89
BATT-007,94,346.58,46.2,200,65.4,0.58,94.03,47.49,42.55
BATT-007,95,347.2,41.32,202,59.32,0.509,93.96,45.23,37.69
BATT-007,96,348.23,42.08,205,73.7,0.601,93.9,48.66,38.62
BATT-007,97,347.58,40.99,207,73.28,0.486,93.83,45.83,37.05
BATT-007,98,348.31,44.38,209,69.29,0.631,93.77,48.4,39.98
BATT-007,99,348.14,48.53,212,59.74,0.511,93.71,48.5,43.15
BATT-007,100,346.72,43.24,214,75.93,0.523,93.64,44.87,39.68
BATT-007,101,348.56,43.26,216,65.39,0.62,93.58,48.21,39.89
BATT-007,102,346.74,43.79,218,77.79,0.73,93.52,46.57,40.55
BATT-007,103,347.1,44.77,220,68.55,0.765,93.45,46.41,39.54
BATT-007,104,347.87,44.7,222,70.0,0.506,93.39,47.61,40.25
BATT-007,105,348.92,42.14,225,64.2,0.542,93.33,46.19,40.27
BATT-007,106,346.84,40.22,227,75.4,0.631,93.26,47.82,38.4
BATT-007,107,347.74,42.44,229,70.61,0.683,93.2,46.49,39.51
BATT-007,108,347.72,44.74,231,75.62,0.416,93.13,47.73,40.75
BATT-007,109,348.1,44.74,233,68.03,0.596,93.06,49.01,41.01
BATT-007,110,348.5,45.82,235,66.68,0.551,93.0,48.17,41.54
BATT-007,111,347.21,43.67,237,70.53,0.436,92.94,47.54,40.08
BATT-007,112,348.31,45.25,240,75.62,0.483,92.87,48.56,40.08
BATT-007,113,348.55,45.19,242,73.06,0.544,92.81,46.73,40.65
BATT-007,114,348.89,42.45,244,67.79,0.594,92.74,47.41,38.61
BATT-007,115,347.84,43.43,246,55.82,0.67,92.68,47.93,38.52
BATT-007,116,347.54,41.38,248,71.82,0.618,92.62,49.26,39.26
BATT-007,117,347.02,41.19,250,58.33,0.665,92.56,48.99,37.51
BATT-007,118,346.21,43.91,252,67.17,0.592,92.5,49.23,40.0
BATT-007,119,347.13,45.3,254,66.27,0.533,92.44,48.78,40.94
BATT-007,120,347.42,40.32,256,58.45,0.575,92.37,48.12,38.27
BATT-007,121,347.22,43.46,258,69.19,0.645,92.31,50.52,39.95
BATT-007,122,347.77,42.49,260,79.89,0.672,92.25,48.44,38.32
BATT-007,123,346.1,41.95,263,65.08,0.578,92.19,49.67,37.71
BATT-007,124,347.1,47.23,265,71.56,0.515,92.13,49.24,42.28
BATT-007,125,348.82,42.18,267,81.09,0.616,92.06,50.05,37.66
BATT-007,126,347.99,40.91,269,72.14,0.628,91.99,49.0,37.2
BATT-007,127,347.67,43.85,271,63.09,0.688,91.93,50.77,39.41
BATT-007,128,347.46,43.01,273,68.38,0.535,91.86,51.21,39.45
BATT-007,129,346.84,43.92,275,69.84,0.536,91.8,50.94,40.01
BATT-007,130,345.7,46.53,277,75.56,0.65,91.73,50.23,41.97
BATT-007,131,347.45,41.48,280,74.24,0.557,91.67,49.75,37.76
BATT-007,132,345.1,42.14,282,50.34,0.554,91.6,53.12,38.01
BATT-007,133,346.78,45.97,284,61.82,0.69,91.54,49.43,41.25
BATT-007,134,347.01,44.68,286,66.54,0.48,91.47,51.41,40.2
BATT-007,135,346.64,44.94,288,60.87,0.754,91.41,50.98,39.94
BATT-007,136,348.71,43.91,290,44.76,0.54,91.36,50.67,37.81
BATT-007,137,348.42,44.81,293,62.61,0.659,91.3,51.03,40.34
BATT-007,138,347.76,43.11,295,66.94,0.581,91.24,50.45,39.81
BATT-007,139,346.17,43.11,297,63.81,0.611,91.17,51.51,38.84
BATT-007,140,348.42,41.86,299,60.98,0.568,91.11,51.51,37.63
BATT-007,141,347.36,42.99,301,67.21,0.658,91.04,53.99,38.61
BATT-007,142,346.09,46.13,303,69.02,0.562,90.97,52.51,40.87
BATT-007,143,346.84,38.79,305,64.15,0.544,90.91,52.07,36.71
BATT-007,144,347.56,42.37,307,75.19,0.735,90.84,52.25,37.09
BATT-007,145,346.29,42.91,309,67.31,0.592,90.77,53.64,37.3
BATT-007,146,346.86,41.9,311,61.73,0.535,90.71,50.93,37.57
BATT-007,147,346.98,42.46,313,60.21,0.47,90.65,51.83,38.11
BATT-007,148,345.83,43.04,315,65.68,0.739,90.59,50.21,39.51
BATT-007,149,346.47,42.48,317,73.64,0.545,90.53,52.79,38.71
BATT-007,150,345.84,42.51,319,62.02,0.754,90.47,53.19,38.05
BATT-007,151,347.34,42.72,321,70.54,0.621,90.4,51.47,38.32
BATT-007,152,345.89,43.26,324,67.53,0.601,90.34,54.01,38.78
BATT-007,153,346.83,39.65,326,78.92,0.603,90.27,51.98,35.26
BATT-007,154,345.46,43.99,328,69.3,0.767,90.21,52.47,39.33
BATT-007,155,345.65,40.98,330,62.77,0.414,90.15,53.03,36.42
BATT-007,156,345.59,39.68,332,71.38,0.607,90.09,54.61,36.94
BATT-007,157,346.28,42.65,335,71.58,0.568,90.03,52.28,38.05
BATT-007,158,346.63,42.99,337,64.58,0.572,89.97,53.53,37.37
BATT-007,159,346.76,41.89,339,59.98,0.601,89.91,54.13,38.15
BATT-007,160,345.03,42.83,341,70.18,0.568,89.84,54.05,37.57
BATT-007,161,346.29,39.7,343,67.34,0.605,89.77,54.2,36.86
BATT-007,162,345.8,43.25,345,57.86,0.588,89.72,54.46,39.52
BATT-007,163,346.81,41.35,347,68.49,0.484,89.65,53.25,38.22
BATT-007,164,346.14,42.69,350,63.14,0.62,89.59,55.62,37.55
BATT-007,165,346.27,43.48,352,57.87,0.647,89.52,53.94,38.07
BATT-007,166,345.71,39.57,354,64.85,0.546,89.45,53.92,35.91
BATT-007,167,347.67,45.1,356,74.66,0.739,89.39,55.62,40.16
BATT-007,168,345.24,40.62,358,74.21,0.696,89.33,53.76,35.2
BATT-007,169,345.92,40.67,361,72.64,0.657,89.26,54.83,36.94
BATT-007,170,346.31,40.17,362,68.58,0.656,89.2,53.9,36.27
BATT-007,171,346.0,40.65,364,70.53,0.592,89.14,57.26,36.15
BATT-007,172,345.56,38.81,366,67.55,0.681,89.07,57.16,35.88
BATT-007,173,344.71,39.22,368,60.33,0.715,89.01,54.85,35.34
BATT-007,174,345.58,44.12,370,61.53,0.654,88.95,55.59,38.21
BATT-007,175,345.34,37.82,372,63.32,0.544,88.89,55.19,34.56
BATT-007,176,347.43,42.39,375,75.37,0.586,88.82,54.96,37.77
BATT-007,177,347.88,41.49,377,73.42,0.635,88.76,55.55,37.2
BATT-007,178,346.0,39.19,379,60.48,0.657,88.69,55.5,35.59
BATT-007,179,344.9,40.87,381,67.28,0.583,88.63,54.14,36.89
BATT-007,180,346.59,41.3,383,64.54,0.544,88.56,56.05,35.78
BATT-007,181,345.19,38.62,385,66.03,0.716,88.49,55.86,34.3
BATT-007,182,345.51,38.72,388,63.74,0.504,88.43,56.33,34.25
BATT-007,183,345.42,42.16,390,75.39,0.514,88.36,56.06,36.8
BATT-007,184,345.5,40.13,392,66.85,0.483,88.3,55.89,36.65
BATT-007,185,345.6,38.76,394,68.26,0.514,88.23,57.25,36.04
BATT-007,186,344.81,40.55,396,68.31,0.689,88.16,57.02,35.02
BATT-007,187,345.27,39.15,398,60.79,0.692,88.1,58.0,35.25
BATT-007,188,346.63,39.64,400,67.61,0.584,88.04,57.21,34.98
BATT-007,189,345.76,35.78,403,73.33,0.629,87.97,56.64,32.78
BATT-007,190,345.87,39.58,404,75.8,0.589,87.91,57.56,35.42
BATT-007,191,343.96,38.72,407,60.07,0.494,87.85,55.07,36.05
BATT-007,192,346.48,39.13,409,57.85,0.767,87.79,59.27,35.3
BATT-007,193,345.16,40.9,411,67.33,0.699,87.73,57.54,37.78
BATT-007,194,346.58,36.44,413,73.62,0.618,87.67,59.56,33.55
BATT-007,195,345.79,37.46,415,69.12,0.521,87.61,56.62,34.0
BATT-007,196,345.19,36.6,417,71.04,0.572,87.54,56.49,35.12
BATT-007,197,344.28,37.83,419,58.8,0.534,87.48,58.09,35.22
BATT-007,198,347.33,36.49,421,63.53,0.597,87.41,58.21,31.94
BATT-007,199,346.22,39.74,423,53.78,0.614,87.35,58.29,35.63
BATT-007,200,346.24,37.72,425,66.1,0.562,87.29,58.25,35.03
BATT-007,201,346.99,35.73,428,53.97,0.473,87.23,57.54,31.41
BATT-007,202,345.69,37.24,430,74.96,0.76,87.17,56.8,34.35
BATT-007,203,346.57,37.74,432,76.29,0.609,87.1,58.69,33.25
BATT-007,204,345.08,37.37,434,67.8,0.626,87.03,57.24,33.72
BATT-007,205,346.03,35.76,436,57.88,0.556,86.97,57.26,32.33
BATT-007,206,344.91,38.57,439,69.21,0.465,86.9,58.38,34.89
BATT-007,207,344.99,43.17,440,78.11,0.583,86.84,59.31,36.85
BATT-007,208,345.45,37.55,442,69.81,0.564,86.77,60.99,34.54
BATT-007,209,344.33,34.83,444,74.07,0.646,86.7,60.1,30.84
BATT-007,210,345.59,38.99,446,64.05,0.662,86.64,60.67,34.45
BATT-007,211,345.05,36.47,448,61.73,0.651,86.58,60.0,33.66
BATT-007,212,343.69,34.41,451,66.53,0.669,86.52,59.82,32.24
BATT-007,213,344.89,37.53,453,55.4,0.734,86.45,62.08,34.36
BATT-007,214,344.96,39.62,455,80.54,0.621,86.39,58.36,35.09
BATT-007,215,345.9,36.14,457,67.8,0.677,86.33,59.39,32.71
BATT-007,216,345.42,34.72,459,72.16,0.629,86.27,59.57,31.19
BATT-007,217,346.33,35.26,461,64.19,0.437,86.2,60.91,30.58
BATT-007,218,345.56,35.5,464,57.7,0.577,86.14,59.16,32.54
BATT-007,219,344.68,36.93,466,75.51,0.52,86.07,61.03,33.25
BATT-007,220,345.05,34.91,468,60.22,0.608,86.0,60.96,32.65
BATT-007,221,344.8,36.43,470,69.05,0.526,85.94,61.31,32.35
BATT-007,222,345.45,38.16,472,69.62,0.638,85.87,61.41,34.17
BATT-007,223,345.08,38.52,474,67.4,0.668,85.81,62.27,33.96
BATT-007,224,344.51,36.13,477,62.25,0.686,85.74,60.8,33.51
BATT-007,225,344.99,37.96,478,66.06,0.719,85.68,61.49,34.38
BATT-007,226,345.34,34.61,481,61.26,0.455,85.62,60.34,32.12
BATT-007,227,344.14,34.93,483,71.81,0.494,85.55,60.23,31.41
BATT-007,228,345.18,37.47,485,70.39,0.824,85.49,63.07,32.22
BATT-007,229,343.64,35.51,487,66.83,0.67,85.43,60.6,32.07
BATT-007,230,345.76,32.23,489,63.55,0.607,85.37,62.16,29.83
BATT-007,231,345.28,35.13,491,79.6,0.592,85.31,62.17,32.04
BATT-007,232,346.14,36.63,494,59.15,0.585,85.24,62.93,34.47
BATT-007,233,343.92,36.44,496,57.69,0.435,85.18,60.21,33.97
BATT-007,234,345.69,37.95,498,66.47,0.528,85.11,62.89,33.51
BATT-007,235,345.51,35.2,500,65.41,0.581,85.05,62.05,32.88
BATT-007,236,344.6,38.89,502,73.55,0.532,84.98,61.62,34.81
BATT-007,237,344.42,34.79,504,70.84,0.543,84.91,62.1,31.0
BATT-007,238,343.83,34.34,506,67.14,0.794,84.84,63.5,31.11
BATT-007,239,343.6,38.19,508,69.96,0.569,84.78,63.32,34.2
BATT-007,240,344.05,35.34,510,69.85,0.612,84.71,62.58,32.52
BATT-007,241,343.62,36.03,512,79.58,0.609,84.65,61.69,31.43
BATT-007,242,345.88,36.29,514,68.48,0.637,84.58,61.88,33.23
BATT-007,243,343.38,35.08,517,62.87,0.551,84.51,63.82,31.7
BATT-007,244,344.68,34.33,519,68.15,0.689,84.45,61.9,31.07
BATT-007,245,344.88,35.45,521,51.25,0.625,84.39,63.17,30.99
BATT-007,246,344.8,37.05,523,66.76,0.487,84.33,66.08,32.74
BATT-007,247,344.85,33.68,525,73.52,0.581,84.26,63.98,32.54
BATT-007,248,345.22,38.49,527,70.57,0.576,84.19,64.38,34.47
BATT-007,249,344.09,33.75,530,68.75,0.572,84.13,62.7,31.73
BATT-007,250,344.49,35.1,532,70.86,0.63,84.06,62.65,31.68
BATT-007,251,344.17,37.92,534,73.58,0.64,84.0,64.78,34.27
BATT-007,252,345.42,36.97,537,75.51,0.631,83.93,63.83,33.56
BATT-007,253,346.03,36.54,539,69.64,0.617,83.86,65.4,32.27
BATT-007,254,343.38,34.18,541,65.06,0.596,83.8,64.48,29.69
BATT-007,255,342.68,33.78,543,53.08,0.417,83.74,68.01,30.79
BATT-007,256,344.74,33.36,545,72.83,0.652,83.67,64.11,30.4
BATT-007,257,345.12,35.75,547,70.05,0.629,83.61,65.09,32.02
BATT-007,258,345.81,33.4,549,67.88,0.511,83.54,64.02,31.18
BATT-007,259,344.81,37.62,551,62.83,0.612,83.48,66.06,34.33
BATT-007,260,345.31,34.66,553,72.75,0.641,83.42,65.58,29.55
BATT-007,261,345.5,32.41,555,65.42,0.683,83.36,64.28,30.15
BATT-007,262,345.32,35.67,558,66.75,0.63,83.29,65.05,32.24
BATT-007,263,344.83,35.82,560,66.62,0.615,83.22,66.86,32.64
BATT-007,264,343.08,33.74,562,69.66,0.665,83.16,66.85,27.97
BATT-007,265,344.08,32.46,564,60.07,0.565,83.1,64.29,29.23
BATT-007,266,344.3,34.71,566,70.34,0.622,83.03,65.36,31.43
BATT-007,267,343.96,36.58,568,62.63,0.54,82.98,67.75,33.85
BATT-007,268,343.99,38.41,570,62.85,0.678,82.91,65.88,34.64
BATT-007,269,345.25,35.21,573,72.27,0.461,82.84,66.36,31.18
BATT-007,270,343.36,34.42,575,60.99,0.655,82.77,67.32,31.54
BATT-007,271,344.59,35.29,577,72.26,0.591,82.71,65.08,30.53
BATT-007,272,344.18,36.77,579,67.57,0.667,82.64,65.6,32.73
BATT-007,273,343.21,38.69,581,57.07,0.527,82.57,66.33,34.07
BATT-007,274,343.02,37.1,583,75.15,0.597,82.51,67.98,33.66
BATT-007,275,342.49,35.74,585,68.82,0.594,82.44,67.91,31.74
BATT-007,276,344.22,34.07,587,69.32,0.624,82.37,67.74,30.52
BATT-007,277,343.76,37.02,589,73.0,0.506,82.31,66.99,31.79
BATT-007,278,343.12,37.74,591,75.96,0.64,82.24,68.38,33.86
BATT-007,279,342.26,34.96,593,68.17,0.442,82.18,67.21,31.19
BATT-007,280,344.09,32.38,595,70.66,0.536,82.11,68.06,29.07
BATT-007,281,343.58,34.51,598,69.19,0.464,82.05,68.51,31.26
BATT-007,282,343.12,35.39,600,64.9,0.656,81.99,69.41,31.39
BATT-007,283,342.9,33.67,602,57.46,0.622,81.92,67.77,29.09
BATT-007,284,343.46,35.26,604,68.25,0.626,81.86,67.58,32.18
BATT-007,285,344.0,36.49,606,75.23,0.707,81.79,69.36,32.6
BATT-007,286,343.34,38.59,608,70.46,0.564,81.73,69.55,34.64
BATT-007,287,342.63,33.99,611,60.56,0.638,81.67,67.74,29.87
BATT-007,288,343.51,35.04,613,73.55,0.595,81.6,67.3,32.98
BATT-007,289,344.38,36.19,616,65.1,0.583,81.54,69.74,33.35
BATT-007,290,343.55,35.09,618,54.41,0.694,81.48,66.98,32.7
BATT-007,291,343.55,34.22,620,73.07,0.756,81.41,67.05,30.42
BATT-007,292,343.21,33.22,622,61.29,0.555,81.35,68.59,30.36
BATT-007,293,342.74,35.39,624,77.64,0.656,81.28,68.99,32.12
BATT-007,294,342.69,34.7,627,73.85,0.615,81.22,67.94,32.13
BATT-007,295,342.07,34.54,629,65.59,0.616,81.16,69.33,31.18
BATT-007,296,344.33,36.62,631,69.72,0.609,81.09,69.49,33.98
BATT-007,297,343.73,35.99,633,81.5,0.563,81.02,68.87,31.47
BATT-007,298,343.4,33.5,636,72.96,0.303,80.96,71.5,29.26
BATT-007,299,343.55,35.7,638,68.39,0.712,80.89,70.01,31.79
BATT-007,300,343.56,36.33,640,84.29,0.534,80.82,70.83,32.87
BATT-007,301,342.68,34.42,642,67.67,0.57,80.76,68.36,32.69
BATT-007,302,342.98,36.02,644,70.45,0.572,80.7,68.47,32.71
BATT-007,303,342.84,37.49,646,61.34,0.527,80.63,70.51,34.48
BATT-007,304,345.21,34.62,648,56.91,0.609,80.57,72.02,30.6
BATT-007,305,343.99,36.06,650,65.23,0.586,80.51,69.26,31.67
BATT-007,306,343.29,38.75,652,67.19,0.532,80.44,70.53,34.66
BATT-007,307,344.23,34.46,654,68.94,0.601,80.38,69.27,29.43
BATT-007,308,344.1,35.53,657,58.44,0.587,80.32,69.89,32.34
BATT-007,309,341.99,37.45,659,70.92,0.664,80.26,70.92,34.3
BATT-007,310,342.89,39.12,662,61.98,0.482,80.2,70.33,34.31
BATT-007,311,343.03,37.45,664,70.61,0.525,80.14,69.64,33.52
BATT-007,312,343.51,37.12,665,72.57,0.648,80.07,69.74,33.6
BATT-007,313,342.82,36.67,668,64.59,0.538,80.01,69.29,31.05
BATT-007,314,342.9,39.06,670,61.18,0.517,79.95,71.76,34.72
BATT-007,315,342.59,34.48,673,76.22,0.542,79.88,72.0,30.9
BATT-007,316,343.77,34.11,675,72.2,0.581,79.82,72.11,31.04
BATT-007,317,341.76,38.46,677,67.87,0.582,79.75,70.72,33.37
BATT-007,318,342.55,36.07,679,75.77,0.573,79.68,72.76,32.1
BATT-007,319,341.39,36.98,681,67.46,0.507,79.62,72.57,33.19
BATT-007,320,342.02,38.02,683,63.24,0.651,79.56,71.98,33.58
BATT-007,321,343.08,40.29,686,60.95,0.696,79.5,71.94,35.65
BATT-007,322,343.07,38.0,688,66.31,0.437,79.44,71.55,33.68
BATT-007,323,342.53,36.8,690,71.59,0.465,79.37,72.52,32.15
BATT-007,324,343.66,38.36,692,75.3,0.67,79.3,74.06,34.15
BATT-007,325,343.82,36.26,694,67.1,0.715,79.24,73.7,31.94
BATT-007,326,342.65,37.64,696,74.24,0.419,79.17,72.43,34.61
BATT-007,327,342.89,38.96,699,65.67,0.655,79.11,73.33,33.39
BATT-007,328,342.3,36.48,701,62.27,0.721,79.04,71.8,33.95
BATT-007,329,343.15,34.8,703,59.12,0.521,78.98,73.75,30.73
BATT-007,330,341.67,32.51,705,63.92,0.716,78.92,72.3,30.08
BATT-007,331,344.04,34.93,707,59.35,0.575,78.86,73.93,31.26
BATT-007,332,343.49,39.38,709,79.02,0.615,78.8,76.32,36.19
BATT-007,333,341.6,35.81,711,69.6,0.532,78.73,72.91,31.91
BATT-007,334,341.9,38.89,713,66.39,0.67,78.67,76.51,34.78
BATT-007,335,342.85,35.59,715,77.29,0.656,78.6,74.2,32.78
BATT-007,336,342.22,37.18,717,59.15,0.727,78.54,73.07,33.44
BATT-007,337,342.9,38.96,719,66.14,0.705,78.48,73.14,33.8
BATT-007,338,342.15,38.84,722,78.96,0.589,78.41,76.42,36.39
BATT-007,339,343.64,37.77,723,66.1,0.838,78.34,74.66,34.86
BATT-007,340,342.4,39.25,726,81.64,0.698,78.28,73.72,34.63
BATT-007,341,344.31,39.9,727,71.67,0.633,78.21,74.2,36.06
BATT-007,342,342.83,37.14,730,74.8,0.51,78.15,74.95,33.22
BATT-007,343,341.25,40.63,732,74.97,0.467,78.09,74.62,35.84
BATT-007,344,343.98,38.62,734,66.97,0.474,78.03,75.09,35.65
BATT-007,345,343.16,38.94,736,64.03,0.515,77.96,76.64,35.7
BATT-007,346,342.57,37.32,738,66.27,0.7,77.89,73.85,34.2
BATT-007,347,342.76,37.25,740,61.04,0.628,77.83,75.74,33.84
BATT-007,348,341.27,38.36,742,66.56,0.54,77.76,75.14,33.26
BATT-007,349,340.75,35.48,744,66.93,0.579,77.7,74.82,33.41
BATT-007,350,342.14,35.89,746,77.1,0.569,77.63,76.52,33.32
BATT-007,351,343.25,37.71,748,70.52,0.654,77.57,74.1,35.31
BATT-007,352,342.44,39.65,750,81.14,0.519,77.49,73.33,34.48
BATT-007,353,343.47,38.69,752,54.0,0.617,77.43,76.04,35.54
BATT-007,354,343.14,39.13,754,59.66,0.614,77.37,75.79,35.69
BATT-007,355,342.07,35.59,756,64.83,0.522,77.3,74.7,33.44
BATT-007,356,342.98,36.96,758,75.91,0.717,77.24,74.45,33.46
BATT-007,357,343.23,39.45,760,66.3,0.566,77.17,78.21,34.82
BATT-007,358,341.92,38.09,763,58.15,0.51,77.11,76.85,34.07
BATT-007,359,341.79,37.63,765,65.49,0.658,77.04,76.53,33.98
BATT-007,360,342.06,40.11,767,59.77,0.594,76.98,78.81,37.91
BATT-007,361,339.99,36.57,769,58.6,0.622,76.92,77.74,33.14
BATT-007,362,342.12,42.45,771,78.95,0.495,76.86,78.61,38.54
BATT-007,363,342.45,38.78,774,64.85,0.654,76.79,75.78,36.01
BATT-007,364,341.97,41.54,776,68.0,0.763,76.73,75.85,37.12
BATT-007,365,342.11,41.66,778,66.4,0.488,76.67,77.81,37.01
BATT-008,1,350.78,37.18,2,67.28,0.651,99.94,35.38,34.01
BATT-008,2,349.31,35.53,4,75.32,0.608,99.88,34.56,31.15
BATT-008,3,349.21,40.5,7,68.14,0.644,99.82,34.45,36.71
BATT-008,4,349.73,38.65,9,69.98,0.77,99.76,34.74,33.73
BATT-008,5,350.92,37.81,11,58.99,0.786,99.7,35.33,33.42
BATT-008,6,351.16,41.75,13,65.2,0.736,99.64,34.94,36.46
BATT-008,7,349.77,39.5,15,70.58,0.562,99.58,33.0,35.96
BATT-008,8,349.26,40.04,17,73.82,0.752,99.51,36.01,34.97
BATT-008,9,350.66,41.82,20,73.99,0.795,99.45,35.16,35.78
BATT-008,10,348.45,37.02,22,58.9,0.705,99.39,35.83,32.96
BATT-008,11,349.97,39.15,24,59.51,0.85,99.33,34.84,34.64
BATT-008,12,349.71,39.85,26,71.88,0.586,99.27,33.54,36.77
BATT-008,13,350.76,38.78,29,63.9,0.746,99.22,33.18,33.88
BATT-008,14,350.82,38.6,31,73.75,0.61,99.15,34.64,33.47
BATT-008,15,348.93,38.66,33,58.6,0.776,99.1,36.2,35.15
BATT-008,16,349.8,39.84,35,67.79,0.74,99.04,37.08,35.25
BATT-008,17,349.19,40.42,37,68.17,0.835,98.98,36.19,36.14
BATT-008,18,349.39,37.56,39,71.26,0.731,98.92,34.94,33.16
BATT-008,19,350.09,36.29,42,62.19,0.659,98.86,35.32,31.47
BATT-008,20,349.31,41.27,44,56.58,0.652,98.8,37.58,36.74
BATT-008,21,349.71,37.67,46,69.41,0.671,98.73,35.02,33.8
BATT-008,22,350.3,39.42,48,71.54,0.65,98.67,38.54,34.58
BATT-008,23,350.73,37.4,50,74.42,0.799,98.62,38.42,32.28
BATT-008,24,349.72,40.61,53,66.23,0.793,98.55,38.79,37.15
BATT-008,25,349.57,40.21,55,73.03,0.571,98.49,37.15,36.21
BATT-008,26,348.56,38.45,57,71.29,0.694,98.43,36.53,36.21
BATT-008,27,350.7,40.85,59,76.31,0.696,98.37,37.34,36.26
BATT-008,28,349.81,38.01,61,68.05,0.629,98.31,38.0,32.78
BATT-008,29,349.5,38.2,63,58.0,0.726,98.25,36.55,34.45
BATT-008,30,349.43,39.45,65,67.97,0.808,98.19,36.21,35.31
BATT-008,31,349.63,38.72,68,68.91,0.763,98.13,37.14,34.93
BATT-008,32,349.94,39.33,70,71.49,0.799,98.07,36.76,35.7
BATT-008,33,350.02,40.78,73,59.18,0.634,98.0,38.89,36.54
BATT-008,34,350.57,40.96,75,66.51,0.694,97.95,37.13,37.74
BATT-008,35,349.45,37.84,77,73.59,0.63,97.88,37.96,34.07
BATT-008,36,350.64,39.43,79,67.75,0.71,97.82,38.95,36.33
BATT-008,37,350.06,42.06,81,66.54,0.718,97.76,39.36,37.47
BATT-008,38,349.15,39.32,83,79.82,0.768,97.7,38.4,35.07
BATT-008,39,347.84,39.8,86,61.96,0.796,97.64,38.68,36.22
BATT-008,40,349.22,41.31,88,75.78,0.746,97.58,37.4,37.26
BATT-008,41,350.38,40.42,90,74.51,0.622,97.51,39.55,36.63
BATT-008,42,348.49,42.83,92,67.03,0.583,97.45,39.91,37.68
BATT-008,43,349.15,40.43,94,68.18,0.733,97.39,36.88,36.86
BATT-008,44,349.2,40.95,96,68.16,0.811,97.33,40.62,36.31
BATT-008,45,349.8,38.37,99,69.47,0.689,97.27,38.27,35.07
BATT-008,46,348.71,42.07,101,64.81,0.569,97.21,39.68,37.24
BATT-008,47,348.3,42.12,102,65.81,0.858,97.14,39.27,37.07
BATT-008,48,349.43,40.57,105,66.25,0.73,97.08,39.24,35.48
BATT-008,49,348.36,43.37,107,66.44,0.705,97.02,39.21,37.89
BATT-008,50,347.47,43.27,109,66.51,0.598,96.96,38.53,38.97
BATT-008,51,350.39,41.36,111,54.93,0.693,96.9,40.16,36.12
BATT-008,52,349.64,41.69,113,68.96,0.746,96.84,39.46,36.06
BATT-008,53,350.38,38.94,115,65.21,0.731,96.78,38.53,36.05
BATT-008,54,349.55,38.13,117,57.18,0.637,96.72,38.92,34.72
BATT-008,55,349.37,42.8,119,66.28,0.687,96.66,38.77,40.29
BATT-008,56,349.11,41.72,122,66.09,0.642,96.6,39.65,36.65
BATT-008,57,348.64,38.57,124,76.03,0.824,96.53,40.77,36.07
BATT-008,58,349.18,37.94,126,65.14,0.763,96.47,39.69,35.71
BATT-008,59,348.3,39.77,128,72.38,0.649,96.41,41.49,36.86
BATT-008,60,347.87,38.7,130,76.67,0.598,96.35,40.51,36.43
BATT-008,61,348.43,43.95,132,64.61,0.713,96.28,40.45,39.67
BATT-008,62,349.71,38.6,135,68.09,0.652,96.22,40.87,35.67
BATT-008,63,347.67,37.59,137,78.75,0.658,96.16,42.36,35.27
BATT-008,64,347.66,42.41,140,69.75,0.6,96.09,39.71,38.44
BATT-008,65,349.08,41.51,142,70.62,0.61,96.03,42.85,37.48
BATT-008,66,348.26,39.48,144,65.93,0.704,95.97,42.26,37.34
BATT-008,67,348.96,41.84,146,72.5,0.67,95.91,41.39,38.54
BATT-008,68,349.34,41.87,148,68.14,0.891,95.85,42.71,37.94
BATT-008,69,348.89,41.34,151,57.39,0.739,95.78,41.32,37.69
BATT-008,70,348.0,39.36,153,66.25,0.599,95.72,42.03,35.68
BATT-008,71,349.51,40.5,155,61.28,0.568,95.66,41.32,35.31
BATT-008,72,349.05,42.94,158,69.05,0.723,95.6,42.94,36.79
BATT-008,73,348.46,39.93,160,62.88,0.659,95.54,41.37,36.23
BATT-008,74,348.4,40.97,162,71.25,0.798,95.48,42.14,38.28
BATT-008,75,348.69,38.98,164,68.65,0.714,95.41,42.98,35.2
BATT-008,76,348.13,41.45,166,60.89,0.533,95.36,43.46,37.25
BATT-008,77,347.05,41.63,168,65.42,0.61,95.29,41.7,37.68
BATT-008,78,348.93,42.52,170,72.1,0.637,95.23,43.38,37.9
BATT-008,79,348.86,44.79,172,75.27,0.727,95.17,41.76,38.57
BATT-008,80,346.45,39.79,174,62.96,0.607,95.11,40.7,37.5
BATT-008,81,348.68,40.5,177,61.79,0.703,95.05,42.21,37.0
BATT-008,82,349.65,45.43,179,80.08,0.584,94.99,43.91,39.88
BATT-008,83,347.32,41.03,181,68.32,0.692,94.93,43.17,37.55
BATT-008,84,348.14,44.96,184,68.93,0.721,94.86,42.76,40.16
BATT-008,85,348.04,42.2,186,63.94,0.808,94.8,43.46,37.56
BATT-008,86,349.49,43.27,188,69.67,0.711,94.74,43.55,38.03
BATT-008,87,349.03,43.77,190,78.67,0.626,94.68,44.25,37.85
BATT-008,88,347.41,42.75,193,69.9,0.811,94.62,42.12,38.41
BATT-008,89,348.37,39.7,195,74.77,0.677,94.56,43.75,37.44
BATT-008,90,349.92,41.52,197,68.55,0.753,94.5,44.07,38.22
BATT-008,91,347.55,46.57,199,62.22,0.642,94.44,42.7,40.37
BATT-008,92,348.02,42.24,202,64.28,0.698,94.38,42.8,39.65
BATT-008,93,348.42,44.16,204,61.67,0.627,94.32,43.91,39.66
BATT-008,94,347.5,37.55,207,69.68,0.717,94.26,44.39,36.06
BATT-008,95,349.38,38.96,209,75.72,0.756,94.2,44.49,36.3
BATT-008,96,347.57,43.29,212,69.34,0.652,94.14,44.04,38.39
BATT-008,97,346.82,43.26,214,66.53,0.647,94.09,44.1,39.22
BATT-008,98,347.49,40.91,216,63.64,0.72,94.02,44.41,37.28
BATT-008,99,348.41,40.2,218,70.51,0.625,93.96,45.21,37.0
BATT-008,100,347.23,42.14,220,60.95,0.57,93.91,46.27,40.13
BATT-008,101,348.09,43.76,223,61.57,0.719,93.84,42.91,39.06
BATT-008,102,348.27,43.33,225,73.78,0.683,93.78,45.87,39.61
BATT-008,103,346.83,39.83,227,66.71,0.681,93.72,45.25,37.35
BATT-008,104,347.33,41.25,229,66.59,0.733,93.66,45.99,37.21
BATT-008,105,348.04,43.99,231,67.36,0.744,93.6,46.76,39.4
BATT-008,106,348.3,41.38,233,72.73,0.678,93.54,44.93,37.57
BATT-008,107,347.29,41.16,235,69.37,0.601,93.48,46.74,37.03
BATT-008,108,347.82,40.61,238,63.92,0.64,93.42,44.65,36.56
BATT-008,109,347.45,40.45,240,64.14,0.738,93.36,46.13,37.14
BATT-008,110,348.24,43.27,243,67.21,0.702,93.3,45.87,39.2
BATT-008,111,348.05,40.35,245,70.19,0.647,93.24,46.27,35.61
BATT-008,112,347.31,43.83,247,68.16,0.628,93.18,45.35,38.79
BATT-008,113,347.97,41.56,249,67.63,0.741,93.11,46.88,36.76
BATT-008,114,347.24,40.82,251,68.66,0.673,93.05,48.14,37.48
BATT-008,115,347.91,42.2,254,68.16,0.751,92.99,45.69,37.55
BATT-008,116,347.9,41.89,256,63.7,0.762,92.93,46.96,37.42
BATT-008,117,349.4,40.59,258,75.02,0.666,92.87,47.73,37.29
BATT-008,118,347.22,40.57,260,65.48,0.767,92.81,46.69,37.02
BATT-008,119,347.35,41.49,263,69.15,0.702,92.75,48.46,36.8
BATT-008,120,346.92,44.99,265,56.02,0.713,92.69,46.78,39.61
BATT-008,121,346.59,39.83,267,67.09,0.516,92.63,47.2,37.63
BATT-008,122,347.03,43.02,269,61.78,0.614,92.57,46.44,37.37
BATT-008,123,347.91,41.73,271,62.5,0.618,92.5,47.67,36.56
BATT-008,124,347.94,41.09,273,82.91,0.666,92.44,47.66,36.88
BATT-008,125,347.57,40.26,276,69.87,0.7,92.38,48.4,36.5
BATT-008,126,347.07,42.97,278,75.73,0.704,92.32,47.24,38.57
BATT-008,127,346.9,39.62,279,73.51,0.714,92.26,47.31,36.25
BATT-008,128,346.54,37.8,282,74.28,0.636,92.2,48.55,33.97
BATT-008,129,346.8,39.92,284,67.18,0.747,92.14,49.6,37.39
BATT-008,130,346.19,39.11,286,78.02,0.836,92.08,48.94,36.84
BATT-008,131,348.29,42.68,289,73.46,0.663,92.02,50.27,36.34
BATT-008,132,348.65,42.61,291,68.63,0.638,91.96,49.09,38.54
BATT-008,133,345.61,37.24,293,69.96,0.636,91.89,49.16,33.03
BATT-008,134,347.37,43.43,296,67.56,0.698,91.83,49.43,39.45
BATT-008,135,347.34,41.8,297,68.69,0.649,91.77,50.35,38.62
BATT-008,136,347.27,39.75,299,68.12,0.553,91.71,50.21,36.05
BATT-008,137,346.6,40.37,302,70.67,0.575,91.65,48.0,36.27
BATT-008,138,347.87,41.47,304,78.82,0.773,91.58,50.0,37.66
BATT-008,139,347.36,40.9,306,61.15,0.794,91.52,49.58,37.65
BATT-008,140,347.84,40.34,308,75.23,0.819,91.46,49.23,35.85
BATT-008,141,346.4,38.52,310,66.17,0.709,91.4,47.75,34.32
BATT-008,142,345.86,44.27,312,76.0,0.612,91.34,48.09,39.87
BATT-008,143,347.3,42.79,314,66.38,0.656,91.29,49.37,38.08
BATT-008,144,346.16,40.66,317,70.85,0.572,91.22,48.39,36.83
BATT-008,145,347.75,40.64,319,67.42,0.569,91.16,49.61,36.8
BATT-008,146,345.19,42.9,321,57.99,0.712,91.11,50.77,37.41
BATT-008,147,346.49,40.6,324,78.81,0.734,91.04,49.59,37.54
BATT-008,148,346.35,35.38,326,62.72,0.848,90.98,50.36,33.24
BATT-008,149,346.56,40.35,328,68.88,0.685,90.92,49.32,35.79
BATT-008,150,347.01,38.95,330,62.06,0.583,90.86,50.79,35.58
BATT-008,151,347.1,38.89,333,60.36,0.681,90.81,51.1,35.96
BATT-008,152,347.27,42.19,335,67.15,0.669,90.75,49.28,37.3
BATT-008,153,347.34,37.26,337,64.82,0.652,90.68,50.07,33.4
BATT-008,154,346.58,36.74,339,61.36,0.719,90.62,49.66,34.0
BATT-008,155,348.38,40.88,341,68.17,0.594,90.57,51.54,34.94
BATT-008,156,347.79,38.53,343,59.49,0.702,90.51,51.3,36.13
BATT-008,157,346.41,41.01,346,69.13,0.743,90.45,51.2,37.09
BATT-008,158,346.53,40.34,348,67.61,0.805,90.38,51.23,38.22
BATT-008,159,346.35,39.56,350,53.5,0.716,90.32,51.79,35.28
BATT-008,160,346.88,40.26,353,65.24,0.775,90.26,51.93,36.9
BATT-008,161,345.79,41.48,355,71.19,0.656,90.2,51.2,36.65
BATT-008,162,345.92,40.33,357,62.0,0.667,90.14,51.16,36.34
BATT-008,163,344.8,40.78,359,71.45,0.799,90.08,51.84,35.42
BATT-008,164,346.19,38.37,361,70.97,0.581,90.02,51.82,34.79
BATT-008,165,347.34,36.13,363,62.27,0.659,89.97,54.17,33.73
BATT-008,166,346.34,37.81,365,68.3,0.781,89.9,51.84,33.57
BATT-008,167,346.37,39.47,368,73.33,0.674,89.84,52.62,35.72
BATT-008,168,346.65,37.24,370,63.12,0.668,89.79,52.9,35.05
BATT-008,169,345.6,37.39,372,67.14,0.67,89.72,53.95,34.44
BATT-008,170,346.4,39.27,374,75.28,0.701,89.66,51.85,35.99
BATT-008,171,347.07,40.19,376,63.23,0.778,89.6,54.11,34.63
BATT-008,172,346.58,38.21,379,71.13,0.765,89.54,52.74,33.49
BATT-008,173,347.1,38.06,381,61.9,0.692,89.48,55.49,34.4
BATT-008,174,347.31,40.44,383,67.41,0.779,89.41,53.47,35.96
BATT-008,175,346.8,35.09,385,71.06,0.719,89.35,51.98,33.12
BATT-008,176,345.68,38.35,387,53.95,0.76,89.29,53.13,34.91
BATT-008,177,345.96,38.85,389,65.17,0.609,89.23,54.77,34.44
BATT-008,178,347.75,37.49,391,70.95,0.83,89.17,53.63,33.31
BATT-008,179,346.44,37.41,394,69.73,0.709,89.11,53.6,33.95
BATT-008,180,346.31,35.93,396,65.24,0.471,89.04,54.5,31.96
BATT-008,181,345.46,38.76,398,61.75,0.824,88.98,53.53,34.41
BATT-008,182,346.05,36.13,400,72.15,0.692,88.92,53.79,32.13
BATT-008,183,346.67,40.59,402,66.44,0.66,88.86,53.16,35.72
BATT-008,184,346.09,38.23,404,71.65,0.643,88.8,55.95,33.9
BATT-008,185,345.64,37.63,407,70.66,0.726,88.73,53.11,33.12
BATT-008,186,345.81,41.37,409,65.69,0.62,88.68,54.6,35.65
BATT-008,187,346.97,37.12,411,74.81,0.645,88.62,55.01,32.29
BATT-008,188,346.53,38.39,414,64.81,0.647,88.56,54.64,32.65
BATT-008,189,346.4,34.29,416,75.52,0.668,88.49,53.51,30.95
BATT-008,190,346.31,38.01,418,76.31,0.65,88.44,53.86,35.59
BATT-008,191,344.99,40.24,420,74.68,0.759,88.38,55.49,36.37
BATT-008,192,346.13,34.76,423,67.29,0.713,88.31,54.3,30.98
BATT-008,193,346.74,37.67,425,83.66,0.723,88.25,53.12,32.2
BATT-008,194,345.66,36.34,427,69.29,0.74,88.19,55.69,33.46
BATT-008,195,346.63,36.44,429,69.82,0.684,88.13,54.54,32.52
BATT-008,196,346.26,37.59,431,68.25,0.61,88.07,56.16,33.18
BATT-008,197,346.47,37.09,433,61.6,0.836,88.01,55.43,32.98
BATT-008,198,345.82,37.54,436,76.15,0.765,87.94,55.51,33.7
BATT-008,199,346.47,35.95,438,64.94,0.82,87.88,55.92,31.58
BATT-008,200,344.56,38.33,440,73.9,0.774,87.82,54.84,33.24
BATT-008,201,345.74,36.76,442,75.34,0.654,87.76,55.26,31.22
BATT-008,202,346.27,36.25,444,72.0,0.503,87.7,55.93,32.21
BATT-008,203,345.91,33.35,446,64.23,0.593,87.64,55.16,30.15
BATT-008,204,346.53,37.63,448,66.33,0.742,87.58,57.13,32.09
BATT-008,205,345.5,34.7,450,52.32,0.683,87.52,56.21,31.77
BATT-008,206,345.17,39.78,453,67.68,0.658,87.45,55.19,33.98
BATT-008,207,344.28,37.76,455,73.19,0.492,87.39,56.19,32.41
BATT-008,208,345.35,38.12,457,66.95,0.69,87.33,56.96,32.62
BATT-008,209,345.96,37.04,459,64.84,0.605,87.27,56.52,32.34
BATT-008,210,346.13,31.02,461,66.59,0.633,87.2,57.49,29.12
BATT-008,211,344.38,32.23,464,75.67,0.759,87.14,57.77,29.26
BATT-008,212,346.42,36.03,465,68.05,0.609,87.08,59.71,31.71
BATT-008,213,344.67,35.88,468,79.53,0.617,87.01,58.58,32.55
BATT-008,214,345.34,35.41,469,64.95,0.706,86.96,55.9,31.72
BATT-008,215,344.96,35.34,472,69.68,0.761,86.89,57.29,30.72
BATT-008,216,345.72,35.43,474,65.78,0.659,86.83,57.5,31.59
BATT-008,217,345.44,34.19,477,80.82,0.809,86.77,58.44,31.4
BATT-008,218,345.89,37.9,479,69.46,0.589,86.71,57.05,33.01
BATT-008,219,346.8,37.39,481,81.15,0.575,86.64,57.56,32.87
BATT-008,220,345.62,34.65,483,65.86,0.568,86.58,56.96,30.9
BATT-008,221,344.82,36.31,485,77.54,0.559,86.52,57.71,31.59
BATT-008,222,345.63,36.13,487,69.09,0.718,86.46,57.86,32.03
BATT-008,223,346.79,37.54,489,73.4,0.613,86.39,58.23,32.2
BATT-008,224,345.74,38.15,491,61.06,0.578,86.34,57.46,33.99
BATT-008,225,345.95,36.74,494,70.47,0.722,86.28,59.74,31.41
BATT-008,226,343.9,35.29,496,61.96,0.757,86.22,59.33,33.16
BATT-008,227,345.47,34.08,498,69.92,0.775,86.16,57.51,29.61
BATT-008,228,344.92,33.96,500,59.27,0.761,86.1,59.09,30.35
BATT-008,229,344.57,31.2,502,67.81,0.618,86.04,57.61,28.05
BATT-008,230,345.07,36.6,504,74.95,0.713,85.98,60.63,31.43
BATT-008,231,345.16,37.03,506,71.66,0.731,85.91,61.02,32.13
BATT-008,232,344.55,29.28,508,60.97,0.653,85.85,59.46,27.28
BATT-008,233,345.18,36.07,511,56.99,0.704,85.79,58.77,31.35
BATT-008,234,344.87,36.53,512,71.36,0.591,85.74,59.06,31.93
BATT-008,235,345.55,35.08,515,77.86,0.641,85.67,59.39,31.8
BATT-008,236,345.15,32.31,517,62.59,0.721,85.61,59.84,29.14
BATT-008,237,345.24,34.47,519,80.96,0.812,85.55,61.43,32.05
BATT-008,238,345.7,34.53,521,68.34,0.783,85.49,61.13,30.86
BATT-008,239,345.34,35.53,523,56.63,0.744,85.43,61.25,31.7
BATT-008,240,344.87,35.39,526,59.01,0.698,85.37,60.56,30.58
BATT-008,241,343.19,35.58,528,73.0,0.685,85.31,59.35,31.3
BATT-008,242,345.25,35.31,530,69.16,0.575,85.25,59.84,32.36
BATT-008,243,344.09,34.6,532,77.27,0.624,85.19,60.78,30.35
BATT-008,244,344.72,34.8,534,61.19,0.627,85.12,59.63,31.05
BATT-008,245,345.07,35.54,536,69.09,0.737,85.06,61.24,32.46
BATT-008,246,345.82,32.77,539,68.42,0.767,85.01,61.84,30.36
BATT-008,247,346.2,33.47,541,67.52,0.75,84.94,61.7,28.84
BATT-008,248,343.97,35.96,543,66.08,0.786,84.89,61.76,31.51
BATT-008,249,343.64,37.18,546,66.2,0.697,84.83,59.5,32.62
BATT-008,250,344.93,35.65,548,69.43,0.613,84.76,62.81,32.37
BATT-008,251,344.84,35.66,550,70.19,0.687,84.7,60.02,31.48
BATT-008,252,343.67,29.5,553,69.89,0.633,84.65,61.53,26.86
BATT-008,253,344.59,32.42,555,75.61,0.744,84.58,62.42,29.4
BATT-008,254,345.06,33.49,557,61.17,0.662,84.52,62.27,29.45
BATT-008,255,343.58,34.64,559,57.51,0.683,84.46,60.75,30.37
BATT-008,256,343.75,35.19,561,74.48,0.747,84.4,61.03,32.82
BATT-008,257,344.0,31.59,563,62.72,0.632,84.34,62.53,28.64
BATT-008,258,344.33,37.25,566,66.1,0.768,84.28,62.86,33.6
BATT-008,259,345.03,34.62,568,64.71,0.583,84.22,61.34,29.65
BATT-008,260,344.19,32.25,570,64.58,0.716,84.16,62.95,29.05
BATT-008,261,344.48,35.6,572,59.63,0.684,84.1,61.16,31.46
BATT-008,262,346.21,35.81,574,64.96,0.757,84.04,63.41,31.56
BATT-008,263,343.63,34.89,577,72.27,0.581,83.98,62.0,31.13
BATT-008,264,343.85,33.27,579,68.35,0.569,83.91,63.09,28.99
BATT-008,265,344.89,33.55,581,71.4,0.751,83.85,63.03,30.89
BATT-008,266,345.12,31.92,583,65.4,0.66,83.8,64.38,28.57
BATT-008,267,344.64,34.36,585,73.79,0.684,83.73,63.58,28.92
BATT-008,268,345.73,35.47,588,65.33,0.638,83.67,62.84,29.96
BATT-008,269,344.52,33.72,590,55.73,0.764,83.61,63.92,28.87
BATT-008,270,342.66,36.78,592,70.28,0.715,83.55,65.81,31.67
BATT-008,271,344.29,31.4,595,72.98,0.71,83.48,64.53,29.22
BATT-008,272,343.74,32.81,597,65.02,0.598,83.42,63.84,29.75
BATT-008,273,345.28,32.45,600,75.57,0.731,83.35,63.18,28.76
BATT-008,274,344.92,38.06,603,63.27,0.612,83.29,63.51,31.63
BATT-008,275,342.86,32.77,605,72.4,0.639,83.23,64.91,29.08
BATT-008,276,345.19,36.54,607,78.85,0.582,83.17,63.46,31.79
BATT-008,277,344.84,36.07,609,68.6,0.679,83.11,64.45,31.68
BATT-008,278,343.81,33.78,612,67.02,0.776,83.05,65.99,29.41
BATT-008,279,343.99,34.12,614,67.74,0.709,82.99,64.81,30.13
BATT-008,280,345.14,32.19,616,78.15,0.656,82.93,63.69,29.38
BATT-008,281,342.43,32.22,619,70.79,0.7,82.87,67.06,30.92
BATT-008,282,344.34,35.11,621,81.24,0.699,82.81,66.76,29.82
BATT-008,283,344.84,32.88,623,70.05,0.696,82.75,65.61,29.49
BATT-008,284,343.87,32.34,625,64.45,0.705,82.69,66.49,30.2
BATT-008,285,344.44,32.21,628,64.88,0.608,82.63,65.06,27.77
BATT-008,286,343.98,34.46,630,68.75,0.7,82.56,66.16,30.04
BATT-008,287,343.25,35.91,632,56.13,0.551,82.5,65.13,31.14
BATT-008,288,343.21,35.51,634,65.53,0.737,82.44,64.3,30.39
BATT-008,289,344.4,34.71,637,65.66,0.603,82.38,68.37,31.62
BATT-008,290,343.3,32.78,639,69.82,0.785,82.31,64.48,29.65
BATT-008,291,342.57,33.23,642,80.03,0.496,82.25,66.29,29.54
BATT-008,292,343.87,33.4,644,68.71,0.825,82.19,66.39,28.58
BATT-008,293,343.34,31.57,646,56.84,0.56,82.13,66.72,29.66
BATT-008,294,342.77,37.38,648,62.89,0.595,82.07,66.23,33.24
BATT-008,295,343.76,35.67,650,69.95,0.715,82.01,66.35,30.73
BATT-008,296,344.3,34.36,652,68.94,0.741,81.95,66.67,29.46
BATT-008,297,343.68,33.57,655,78.12,0.669,81.89,67.13,28.86
BATT-008,298,342.79,33.07,657,74.14,0.763,81.83,66.75,27.99
BATT-008,299,344.01,30.43,659,73.96,0.627,81.77,66.79,29.17
BATT-008,300,344.43,37.21,661,67.07,0.659,81.71,65.65,31.59
BATT-008,301,345.35,34.18,663,74.97,0.667,81.64,69.11,29.84
BATT-008,302,344.71,34.41,665,63.0,0.648,81.58,67.74,29.07
BATT-008,303,342.73,32.1,667,74.19,0.536,81.52,67.52,29.27
BATT-008,304,344.2,33.8,669,66.68,0.689,81.46,66.8,31.55
BATT-008,305,343.7,36.28,671,59.69,0.682,81.4,66.53,30.48
BATT-008,306,342.55,32.78,673,71.94,0.777,81.34,68.5,29.7
BATT-008,307,343.67,33.91,676,76.76,0.588,81.28,67.59,30.21
BATT-008,308,344.96,38.56,678,65.94,0.64,81.22,68.48,34.02
BATT-008,309,344.36,37.36,680,77.75,0.787,81.15,66.63,32.58
BATT-008,310,342.57,38.08,682,58.44,0.715,81.09,69.63,32.99
BATT-008,311,343.37,32.43,684,61.2,0.735,81.03,69.1,28.2
BATT-008,312,343.74,33.6,686,67.5,0.727,80.98,68.21,30.64
BATT-008,313,341.94,34.66,689,66.15,0.728,80.91,68.87,29.95
BATT-008,314,341.94,36.5,691,64.37,0.837,80.85,69.26,31.77
BATT-008,315,343.4,34.78,693,69.18,0.699,80.79,67.29,32.59
BATT-008,316,343.39,36.96,696,65.21,0.61,80.73,70.41,31.53
BATT-008,317,341.76,31.3,698,66.22,0.742,80.67,69.32,29.78
BATT-008,318,343.52,35.19,700,70.05,0.646,80.61,68.25,30.14
BATT-008,319,344.06,35.49,703,64.37,0.682,80.55,67.97,32.11
BATT-008,320,343.0,37.02,705,67.74,0.721,80.49,70.16,32.31
BATT-008,321,343.2,36.01,707,64.5,0.626,80.42,69.5,31.49
BATT-008,322,343.58,35.49,709,61.14,0.65,80.37,69.88,31.52
BATT-008,323,343.45,35.91,711,72.96,0.729,80.3,69.55,31.45
BATT-008,324,341.75,35.75,714,78.62,0.647,80.23,68.64,31.83
BATT-008,325,342.33,37.28,716,74.77,0.769,80.16,70.26,32.56
BATT-008,326,342.72,38.67,718,70.37,0.612,80.11,69.66,32.48
BATT-008,327,342.33,34.29,721,64.53,0.612,80.04,69.95,31.62
BATT-008,328,344.17,32.39,723,66.66,0.844,79.98,72.46,31.57
BATT-008,329,343.48,35.16,725,74.72,0.569,79.93,71.05,31.57
BATT-008,330,342.07,34.11,727,54.69,0.689,79.87,71.21,30.58
BATT-008,331,342.76,34.25,729,66.2,0.839,79.81,73.12,30.62
BATT-008,332,343.82,35.76,732,72.78,0.689,79.75,70.89,32.68
BATT-008,333,342.37,35.74,734,61.55,0.799,79.69,70.73,30.85
BATT-008,334,343.55,35.83,736,70.92,0.743,79.62,70.05,33.2
BATT-008,335,343.95,36.42,738,70.64,0.691,79.57,70.38,31.96
BATT-008,336,343.8,37.98,741,59.65,0.681,79.51,68.89,33.33
BATT-008,337,342.95,37.44,743,68.9,0.522,79.45,71.83,33.12
BATT-008,338,343.79,37.98,745,64.67,0.666,79.39,69.89,33.49
BATT-008,339,342.35,36.53,747,70.87,0.71,79.33,72.16,31.57
BATT-008,340,344.73,37.02,750,72.4,0.71,79.27,71.32,32.96
BATT-008,341,342.92,37.18,751,70.77,0.888,79.21,71.59,33.51
BATT-008,342,343.62,34.64,753,68.81,0.714,79.15,71.53,30.14
BATT-008,343,342.39,39.69,755,70.11,0.742,79.09,73.07,35.09
BATT-008,344,343.06,40.89,758,61.32,0.784,79.03,73.01,36.0
BATT-008,345,343.07,36.38,760,68.19,0.734,78.97,71.88,34.08
BATT-008,346,341.87,37.76,762,63.6,0.684,78.91,71.12,33.94
BATT-008,347,341.83,36.62,765,74.57,0.685,78.85,73.05,33.67
BATT-008,348,342.41,36.94,767,72.48,0.663,78.78,71.27,32.37
BATT-008,349,343.44,37.49,769,72.46,0.727,78.72,70.8,32.76
BATT-008,350,341.07,38.17,771,78.66,0.678,78.67,72.95,34.44
BATT-008,351,342.22,34.87,773,66.4,0.741,78.6,73.78,31.6
BATT-008,352,343.54,36.14,776,65.08,0.61,78.54,72.27,31.53
BATT-008,353,341.48,36.47,777,66.26,0.703,78.48,73.18,32.59
BATT-008,354,343.45,39.67,780,58.76,0.815,78.42,72.47,34.24
BATT-008,355,341.53,37.81,782,59.24,0.673,78.37,73.71,32.02
BATT-008,356,341.67,38.06,784,72.1,0.839,78.31,74.19,33.05
BATT-008,357,342.27,37.54,786,60.01,0.704,78.25,72.95,33.3
BATT-008,358,343.86,37.84,788,61.93,0.687,78.19,72.29,32.01
BATT-008,359,341.83,34.18,791,67.77,0.701,78.13,71.97,29.94
BATT-008,360,340.94,35.65,793,65.9,0.666,78.06,74.46,32.12
BATT-008,361,341.18,37.46,795,73.69,0.533,78.0,72.51,34.12
BATT-008,362,343.03,37.83,798,68.74,0.762,77.94,74.12,34.53
BATT-008,363,341.18,38.61,800,63.59,0.867,77.88,74.64,34.61
BATT-008,364,343.19,39.32,802,74.21,0.73,77.82,73.47,34.85
BATT-008,365,342.27,35.66,805,72.75,0.735,77.76,73.91,33.07
BATT-009,1,348.54,33.19,1,62.57,0.098,99.97,32.93,31.35
BATT-009,2,350.35,33.28,3,53.77,0.141,99.94,32.58,31.92
BATT-009,3,350.7,33.29,5,57.0,0.129,99.91,32.74,30.34
BATT-009,4,349.68,34.2,6,60.93,0.135,99.88,31.37,31.82
BATT-009,5,349.1,32.17,8,61.97,0.243,99.85,32.39,29.89
BATT-009,6,351.3,37.86,10,58.81,0.0,99.81,33.69,33.77
BATT-009,7,349.39,32.79,12,50.42,0.103,99.78,31.77,30.27
BATT-009,8,350.84,35.78,14,45.68,0.124,99.75,32.0,32.54
BATT-009,9,348.69,32.71,16,55.77,0.112,99.72,31.89,30.4
BATT-009,10,350.22,32.91,18,62.73,0.077,99.69,32.99,31.22
BATT-009,11,350.19,32.51,20,59.6,0.066,99.66,34.29,31.53
BATT-009,12,350.57,38.91,21,58.35,0.231,99.62,33.49,36.63
BATT-009,13,351.05,31.58,23,56.86,0.103,99.59,30.82,32.2
BATT-009,14,349.2,33.37,25,58.76,0.303,99.56,33.7,31.06
BATT-009,15,350.25,34.05,27,50.94,0.151,99.54,32.66,31.69
BATT-009,16,348.73,31.99,28,61.58,0.085,99.5,33.67,30.17
BATT-009,17,348.71,34.19,30,61.98,0.153,99.47,33.08,32.25
BATT-009,18,349.34,36.12,32,54.77,0.117,99.43,32.43,35.33
BATT-009,19,350.12,36.55,33,59.52,0.216,99.4,33.29,33.13
BATT-009,20,351.12,35.75,35,46.6,0.015,99.37,32.97,34.04
BATT-009,21,351.25,32.46,37,57.98,0.0,99.33,33.78,31.39
BATT-009,22,349.47,35.1,38,56.1,0.137,99.3,32.64,32.51
BATT-009,23,349.99,35.34,40,64.46,0.175,99.27,32.46,33.19
BATT-009,24,350.49,33.54,42,55.71,0.131,99.23,34.39,31.86
BATT-009,25,350.33,35.18,43,62.11,0.162,99.2,34.82,33.61
BATT-009,26,349.57,36.03,45,54.55,0.15,99.16,34.36,33.99
BATT-009,27,349.76,37.33,47,43.18,0.0,99.13,33.18,33.95
BATT-009,28,349.6,35.48,49,55.55,0.131,99.1,33.15,32.97
BATT-009,29,349.51,36.9,50,58.08,0.214,99.07,33.26,34.89
BATT-009,30,349.39,35.82,52,57.81,0.122,99.04,34.89,32.93
BATT-009,31,349.56,34.92,54,57.9,0.004,99.0,33.24,32.85
BATT-009,32,349.32,38.04,55,53.86,0.082,98.97,35.0,35.6
BATT-009,33,348.72,34.03,57,54.96,0.153,98.94,34.81,31.84
BATT-009,34,350.31,33.63,58,50.14,0.252,98.91,35.47,31.0
BATT-009,35,350.02,33.91,60,44.92,0.0,98.88,35.35,32.31
BATT-009,36,351.1,35.15,61,56.26,0.137,98.85,34.88,34.25
BATT-009,37,349.88,38.6,63,52.43,0.034,98.82,32.92,35.65
BATT-009,38,349.24,36.34,64,63.38,0.149,98.79,35.05,32.79
BATT-009,39,349.07,37.51,66,43.81,0.155,98.76,34.61,36.56
BATT-009,40,349.6,36.15,68,58.65,0.09,98.74,34.17,33.93
BATT-009,41,349.99,35.36,69,69.63,0.159,98.7,35.96,33.77
BATT-009,42,349.34,35.65,71,55.8,0.2,98.67,34.51,32.72
BATT-009,43,348.35,39.26,73,56.88,0.095,98.64,34.18,36.98
BATT-009,44,348.92,39.24,75,59.46,0.001,98.61,35.89,33.87
BATT-009,45,349.51,33.89,76,59.93,0.222,98.57,34.43,32.15
BATT-009,46,350.08,41.46,78,54.45,0.175,98.54,34.31,37.89
BATT-009,47,348.29,38.51,80,50.85,0.153,98.51,33.83,34.84
BATT-009,48,349.68,38.07,81,60.82,0.053,98.48,34.19,35.5
BATT-009,49,349.63,38.94,83,45.45,0.187,98.45,34.33,36.87
BATT-009,50,349.08,37.45,85,61.89,0.272,98.41,35.75,35.31
BATT-009,51,348.96,37.95,87,54.55,0.099,98.38,34.16,35.9
BATT-009,52,348.83,37.73,88,56.92,0.116,98.35,33.38,34.56
BATT-009,53,349.52,36.79,90,53.75,0.023,98.32,35.6,35.62
BATT-009,54,350.3,36.39,91,65.49,0.051,98.29,34.72,34.51
BATT-009,55,350.35,36.34,93,58.39,0.022,98.26,35.39,34.58
BATT-009,56,348.48,35.14,94,54.97,0.119,98.22,36.75,34.83
BATT-009,57,349.22,36.99,96,54.8,0.081,98.19,35.6,34.09
BATT-009,58,347.6,38.59,97,56.01,0.138,98.16,37.1,35.48
BATT-009,59,349.43,36.92,99,71.28,0.037,98.11,35.59,35.52
BATT-009,60,349.81,39.1,101,49.0,0.095,98.08,36.73,36.03
BATT-009,61,350.58,36.25,103,63.4,0.032,98.05,35.22,35.8
BATT-009,62,347.88,39.94,104,60.31,0.123,98.03,35.93,37.87
BATT-009,63,348.43,38.4,106,66.14,0.0,97.99,34.95,36.48
BATT-009,64,349.4,36.76,108,60.67,0.121,97.96,35.12,34.63
BATT-009,65,347.98,37.77,109,56.92,0.086,97.93,35.77,35.65
BATT-009,66,349.4,39.08,111,63.02,0.123,97.9,34.73,37.12
BATT-009,67,349.75,35.26,113,58.28,0.0,97.87,36.27,33.61
BATT-009,68,348.22,40.01,115,61.43,0.161,97.84,35.86,38.08
BATT-009,69,349.34,37.33,116,65.47,0.084,97.8,36.46,33.92
BATT-009,70,348.25,37.92,118,57.46,0.126,97.78,34.96,36.46
BATT-009,71,350.31,39.44,120,54.35,0.0,97.74,37.04,35.15
BATT-009,72,349.36,36.49,121,53.04,0.009,97.71,38.1,35.09
BATT-009,73,348.67,35.51,123,59.6,0.077,97.67,37.94,33.23
BATT-009,74,348.19,39.18,125,51.63,0.218,97.65,38.41,36.57
BATT-009,75,349.48,35.04,126,54.8,0.151,97.61,36.61,33.29
BATT-009,76,350.24,36.51,128,51.1,0.119,97.58,36.27,33.08
BATT-009,77,348.53,39.59,130,59.95,0.034,97.55,37.16,37.0
BATT-009,78,348.78,39.8,131,52.39,0.02,97.52,36.5,37.97
BATT-009,79,348.52,37.71,133,49.18,0.131,97.49,35.05,34.3
BATT-009,80,350.36,37.84,135,50.24,0.164,97.46,37.66,36.82
BATT-009,81,347.57,38.0,137,53.47,0.125,97.43,36.66,36.52
BATT-009,82,350.12,37.81,139,54.02,0.245,97.4,35.48,35.2
BATT-009,83,348.77,40.2,141,58.41,0.054,97.36,36.51,37.36
BATT-009,84,349.01,37.48,142,55.93,0.123,97.33,36.86,35.12
BATT-009,85,348.78,38.06,144,59.12,0.0,97.3,37.14,36.15
BATT-009,86,349.23,35.29,146,59.6,0.125,97.26,37.22,33.5
BATT-009,87,348.45,36.74,148,61.34,0.226,97.23,38.62,33.57
BATT-009,88,349.87,39.43,150,45.45,0.025,97.2,36.02,37.15
BATT-009,89,349.89,37.39,152,50.14,0.176,97.17,37.21,36.22
BATT-009,90,348.21,36.3,154,60.23,0.224,97.13,36.55,35.19
BATT-009,91,349.52,41.82,155,58.17,0.053,97.1,38.74,38.26
BATT-009,92,348.69,39.57,156,62.76,0.146,97.07,36.98,38.25
BATT-009,93,349.0,38.37,158,47.64,0.235,97.04,37.26,36.06
BATT-009,94,350.17,36.61,160,54.05,0.127,97.0,38.71,33.22
BATT-009,95,348.4,37.81,161,55.12,0.171,96.97,39.05,35.23
BATT-009,96,349.67,35.43,163,57.9,0.0,96.94,39.25,34.14
BATT-009,97,349.28,36.55,164,57.12,0.156,96.9,36.21,35.52
BATT-009,98,348.75,37.89,166,59.72,0.15,96.87,38.39,33.98
BATT-009,99,349.19,34.58,168,56.21,0.002,96.84,38.23,33.58
BATT-009,100,349.08,33.46,170,65.13,0.031,96.8,37.97,31.97
BATT-009,101,347.94,38.02,172,67.05,0.157,96.77,38.15,35.61
BATT-009,102,348.37,33.72,174,50.19,0.084,96.74,39.43,31.9
BATT-009,103,348.01,37.47,175,57.17,0.197,96.7,39.25,34.85
BATT-009,104,348.61,36.93,177,61.69,0.133,96.67,39.16,36.36
BATT-009,105,349.9,36.05,179,60.41,0.113,96.63,38.54,34.22
BATT-009,106,349.27,36.38,181,54.45,0.095,96.6,40.67,33.66
BATT-009,107,347.65,37.89,183,58.43,0.132,96.57,38.05,35.17
BATT-009,108,348.57,35.48,184,47.4,0.173,96.54,36.88,34.01
BATT-009,109,348.96,36.53,186,56.79,0.151,96.5,38.3,35.52
BATT-009,110,349.36,35.92,188,48.14,0.075,96.47,38.68,33.67
BATT-009,111,348.23,35.77,190,59.95,0.208,96.44,39.98,35.04
BATT-009,112,347.75,37.98,191,50.2,0.161,96.41,38.22,34.65
BATT-009,113,348.69,37.33,193,57.88,0.139,96.37,39.29,35.13
BATT-009,114,349.17,38.92,195,58.82,0.116,96.34,37.39,37.58
BATT-009,115,348.89,36.38,196,57.36,0.148,96.3,40.0,35.4
BATT-009,116,347.99,37.24,198,53.11,0.0,96.27,39.06,35.83
BATT-009,117,350.08,34.59,200,55.64,0.128,96.23,38.77,34.11
BATT-009,118,348.59,37.89,201,63.99,0.24,96.19,41.26,35.35
BATT-009,119,348.81,35.81,203,54.35,0.126,96.16,40.25,34.57
BATT-009,120,348.11,37.44,205,57.03,0.115,96.13,38.2,35.0
BATT-009,121,349.52,38.47,207,53.56,0.061,96.09,39.2,35.9
BATT-009,122,349.08,37.14,209,63.02,0.148,96.06,42.1,34.14
BATT-009,123,348.86,36.55,210,57.37,0.093,96.03,41.4,34.26
BATT-009,124,347.68,37.26,212,52.32,0.213,95.99,40.41,34.09
BATT-009,125,349.46,37.45,213,56.94,0.039,95.96,37.7,34.02
BATT-009,126,349.18,37.3,215,55.45,0.072,95.92,40.94,35.01
BATT-009,127,349.37,36.52,217,65.26,0.06,95.89,39.03,34.16
BATT-009,128,348.58,38.4,219,56.63,0.255,95.85,41.05,36.92
BATT-009,129,348.48,39.7,220,48.6,0.093,95.82,39.07,38.65
BATT-009,130,348.38,37.06,223,59.89,0.065,95.79,40.34,33.73
BATT-009,131,350.34,37.63,224,67.62,0.0,95.75,39.28,34.99
BATT-009,132,348.07,38.79,226,64.08,0.035,95.72,39.61,36.06
BATT-009,133,347.54,35.51,227,50.28,0.151,95.69,40.65,34.06
BATT-009,134,348.18,36.59,229,55.29,0.15,95.66,38.77,32.92
BATT-009,135,348.04,38.79,231,56.72,0.056,95.62,42.52,36.97
BATT-009,136,349.46,36.59,232,56.79,0.061,95.59,39.18,35.35
BATT-009,137,347.36,36.22,234,59.19,0.257,95.56,39.18,34.75
BATT-009,138,347.99,40.01,236,54.84,0.324,95.53,40.95,36.4
BATT-009,139,348.58,36.26,237,51.41,0.2,95.5,41.66,35.33
BATT-009,140,349.43,35.34,239,62.61,0.233,95.47,40.1,34.05
BATT-009,141,348.97,37.55,241,50.16,0.25,95.44,39.41,32.61
BATT-009,142,349.69,36.26,243,52.09,0.286,95.4,39.62,33.28
BATT-009,143,348.66,37.08,245,50.12,0.084,95.37,39.57,35.78
BATT-009,144,348.2,35.9,247,60.57,0.038,95.33,40.98,34.94
BATT-009,145,349.04,33.95,249,57.54,0.255,95.3,40.66,33.58
BATT-009,146,347.25,38.6,251,62.2,0.031,95.27,41.21,36.46
BATT-009,147,346.97,36.29,252,52.19,0.026,95.24,41.2,33.52
BATT-009,148,349.1,38.74,254,49.38,0.028,95.21,41.72,35.18
BATT-009,149,348.48,34.12,256,54.24,0.098,95.18,40.53,33.97
BATT-009,150,349.07,37.2,258,55.81,0.0,95.15,40.25,36.48
BATT-009,151,347.61,36.58,260,58.16,0.0,95.12,41.2,34.65
BATT-009,152,349.31,38.36,261,46.81,0.059,95.09,41.04,33.54
BATT-009,153,348.81,36.06,263,59.77,0.013,95.06,41.41,33.14
BATT-009,154,348.24,35.74,265,51.54,0.193,95.03,40.5,33.32
BATT-009,155,348.42,33.01,267,53.02,0.109,95.0,41.91,32.2
BATT-009,156,348.52,31.1,269,63.94,0.155,94.97,40.14,31.18
BATT-009,157,347.54,35.71,270,43.8,0.146,94.94,40.93,33.63
BATT-009,158,347.91,34.24,272,58.84,0.092,94.91,42.57,32.3
BATT-009,159,348.47,34.01,274,58.81,0.187,94.87,40.37,32.24
BATT-009,160,347.85,34.5,275,51.99,0.145,94.84,42.61,32.84
BATT-009,161,347.01,34.28,277,54.22,0.083,94.81,40.21,32.99
BATT-009,162,348.41,33.92,279,64.23,0.0,94.77,40.09,32.86
BATT-009,163,348.83,38.82,281,68.68,0.15,94.74,40.24,35.39
BATT-009,164,349.0,34.87,283,63.29,0.007,94.7,41.92,33.71
BATT-009,165,348.56,37.58,284,68.22,0.139,94.67,42.6,35.82
BATT-009,166,348.78,33.93,286,52.75,0.115,94.64,43.22,31.93
BATT-009,167,348.9,36.45,287,47.42,0.0,94.6,43.19,33.7
BATT-009,168,348.16,33.07,289,56.58,0.129,94.57,42.9,31.88
BATT-009,169,346.39,34.57,291,61.73,0.124,94.54,41.27,31.55
BATT-009,170,349.01,37.0,292,45.77,0.124,94.51,41.31,35.54
BATT-009,171,347.35,32.98,294,51.34,0.12,94.48,43.0,31.1
BATT-009,172,347.15,32.52,296,52.01,0.056,94.44,43.69,28.84
BATT-009,173,347.16,32.13,298,59.04,0.156,94.42,41.29,31.06
BATT-009,174,350.02,31.8,300,58.27,0.053,94.38,43.67,29.04
BATT-009,175,348.38,33.6,302,52.25,0.022,94.35,40.51,30.56
BATT-009,176,347.18,32.98,304,57.98,0.162,94.33,42.87,30.63
BATT-009,177,347.46,33.82,305,50.03,0.183,94.3,42.43,31.9
BATT-009,178,347.99,32.87,307,54.34,0.157,94.27,42.39,28.71
BATT-009,179,348.42,35.53,309,49.31,0.092,94.23,42.68,33.51
BATT-009,180,348.19,31.07,310,56.0,0.0,94.2,41.85,28.83
BATT-009,181,347.22,33.09,312,52.1,0.227,94.17,43.22,31.38
BATT-009,182,348.2,33.21,313,61.04,0.0,94.14,42.88,31.02
BATT-009,183,347.45,35.68,315,56.74,0.155,94.1,43.82,32.67
BATT-009,184,348.76,33.66,316,55.54,0.277,94.07,44.53,31.9
BATT-009,185,347.96,33.01,318,67.51,0.12,94.04,43.13,33.08
BATT-009,186,347.29,33.24,320,59.2,0.132,94.0,42.25,30.69
BATT-009,187,348.44,31.43,321,54.69,0.139,93.98,41.97,30.46
BATT-009,188,348.19,34.49,323,53.4,0.124,93.95,44.86,31.71
BATT-009,189,347.49,34.61,325,49.81,0.296,93.91,44.8,32.57
BATT-009,190,348.44,35.18,327,56.51,0.041,93.88,44.17,32.19
BATT-009,191,348.35,32.46,328,58.75,0.031,93.84,43.41,31.37
BATT-009,192,348.8,32.67,330,45.41,0.082,93.81,44.22,31.17
BATT-009,193,348.39,32.4,332,48.72,0.248,93.78,44.77,30.7
BATT-009,194,347.64,31.86,333,53.8,0.062,93.75,42.9,31.3
BATT-009,195,346.45,36.82,335,50.31,0.143,93.71,43.61,33.67
BATT-009,196,347.94,30.6,337,57.16,0.194,93.68,42.53,30.18
BATT-009,197,348.05,33.07,339,57.99,0.171,93.65,43.57,29.93
BATT-009,198,347.81,32.22,341,56.17,0.19,93.62,45.3,29.75
BATT-009,199,345.35,32.77,342,60.2,0.222,93.59,44.89,30.93
BATT-009,200,348.29,29.48,344,53.39,0.133,93.55,44.01,27.1
BATT-009,201,347.0,32.37,346,56.63,0.072,93.52,41.24,30.01
BATT-009,202,348.27,33.11,348,50.88,0.12,93.49,43.33,31.47
BATT-009,203,349.07,31.63,349,58.61,0.081,93.46,44.14,29.3
BATT-009,204,347.5,33.07,351,57.36,0.31,93.43,43.87,30.3
BATT-009,205,348.04,34.21,353,49.71,0.066,93.4,44.19,33.12
BATT-009,206,347.7,32.78,354,55.97,0.147,93.36,44.46,30.39
BATT-009,207,348.09,25.88,356,56.67,0.0,93.33,43.74,26.47
BATT-009,208,347.74,27.76,358,58.59,0.119,93.3,44.33,27.65
BATT-009,209,347.23,31.93,360,58.81,0.085,93.26,44.25,29.33
BATT-009,210,346.91,30.06,362,52.57,0.162,93.23,43.76,28.43
BATT-009,211,348.89,30.92,363,61.48,0.165,93.19,46.36,29.73
BATT-009,212,347.96,31.06,365,60.04,0.222,93.16,44.1,29.08
BATT-009,213,348.26,32.85,367,52.55,0.215,93.12,42.39,31.21
BATT-009,214,347.9,28.81,369,50.04,0.103,93.09,46.49,27.76
BATT-009,215,348.35,29.43,370,53.01,0.033,93.06,43.91,29.03
BATT-009,216,346.84,29.68,372,48.07,0.042,93.03,45.71,29.61
BATT-009,217,347.61,32.51,374,58.15,0.133,92.99,44.2,29.73
BATT-009,218,347.94,31.0,376,64.0,0.121,92.96,45.51,29.38
BATT-009,219,348.56,28.5,378,65.43,0.129,92.93,44.95,25.49
BATT-009,220,349.65,30.78,379,50.36,0.066,92.9,46.05,29.18
BATT-009,221,347.83,31.16,381,61.62,0.223,92.87,44.89,28.77
BATT-009,222,346.96,32.15,383,57.41,0.0,92.84,44.5,30.24
BATT-009,223,346.53,32.06,384,42.52,0.061,92.82,45.46,29.97
BATT-009,224,346.75,31.33,386,54.91,0.022,92.78,44.89,29.2
BATT-009,225,346.84,30.85,388,54.24,0.092,92.75,43.39,29.25
BATT-009,226,345.13,31.57,390,64.17,0.208,92.72,44.78,30.76
BATT-009,227,346.9,33.21,391,51.67,0.085,92.69,48.29,30.4
BATT-009,228,348.0,32.68,393,60.28,0.117,92.66,43.67,29.04
BATT-009,229,347.48,35.5,395,56.26,0.162,92.62,45.79,31.8
BATT-009,230,347.2,29.08,396,48.23,0.082,92.59,45.36,27.59
BATT-009,231,346.1,28.01,397,53.59,0.139,92.56,47.49,26.71
BATT-009,232,348.23,29.91,399,66.09,0.128,92.53,44.61,28.42
BATT-009,233,347.78,29.7,401,55.86,0.018,92.5,45.87,27.83
BATT-009,234,347.35,26.64,402,62.34,0.071,92.47,46.51,24.65
BATT-009,235,345.59,28.37,404,62.01,0.137,92.44,45.69,27.32
BATT-009,236,346.95,29.34,406,54.21,0.211,92.41,45.16,28.77
BATT-009,237,347.68,30.22,407,49.2,0.211,92.38,45.96,28.13
BATT-009,238,347.3,25.52,409,49.99,0.276,92.35,45.73,27.01
BATT-009,239,347.46,30.14,411,65.61,0.147,92.31,45.8,28.2
BATT-009,240,347.85,29.38,412,57.81,0.075,92.28,47.09,28.28
BATT-009,241,347.41,31.95,414,46.5,0.103,92.25,46.62,29.13
BATT-009,242,347.8,30.15,416,61.9,0.099,92.22,46.83,27.06
BATT-009,243,346.59,32.41,417,46.18,0.076,92.18,46.68,29.3
BATT-009,244,346.27,28.01,419,51.94,0.139,92.14,47.37,26.31
BATT-009,245,347.62,28.07,420,57.39,0.143,92.11,47.78,27.16
BATT-009,246,347.77,31.66,422,72.02,0.014,92.07,46.26,30.43
BATT-009,247,347.63,28.64,424,61.8,0.195,92.03,47.43,26.31
BATT-009,248,347.31,27.22,426,54.01,0.0,92.0,45.36,26.83
BATT-009,249,346.93,29.34,428,57.07,0.091,91.97,44.46,25.91
BATT-009,250,347.35,28.23,430,62.42,0.2,91.94,48.6,26.52
BATT-009,251,347.47,30.48,431,65.43,0.157,91.91,46.5,27.94
BATT-009,252,347.51,29.02,433,55.41,0.08,91.87,47.15,28.76
BATT-009,253,349.23,28.77,435,55.59,0.266,91.84,45.73,27.65
BATT-009,254,346.4,27.3,437,51.92,0.073,91.81,45.74,27.17
BATT-009,255,349.7,28.83,438,60.89,0.0,91.78,46.35,25.77
BATT-009,256,346.11,28.4,440,63.06,0.145,91.75,47.76,26.52
BATT-009,257,347.41,27.88,442,45.27,0.0,91.71,46.67,25.27
BATT-009,258,346.13,30.78,443,54.52,0.042,91.68,46.91,28.67
BATT-009,259,347.32,31.27,445,49.62,0.158,91.64,46.57,28.76
BATT-009,260,347.85,29.17,447,57.81,0.072,91.61,48.54,27.47
BATT-009,261,347.08,30.01,449,49.47,0.155,91.58,48.3,28.18
BATT-009,262,347.82,30.76,450,48.98,0.016,91.54,47.01,28.81
BATT-009,263,346.69,30.08,452,63.64,0.177,91.51,48.23,27.64
BATT-009,264,345.38,32.03,454,55.91,0.0,91.48,47.35,29.56
BATT-009,265,347.51,30.77,455,56.54,0.214,91.44,47.33,25.92
BATT-009,266,347.02,30.65,457,59.49,0.07,91.42,47.67,26.92
BATT-009,267,346.6,27.0,459,62.73,0.231,91.38,48.42,26.74
BATT-009,268,346.64,30.3,460,54.39,0.041,91.35,46.95,28.4
BATT-009,269,347.29,26.9,462,54.52,0.262,91.32,48.4,25.27
BATT-009,270,346.3,32.91,464,54.55,0.032,91.28,50.46,29.59
BATT-009,271,347.24,29.98,466,63.39,0.0,91.24,48.21,28.25
BATT-009,272,347.87,32.54,468,56.49,0.112,91.21,48.13,30.03
BATT-009,273,348.56,27.05,469,55.15,0.207,91.17,48.07,27.34
BATT-009,274,348.02,27.1,471,59.25,0.172,91.14,48.69,26.58
BATT-009,275,347.02,32.52,472,67.89,0.201,91.11,46.66,28.39
BATT-009,276,347.08,31.04,474,57.35,0.173,91.07,50.04,28.95
BATT-009,277,346.54,27.38,476,55.28,0.043,91.03,49.39,26.33
BATT-009,278,346.48,26.7,477,68.56,0.17,91.0,47.82,24.41
BATT-009,279,347.54,25.66,479,64.88,0.116,90.97,48.56,24.67
BATT-009,280,346.58,29.57,481,64.01,0.052,90.94,48.03,27.81
BATT-009,281,347.11,30.32,482,53.9,0.123,90.9,48.94,29.74
BATT-009,282,346.03,26.73,484,53.3,0.104,90.87,48.77,25.48
BATT-009,283,347.89,28.66,486,45.9,0.222,90.83,49.0,27.03
BATT-009,284,346.52,30.09,487,62.69,0.067,90.8,47.8,26.93
BATT-009,285,347.64,32.85,489,57.36,0.063,90.76,48.42,30.35
BATT-009,286,346.19,33.54,490,46.1,0.053,90.73,50.1,30.86
BATT-009,287,346.14,30.14,492,64.11,0.26,90.7,48.48,28.13
BATT-009,288,347.8,31.72,494,54.88,0.057,90.67,46.42,28.85
BATT-009,289,346.22,29.99,496,55.62,0.212,90.63,48.98,28.83
BATT-009,290,345.46,26.93,497,47.82,0.026,90.6,51.6,25.62
BATT-009,291,345.87,31.05,499,59.85,0.149,90.57,50.1,28.61
BATT-009,292,347.37,27.81,500,59.91,0.129,90.54,48.72,26.05
BATT-009,293,347.28,29.37,502,56.61,0.207,90.5,49.32,27.34
BATT-009,294,346.05,31.21,504,54.39,0.195,90.47,50.11,29.33
BATT-009,295,346.15,31.06,506,72.66,0.115,90.44,47.73,27.76
BATT-009,296,347.18,32.67,507,49.68,0.065,90.41,48.68,29.32
BATT-009,297,347.68,31.05,509,52.57,0.238,90.37,49.99,29.64
BATT-009,298,346.56,25.36,511,61.15,0.057,90.34,51.25,25.08
BATT-009,299,347.05,25.81,512,50.81,0.0,90.31,49.27,24.48
BATT-009,300,347.3,30.66,514,50.37,0.0,90.28,51.34,29.52
BATT-009,301,348.31,32.48,516,63.69,0.0,90.24,49.08,29.61
BATT-009,302,345.65,31.18,518,60.53,0.156,90.21,46.51,28.22
BATT-009,303,346.03,29.46,519,59.81,0.286,90.18,50.69,28.45
BATT-009,304,346.14,30.52,521,57.99,0.0,90.14,50.55,29.24
BATT-009,305,347.2,29.81,523,52.75,0.046,90.11,50.81,29.24
BATT-009,306,346.32,29.69,525,55.38,0.116,90.07,50.83,27.51
BATT-009,307,346.77,31.43,527,56.43,0.232,90.05,50.38,29.44
BATT-009,308,346.6,30.35,528,61.98,0.045,90.02,49.98,27.52
BATT-009,309,346.5,30.98,531,59.46,0.156,89.98,50.08,28.44
BATT-009,310,346.57,31.07,532,51.33,0.088,89.95,49.9,28.42
BATT-009,311,347.29,27.36,534,61.64,0.317,89.91,50.02,26.87
BATT-009,312,345.68,28.5,536,46.83,0.12,89.88,48.67,27.08
BATT-009,313,346.33,34.58,538,54.98,0.137,89.85,49.32,31.59
BATT-009,314,345.47,28.44,539,50.05,0.115,89.82,50.43,26.94
BATT-009,315,346.61,29.29,541,51.76,0.075,89.79,48.41,28.88
BATT-009,316,346.26,32.09,543,68.46,0.184,89.76,48.7,29.24
BATT-009,317,347.26,29.8,545,48.08,0.016,89.72,50.44,28.33
BATT-009,318,346.39,32.57,547,51.99,0.0,89.69,50.7,29.47
BATT-009,319,346.03,31.02,549,59.96,0.096,89.66,50.57,29.0
BATT-009,320,346.17,29.01,551,54.08,0.174,89.62,48.57,27.25
BATT-009,321,347.73,32.81,553,57.83,0.062,89.58,52.57,29.41
BATT-009,322,345.09,28.57,554,65.48,0.123,89.55,49.64,27.84
BATT-009,323,345.83,34.79,556,60.83,0.011,89.52,50.32,31.32
BATT-009,324,346.35,30.8,558,54.09,0.193,89.49,49.93,29.4
BATT-009,325,345.8,29.96,559,56.1,0.161,89.46,52.54,27.76
BATT-009,326,346.69,31.59,561,60.08,0.11,89.43,51.72,29.37
BATT-009,327,346.24,29.14,563,60.71,0.122,89.39,50.89,27.53
BATT-009,328,346.48,30.63,565,57.03,0.0,89.36,50.88,29.35
BATT-009,329,346.36,30.36,566,59.06,0.0,89.33,51.66,28.68
BATT-009,330,346.17,28.86,568,59.07,0.099,89.29,50.3,27.84
BATT-009,331,345.21,31.88,570,56.35,0.149,89.26,51.98,27.88
BATT-009,332,346.37,34.4,571,53.27,0.154,89.23,51.11,32.84
BATT-009,333,344.81,32.59,573,61.36,0.079,89.19,52.24,29.39
BATT-009,334,345.67,31.73,574,58.65,0.168,89.17,52.26,28.66
BATT-009,335,346.59,30.86,576,44.41,0.222,89.13,51.23,28.46
BATT-009,336,347.14,32.04,578,51.95,0.101,89.1,49.83,30.13
BATT-009,337,348.05,30.76,580,54.02,0.133,89.07,51.69,28.53
BATT-009,338,345.82,30.52,581,55.69,0.092,89.04,50.54,27.91
BATT-009,339,345.46,31.7,583,64.12,0.098,89.01,52.13,29.56
BATT-009,340,346.56,30.08,585,76.11,0.122,88.98,51.86,29.61
BATT-009,341,347.62,29.33,587,42.15,0.245,88.94,51.59,29.11
BATT-009,342,347.34,32.01,588,58.73,0.182,88.9,50.95,28.46
BATT-009,343,345.28,28.68,590,57.32,0.174,88.88,53.48,29.27
BATT-009,344,345.98,31.45,592,55.82,0.072,88.84,51.9,29.22
BATT-009,345,346.76,30.88,594,60.16,0.037,88.81,54.77,29.07
BATT-009,346,346.81,32.67,596,57.8,0.14,88.78,52.51,30.47
BATT-009,347,346.53,34.36,598,54.73,0.208,88.74,52.89,33.46
BATT-009,348,345.69,34.57,600,57.08,0.246,88.7,52.64,32.18
BATT-009,349,346.5,35.41,601,60.24,0.0,88.68,52.99,33.16
BATT-009,350,346.77,34.26,603,59.67,0.304,88.64,53.8,29.46
BATT-009,351,345.27,35.06,605,58.03,0.142,88.6,53.89,32.89
BATT-009,352,347.07,34.18,606,53.4,0.181,88.58,51.06,30.79
BATT-009,353,346.78,32.54,608,73.82,0.0,88.54,53.75,31.99
BATT-009,354,345.38,34.33,610,59.06,0.089,88.51,53.45,31.27
BATT-009,355,346.71,32.4,612,61.48,0.174,88.47,53.05,30.13
BATT-009,356,346.6,34.11,613,53.85,0.014,88.44,54.79,31.8
BATT-009,357,346.62,33.84,615,58.04,0.0,88.41,54.89,31.51
BATT-009,358,347.19,31.95,616,57.99,0.135,88.37,54.1,28.2
BATT-009,359,345.91,33.03,618,45.43,0.104,88.35,52.7,30.74
BATT-009,360,346.17,33.55,619,52.6,0.224,88.31,52.11,32.3
BATT-009,361,343.79,32.9,621,52.49,0.096,88.28,54.12,31.47
BATT-009,362,346.78,34.69,623,53.3,0.101,88.25,54.78,31.83
BATT-009,363,346.69,32.56,625,50.48,0.164,88.22,51.45,30.07
BATT-009,364,346.95,32.16,626,57.16,0.191,88.18,54.62,31.65
BATT-009,365,345.1,33.74,628,65.28,0.052,88.15,53.35,31.19
BATT-010,1,349.05,33.49,2,46.76,0.166,99.98,29.9,30.2
BATT-010,2,350.14,33.3,4,53.79,0.136,99.95,32.14,30.35
BATT-010,3,348.98,31.05,5,60.8,0.0,99.93,31.71,27.92
BATT-010,4,351.01,32.79,7,64.9,0.019,99.91,29.4,30.55
BATT-010,5,350.0,31.53,9,55.58,0.045,99.88,30.54,29.73
BATT-010,6,350.86,29.65,11,75.19,0.033,99.86,30.01,26.55
BATT-010,7,350.23,34.03,13,61.06,0.053,99.84,29.64,30.05
BATT-010,8,349.93,31.62,15,51.53,0.17,99.82,30.77,28.09
BATT-010,9,349.13,30.8,16,66.9,0.152,99.8,31.68,26.79
BATT-010,10,350.66,32.52,18,51.65,0.062,99.77,30.83,29.92
BATT-010,11,350.27,30.8,20,61.14,0.144,99.75,30.43,29.34
BATT-010,12,351.57,33.16,21,53.6,0.123,99.73,28.78,31.62
BATT-010,13,350.56,33.66,23,51.03,0.094,99.71,30.36,29.85
BATT-010,14,349.57,31.38,25,64.94,0.188,99.69,31.62,30.81
BATT-010,15,350.11,34.41,27,57.61,0.043,99.66,29.77,30.48
BATT-010,16,350.21,32.95,29,69.53,0.101,99.64,32.44,31.31
BATT-010,17,350.8,32.87,30,53.06,0.012,99.62,30.61,28.52
BATT-010,18,350.92,32.57,32,49.81,0.016,99.6,31.43,30.21
BATT-010,19,349.72,32.92,34,56.29,0.0,99.57,30.87,29.77
BATT-010,20,348.87,35.84,36,76.52,0.017,99.55,30.14,31.02
BATT-010,21,348.35,32.59,38,64.18,0.103,99.53,31.8,30.49
BATT-010,22,348.92,31.33,40,62.5,0.072,99.5,30.8,29.25
BATT-010,23,349.35,31.46,42,62.69,0.075,99.48,30.6,29.73
BATT-010,24,351.01,34.2,43,56.26,0.072,99.46,29.1,32.77
BATT-010,25,351.02,29.92,45,75.55,0.238,99.43,32.83,27.82
BATT-010,26,350.56,33.37,47,61.92,0.005,99.41,31.57,31.49
BATT-010,27,350.77,33.53,49,61.36,0.0,99.39,32.72,32.35
BATT-010,28,349.21,33.64,51,65.08,0.029,99.36,32.27,31.42
BATT-010,29,348.56,36.45,52,51.53,0.091,99.34,32.8,33.57
BATT-010,30,348.96,33.61,55,53.9,0.137,99.32,31.17,32.08
BATT-010,31,348.12,33.58,57,57.7,0.146,99.29,30.41,31.31
BATT-010,32,348.85,33.93,59,65.12,0.172,99.26,32.6,30.09
BATT-010,33,349.33,32.47,60,51.38,0.088,99.24,32.0,31.46
BATT-010,34,349.86,36.29,63,58.77,0.065,99.22,31.44,31.93
BATT-010,35,349.83,32.73,65,57.92,0.227,99.19,32.7,30.97
BATT-010,36,349.16,32.54,66,49.73,0.0,99.17,32.31,29.91
BATT-010,37,350.16,32.98,68,56.12,0.101,99.15,32.68,29.27
BATT-010,38,349.16,35.43,70,62.43,0.131,99.12,31.06,31.41
BATT-010,39,349.69,31.87,71,50.27,0.246,99.09,33.11,28.97
BATT-010,40,348.79,32.27,73,67.64,0.0,99.07,32.17,30.54
BATT-010,41,350.54,29.3,75,61.98,0.063,99.04,33.31,27.65
BATT-010,42,349.67,34.46,76,61.25,0.0,99.02,33.25,32.6
BATT-010,43,350.19,37.45,78,59.22,0.0,98.99,33.02,33.14
BATT-010,44,348.66,33.62,80,52.62,0.08,98.96,32.26,31.57
BATT-010,45,349.77,37.01,82,55.27,0.163,98.94,33.13,34.25
BATT-010,46,350.08,34.96,84,61.34,0.193,98.92,33.57,33.58
BATT-010,47,347.98,33.6,86,55.26,0.054,98.89,33.1,32.32
BATT-010,48,350.54,33.94,87,60.3,0.15,98.87,32.74,31.48
BATT-010,49,348.6,33.28,89,53.78,0.08,98.85,33.28,31.18
BATT-010,50,349.76,34.77,91,61.88,0.141,98.84,32.08,32.59
BATT-010,51,351.01,32.53,93,62.33,0.189,98.81,34.16,31.58
BATT-010,52,350.34,35.01,94,49.41,0.081,98.79,31.0,32.66
BATT-010,53,348.38,36.79,97,59.58,0.182,98.77,32.76,32.81
BATT-010,54,349.42,33.15,98,50.04,0.0,98.74,32.36,31.58
BATT-010,55,350.54,36.93,100,48.01,0.149,98.72,32.16,33.61
BATT-010,56,348.89,30.63,102,55.61,0.179,98.7,33.15,31.66
BATT-010,57,349.25,33.7,104,75.95,0.171,98.68,31.76,32.08
BATT-010,58,349.22,31.14,106,63.82,0.001,98.65,35.08,30.62
BATT-010,59,349.97,35.38,108,67.52,0.08,98.63,31.63,31.71
BATT-010,60,348.28,38.7,109,62.82,0.12,98.6,32.07,35.39
BATT-010,61,350.0,32.24,111,60.4,0.132,98.57,32.03,30.84
BATT-010,62,348.99,35.6,113,64.54,0.106,98.55,33.32,32.88
BATT-010,63,349.48,35.21,116,55.33,0.211,98.53,34.17,31.58
BATT-010,64,349.3,32.76,117,62.0,0.0,98.5,33.73,28.97
BATT-010,65,349.95,35.19,119,66.23,0.077,98.48,34.71,33.16
BATT-010,66,349.44,31.74,121,63.37,0.0,98.46,32.45,31.52
BATT-010,67,350.6,34.4,123,66.63,0.146,98.44,33.98,32.86
BATT-010,68,350.24,37.09,124,60.27,0.141,98.41,33.06,33.9
BATT-010,69,348.8,37.32,126,69.32,0.364,98.39,33.63,32.79
BATT-010,70,350.52,35.34,128,57.92,0.178,98.37,34.56,32.96
BATT-010,71,349.67,33.01,130,71.88,0.123,98.34,31.81,31.19
BATT-010,72,349.55,38.41,131,62.61,0.117,98.32,35.53,33.58
BATT-010,73,350.08,35.09,133,56.87,0.071,98.29,33.43,32.26
BATT-010,74,348.56,30.77,135,52.1,0.107,98.28,32.0,29.56
BATT-010,75,348.28,36.13,137,54.32,0.118,98.25,32.96,33.82
BATT-010,76,349.4,37.73,139,53.42,0.0,98.23,33.79,34.3
BATT-010,77,348.89,37.2,140,58.64,0.112,98.21,33.04,34.84
BATT-010,78,351.03,39.12,142,51.53,0.104,98.19,31.71,35.89
BATT-010,79,348.75,34.64,144,66.93,0.237,98.16,33.91,33.81
BATT-010,80,349.38,34.44,146,59.84,0.086,98.14,33.13,33.44
BATT-010,81,349.49,36.01,148,59.59,0.035,98.12,34.55,34.32
BATT-010,82,350.32,33.51,149,52.18,0.118,98.09,32.87,31.37
BATT-010,83,348.53,32.96,151,54.56,0.102,98.07,36.24,30.2
BATT-010,84,348.03,35.07,153,45.85,0.086,98.05,34.52,32.0
BATT-010,85,350.43,39.54,155,68.88,0.0,98.03,34.25,34.64
BATT-010,86,349.37,33.43,157,50.67,0.084,98.01,34.71,31.74
BATT-010,87,349.95,35.56,158,51.12,0.05,98.0,32.29,33.44
BATT-010,88,349.98,35.33,160,67.65,0.079,97.97,33.66,33.61
BATT-010,89,350.11,36.63,162,61.5,0.155,97.95,35.97,33.12
BATT-010,90,348.97,34.4,164,59.9,0.042,97.93,33.91,30.84
BATT-010,91,348.75,35.25,166,61.21,0.079,97.91,34.21,33.27
BATT-010,92,347.66,36.62,168,64.9,0.14,97.88,33.85,32.13
BATT-010,93,348.45,37.03,169,59.77,0.075,97.85,35.84,35.31
BATT-010,94,349.29,37.92,171,49.91,0.305,97.83,34.17,34.46
BATT-010,95,348.67,36.06,173,63.57,0.116,97.81,33.2,32.17
BATT-010,96,348.31,36.47,175,61.71,0.0,97.78,37.08,35.4
BATT-010,97,349.26,36.27,177,66.2,0.029,97.76,33.17,33.26
BATT-010,98,350.28,29.94,179,51.68,0.021,97.73,34.49,30.23
BATT-010,99,349.15,35.87,181,54.8,0.03,97.71,33.79,32.61
BATT-010,100,348.28,36.5,183,61.52,0.139,97.68,33.97,35.18
BATT-010,101,350.2,34.48,184,53.5,0.008,97.66,33.66,31.48
BATT-010,102,348.55,35.78,186,45.05,0.07,97.63,34.22,32.6
BATT-010,103,350.35,34.2,188,60.36,0.188,97.61,35.79,30.65
BATT-010,104,348.95,34.19,190,64.54,0.055,97.59,32.94,30.87
BATT-010,105,349.23,33.9,192,58.4,0.15,97.57,36.14,31.41
BATT-010,106,350.39,32.85,193,62.46,0.0,97.54,36.01,30.81
BATT-010,107,348.05,34.06,195,61.59,0.067,97.52,35.47,31.7
BATT-010,108,348.29,36.53,197,59.23,0.025,97.5,35.13,35.22
BATT-010,109,348.86,34.76,199,59.99,0.12,97.48,35.31,32.54
BATT-010,110,349.0,35.89,201,67.27,0.014,97.46,36.5,33.75
BATT-010,111,351.22,35.83,203,53.39,0.262,97.43,33.38,34.19
BATT-010,112,348.39,31.55,205,63.81,0.0,97.42,35.88,30.87
BATT-010,113,348.05,32.41,206,52.09,0.187,97.4,34.45,31.26
BATT-010,114,348.33,32.91,208,54.4,0.167,97.37,36.07,33.63
BATT-010,115,349.26,33.63,209,66.35,0.121,97.34,34.67,31.5
BATT-010,116,349.46,36.27,211,51.91,0.101,97.32,36.04,33.48
BATT-010,117,348.49,34.66,213,57.72,0.245,97.3,33.82,34.92
BATT-010,118,349.06,32.85,215,73.34,0.294,97.27,33.72,30.19
BATT-010,119,350.59,34.11,217,65.33,0.08,97.25,35.34,31.81
BATT-010,120,349.06,33.27,219,54.75,0.109,97.23,36.93,32.01
BATT-010,121,349.28,33.49,220,55.78,0.052,97.21,36.07,31.49
BATT-010,122,350.53,34.81,222,58.15,0.003,97.19,36.1,31.33
BATT-010,123,348.45,32.93,224,67.04,0.133,97.17,36.47,31.47
BATT-010,124,348.39,34.66,226,53.16,0.116,97.15,35.24,32.15
BATT-010,125,348.62,35.16,228,52.8,0.0,97.13,36.29,32.39
BATT-010,126,348.56,35.14,230,63.45,0.133,97.11,35.14,33.53
BATT-010,127,347.52,35.46,232,49.09,0.119,97.09,35.44,32.03
BATT-010,128,349.08,36.53,233,53.71,0.048,97.07,35.59,33.7
BATT-010,129,349.14,33.27,235,58.66,0.043,97.04,35.28,31.1
BATT-010,130,348.81,34.93,237,58.97,0.13,97.01,35.81,30.14
BATT-010,131,349.14,34.89,239,50.98,0.225,96.99,35.67,31.44
BATT-010,132,349.14,33.29,240,61.29,0.128,96.96,35.27,32.55
BATT-010,133,347.87,35.14,242,62.49,0.159,96.94,35.88,33.1
BATT-010,134,349.15,38.85,244,55.2,0.03,96.91,36.22,33.96
BATT-010,135,349.36,33.61,246,69.14,0.063,96.89,35.01,32.16
BATT-010,136,347.63,35.3,248,61.21,0.145,96.87,36.56,32.81
BATT-010,137,350.07,37.34,249,53.14,0.0,96.84,35.69,33.68
BATT-010,138,347.9,33.49,251,68.9,0.113,96.82,36.43,30.41
BATT-010,139,347.97,34.44,253,56.03,0.136,96.8,35.61,31.22
BATT-010,140,349.03,38.8,255,60.25,0.093,96.77,37.37,35.64
BATT-010,141,349.29,35.17,256,56.25,0.122,96.75,37.31,32.71
BATT-010,142,349.48,33.78,258,62.92,0.101,96.73,35.34,32.14
BATT-010,143,349.3,35.53,260,56.28,0.047,96.7,36.96,32.67
BATT-010,144,348.42,31.3,262,56.65,0.002,96.68,37.93,29.27
BATT-010,145,348.92,32.2,263,58.21,0.089,96.66,35.57,30.25
BATT-010,146,348.57,33.56,265,56.16,0.201,96.64,35.69,29.65
BATT-010,147,348.95,33.79,267,65.6,0.178,96.61,37.34,31.74
BATT-010,148,348.86,34.63,269,51.63,0.069,96.6,35.33,30.5
BATT-010,149,348.4,33.83,270,58.95,0.067,96.58,35.89,31.14
BATT-010,150,348.52,32.74,272,59.71,0.061,96.56,35.69,30.47
BATT-010,151,347.3,29.05,274,58.42,0.061,96.53,37.49,28.44
BATT-010,152,349.44,36.7,275,64.98,0.119,96.51,36.1,32.15
BATT-010,153,349.01,30.54,277,50.15,0.181,96.48,36.55,28.12
BATT-010,154,346.92,29.77,279,62.58,0.277,96.46,36.13,29.61
BATT-010,155,349.39,32.09,281,51.7,0.03,96.44,38.06,28.67
BATT-010,156,348.7,31.64,283,56.12,0.148,96.42,36.09,29.26
BATT-010,157,347.99,32.32,285,51.09,0.14,96.39,35.59,30.82
BATT-010,158,347.91,35.67,286,57.18,0.07,96.37,35.59,32.31
BATT-010,159,348.17,27.93,288,55.7,0.014,96.35,37.77,28.05
BATT-010,160,347.97,31.21,290,69.0,0.118,96.33,37.88,29.5
BATT-010,161,348.07,29.78,292,60.62,0.266,96.31,38.4,27.64
BATT-010,162,350.06,32.58,294,61.81,0.118,96.29,35.93,29.3
BATT-010,163,348.99,34.92,296,52.53,0.033,96.27,37.0,30.25
BATT-010,164,350.31,33.41,297,63.61,0.084,96.24,39.7,31.23
BATT-010,165,348.86,29.72,299,69.0,0.005,96.22,37.01,26.83
BATT-010,166,349.13,35.95,301,64.39,0.098,96.19,36.8,30.77
BATT-010,167,347.96,30.85,303,51.3,0.151,96.17,37.37,28.42
BATT-010,168,348.52,30.89,304,56.39,0.041,96.16,37.96,27.99
BATT-010,169,348.58,31.04,306,59.82,0.0,96.13,37.98,29.85
BATT-010,170,349.14,35.01,308,55.71,0.118,96.11,36.89,30.62
BATT-010,171,348.59,31.18,310,74.37,0.056,96.09,36.96,29.46
BATT-010,172,348.9,30.6,311,56.28,0.036,96.06,37.29,27.9
BATT-010,173,348.87,32.0,313,58.91,0.036,96.04,36.9,29.33
BATT-010,174,348.37,30.84,315,55.57,0.128,96.02,36.43,28.32
BATT-010,175,348.27,32.24,317,60.56,0.064,96.0,39.52,30.25
BATT-010,176,348.05,33.56,318,67.47,0.171,95.97,37.35,30.89
BATT-010,177,349.45,34.91,320,59.86,0.172,95.95,37.45,30.72
BATT-010,178,348.33,33.82,322,57.86,0.075,95.93,37.51,29.11
BATT-010,179,348.83,33.01,324,52.73,0.055,95.91,37.79,30.75
BATT-010,180,348.43,29.45,326,66.43,0.107,95.88,38.35,27.47
BATT-010,181,349.4,33.22,328,58.31,0.085,95.86,37.49,31.6
BATT-010,182,346.95,32.44,329,58.05,0.0,95.84,39.13,27.32
BATT-010,183,348.78,28.31,331,45.14,0.249,95.82,38.62,25.75
BATT-010,184,347.53,34.32,333,58.41,0.153,95.8,37.87,30.77
BATT-010,185,348.84,30.72,335,56.77,0.059,95.78,37.44,27.59
BATT-010,186,348.4,33.4,337,48.22,0.0,95.75,39.24,28.76
BATT-010,187,347.32,29.15,339,65.11,0.082,95.73,38.03,26.97
BATT-010,188,348.77,33.32,341,55.96,0.049,95.71,36.99,31.99
BATT-010,189,348.67,35.4,343,70.55,0.091,95.69,39.29,31.11
BATT-010,190,348.3,33.96,345,67.66,0.0,95.66,37.59,30.63
BATT-010,191,348.39,31.26,347,54.85,0.059,95.64,39.22,28.38
BATT-010,192,348.59,33.61,349,67.39,0.063,95.61,35.89,29.65
BATT-010,193,349.4,30.97,350,68.84,0.081,95.59,38.08,28.03
BATT-010,194,348.19,33.72,352,55.82,0.077,95.56,39.66,29.72
BATT-010,195,349.25,30.03,354,52.98,0.1,95.54,38.54,27.36
BATT-010,196,348.4,33.61,356,46.24,0.218,95.51,39.18,30.28
BATT-010,197,349.46,30.1,357,61.45,0.055,95.5,37.71,27.15
BATT-010,198,348.23,29.35,359,53.33,0.023,95.48,38.99,27.25
BATT-010,199,347.88,29.23,361,61.63,0.0,95.45,38.69,27.0
BATT-010,200,347.52,29.96,362,55.76,0.055,95.43,38.98,27.93
BATT-010,201,348.37,29.68,364,54.49,0.0,95.41,40.81,26.99
BATT-010,202,347.75,30.21,366,55.8,0.173,95.39,40.11,28.24
BATT-010,203,349.5,29.58,368,51.37,0.089,95.37,39.63,26.72
BATT-010,204,347.67,31.39,370,55.8,0.171,95.34,39.69,28.56
BATT-010,205,347.81,32.22,371,54.75,0.214,95.32,38.02,29.59
BATT-010,206,348.82,30.02,373,59.09,0.027,95.3,38.5,27.36
BATT-010,207,349.3,32.37,375,59.8,0.068,95.28,37.47,30.51
BATT-010,208,348.93,30.96,377,52.74,0.203,95.26,37.77,28.81
BATT-010,209,349.18,31.02,379,65.78,0.111,95.24,38.19,30.27
BATT-010,210,348.26,29.21,381,58.21,0.138,95.22,39.09,26.9
BATT-010,211,348.27,25.89,383,68.19,0.179,95.2,37.93,24.44
BATT-010,212,349.92,28.34,385,60.62,0.168,95.17,39.16,25.81
BATT-010,213,349.65,27.62,386,59.59,0.129,95.15,39.09,25.91
BATT-010,214,348.87,25.7,388,56.23,0.208,95.13,38.14,25.32
BATT-010,215,349.17,28.08,390,62.86,0.091,95.1,40.85,23.4
BATT-010,216,348.97,30.37,392,59.37,0.138,95.08,38.03,28.17
BATT-010,217,347.31,27.66,394,64.32,0.082,95.06,40.52,23.79
BATT-010,218,348.23,29.82,396,68.8,0.178,95.03,37.19,27.91
BATT-010,219,349.45,33.87,397,54.81,0.04,95.01,39.35,29.74
BATT-010,220,348.82,26.52,399,62.85,0.0,94.98,38.34,25.24
BATT-010,221,348.18,29.54,401,62.68,0.149,94.96,38.93,26.93
BATT-010,222,349.43,27.04,403,61.92,0.015,94.93,41.44,25.7
BATT-010,223,348.51,32.51,405,56.57,0.007,94.9,39.34,27.48
BATT-010,224,348.81,26.58,406,56.69,0.197,94.87,38.63,24.4
BATT-010,225,348.5,29.2,408,55.67,0.174,94.85,40.26,25.94
BATT-010,226,348.62,30.65,410,55.55,0.069,94.83,39.45,27.77
BATT-010,227,348.68,28.37,412,54.13,0.0,94.81,39.99,25.96
BATT-010,228,349.22,26.49,414,58.55,0.139,94.79,38.97,23.54
BATT-010,229,349.31,31.59,416,54.63,0.149,94.76,39.06,27.8
BATT-010,230,347.8,27.04,418,61.79,0.138,94.73,39.2,23.94
BATT-010,231,348.43,28.55,419,59.51,0.134,94.71,40.83,25.96
BATT-010,232,349.16,29.62,421,60.19,0.082,94.69,39.84,26.67
BATT-010,233,348.03,30.27,423,57.53,0.063,94.66,39.07,25.93
BATT-010,234,347.07,31.52,425,59.59,0.008,94.63,40.33,29.51
BATT-010,235,347.39,27.33,426,57.69,0.04,94.61,40.28,26.76
BATT-010,236,347.43,26.64,428,63.85,0.122,94.58,40.83,25.31
BATT-010,237,347.73,27.88,430,56.52,0.123,94.56,39.82,26.48
BATT-010,238,347.49,27.39,432,61.43,0.159,94.54,40.26,25.85
BATT-010,239,348.9,27.14,434,51.33,0.0,94.52,40.79,25.56
BATT-010,240,347.85,28.22,436,63.44,0.0,94.5,39.4,25.82
BATT-010,241,349.07,27.44,438,55.82,0.066,94.47,41.34,24.76
BATT-010,242,347.16,28.36,440,53.7,0.015,94.46,40.5,25.7
BATT-010,243,347.77,26.28,442,52.34,0.111,94.43,39.42,24.58
BATT-010,244,348.13,25.88,444,51.86,0.0,94.41,39.46,22.46
BATT-010,245,348.68,29.95,446,56.28,0.191,94.38,40.52,26.98
BATT-010,246,348.94,28.4,448,68.16,0.031,94.36,40.11,24.39
BATT-010,247,347.58,28.69,449,55.31,0.224,94.33,41.47,25.42
BATT-010,248,348.8,26.11,451,45.92,0.138,94.31,40.46,24.03
BATT-010,249,346.65,27.78,453,61.36,0.012,94.29,41.09,24.05
BATT-010,250,348.69,26.26,455,52.49,0.264,94.27,39.97,23.56
BATT-010,251,346.91,29.74,457,64.06,0.118,94.25,40.84,26.51
BATT-010,252,348.34,30.0,458,56.65,0.11,94.22,42.22,26.85
BATT-010,253,348.87,27.38,460,57.53,0.091,94.2,40.8,25.07
BATT-010,254,348.67,26.74,462,66.36,0.134,94.18,40.43,24.21
BATT-010,255,346.64,24.75,464,62.88,0.138,94.16,40.16,22.45
BATT-010,256,347.59,27.73,466,51.69,0.027,94.14,41.04,26.16
BATT-010,257,348.51,24.21,468,52.58,0.079,94.12,42.51,23.93
BATT-010,258,348.48,24.98,469,48.47,0.106,94.09,39.78,23.25
BATT-010,259,348.14,27.58,471,74.79,0.143,94.07,41.13,24.95
BATT-010,260,346.15,27.9,472,54.0,0.144,94.05,39.51,24.38
BATT-010,261,348.87,25.82,474,66.19,0.109,94.02,40.85,22.59
BATT-010,262,349.0,24.93,475,55.98,0.052,94.0,41.57,22.78
BATT-010,263,348.02,27.09,477,52.69,0.048,93.97,39.78,25.34
BATT-010,264,348.07,26.09,479,59.3,0.001,93.95,40.95,23.84
BATT-010,265,348.27,27.03,481,57.21,0.144,93.92,41.74,25.58
BATT-010,266,349.03,25.34,483,63.98,0.047,93.9,41.62,25.02
BATT-010,267,348.05,27.25,485,64.06,0.081,93.87,41.88,26.36
BATT-010,268,347.69,27.34,487,55.63,0.115,93.85,40.6,23.54
BATT-010,269,348.14,29.41,489,50.53,0.097,93.83,41.91,25.13
BATT-010,270,347.82,28.91,491,51.99,0.096,93.8,41.06,25.73
BATT-010,271,347.82,26.2,492,45.48,0.024,93.78,42.41,23.83
BATT-010,272,346.4,27.49,494,57.53,0.118,93.76,39.42,26.45
BATT-010,273,348.23,24.53,495,59.1,0.071,93.73,41.5,22.26
BATT-010,274,348.74,26.55,497,52.32,0.089,93.71,41.92,23.51
BATT-010,275,348.61,25.46,499,51.59,0.189,93.69,43.21,22.2
BATT-010,276,348.54,26.77,501,59.08,0.137,93.67,41.99,23.65
BATT-010,277,347.73,28.17,502,55.38,0.051,93.64,42.13,24.53
BATT-010,278,347.89,30.38,504,57.89,0.084,93.63,42.35,26.01
BATT-010,279,348.71,26.56,505,56.97,0.224,93.6,43.27,24.54
BATT-010,280,348.45,29.12,507,60.66,0.072,93.58,41.68,23.88
BATT-010,281,348.93,22.87,509,55.78,0.099,93.55,40.71,22.46
BATT-010,282,347.2,24.62,511,56.24,0.149,93.53,40.56,22.97
BATT-010,283,347.18,27.89,513,47.88,0.114,93.51,42.85,25.26
BATT-010,284,347.45,29.11,515,58.87,0.066,93.48,42.46,26.13
BATT-010,285,346.96,26.44,517,59.7,0.037,93.46,42.01,24.19
BATT-010,286,346.65,28.58,519,58.11,0.095,93.44,41.73,26.65
BATT-010,287,348.07,28.05,521,70.64,0.149,93.41,42.54,23.42
BATT-010,288,348.01,26.16,523,60.15,0.202,93.39,42.61,24.28
BATT-010,289,347.87,25.83,525,58.23,0.0,93.36,42.93,24.42
BATT-010,290,347.95,31.31,526,62.17,0.237,93.34,41.38,27.19
BATT-010,291,346.49,28.39,528,71.85,0.073,93.32,40.77,25.11
BATT-010,292,347.27,25.76,530,60.69,0.17,93.29,41.67,22.24
BATT-010,293,347.41,29.01,532,45.83,0.037,93.27,41.27,26.38
BATT-010,294,347.67,28.8,534,61.76,0.0,93.25,41.26,27.74
BATT-010,295,346.46,27.14,535,53.9,0.0,93.22,44.28,24.62
BATT-010,296,346.88,24.59,537,47.64,0.07,93.2,40.47,23.68
BATT-010,297,347.26,29.02,539,69.36,0.138,93.18,43.26,26.34
BATT-010,298,348.45,31.1,540,68.06,0.099,93.15,43.74,28.02
BATT-010,299,347.8,29.88,542,53.74,0.076,93.13,43.86,26.37
BATT-010,300,348.41,25.03,544,53.78,0.186,93.11,43.18,22.7
BATT-010,301,347.48,29.47,546,60.13,0.096,93.09,44.27,26.29
BATT-010,302,347.58,27.32,547,53.86,0.119,93.07,44.76,25.8
BATT-010,303,347.96,27.19,549,58.36,0.345,93.04,42.73,23.79
BATT-010,304,347.42,30.29,551,54.89,0.096,93.02,43.51,27.19
BATT-010,305,347.05,27.57,553,56.77,0.041,93.0,44.39,25.95
BATT-010,306,346.35,30.25,555,50.75,0.135,92.98,42.28,27.3
BATT-010,307,347.06,27.29,557,64.13,0.155,92.95,42.94,23.77
BATT-010,308,348.19,28.5,558,66.39,0.12,92.93,42.61,25.99
BATT-010,309,348.52,25.7,560,58.57,0.109,92.9,43.75,24.09
BATT-010,310,346.89,28.45,562,58.95,0.215,92.87,41.44,25.84
BATT-010,311,346.11,30.71,564,62.95,0.205,92.84,44.82,27.73
BATT-010,312,348.23,25.01,565,59.18,0.087,92.82,43.97,23.41
BATT-010,313,347.53,24.96,567,69.55,0.045,92.79,44.07,23.54
BATT-010,314,346.39,30.02,569,51.27,0.131,92.77,41.16,27.07
BATT-010,315,344.97,28.91,571,64.34,0.044,92.74,42.52,25.66
BATT-010,316,346.68,32.06,573,58.49,0.167,92.72,45.1,27.48
BATT-010,317,347.08,27.65,575,52.44,0.13,92.71,43.45,24.56
BATT-010,318,346.52,27.11,577,72.65,0.31,92.68,41.95,25.89
BATT-010,319,347.98,31.36,579,73.48,0.214,92.66,43.95,26.9
BATT-010,320,346.77,29.71,580,57.92,0.01,92.63,44.44,26.23
BATT-010,321,347.43,23.7,582,61.84,0.055,92.62,44.33,23.28
BATT-010,322,349.31,31.64,584,56.34,0.0,92.59,43.69,30.24
BATT-010,323,347.5,28.32,586,57.31,0.0,92.57,45.01,26.38
BATT-010,324,347.3,27.37,588,52.38,0.105,92.55,43.22,24.1
BATT-010,325,347.31,26.68,590,51.49,0.001,92.53,44.5,26.63
BATT-010,326,347.91,29.17,592,70.24,0.228,92.51,44.13,26.86
BATT-010,327,347.81,30.97,594,58.94,0.189,92.49,43.9,27.76
BATT-010,328,346.56,27.31,596,59.48,0.075,92.46,43.7,27.71
BATT-010,329,347.02,29.23,598,54.31,0.07,92.44,43.77,26.06
BATT-010,330,346.81,27.15,600,60.31,0.215,92.42,44.19,23.85
BATT-010,331,347.11,28.77,601,50.15,0.233,92.4,43.9,27.18
BATT-010,332,348.79,25.36,603,54.53,0.022,92.38,44.96,24.08
BATT-010,333,347.82,30.0,605,51.97,0.011,92.36,43.73,28.43
BATT-010,334,347.25,25.32,607,66.93,0.072,92.33,45.87,25.56
BATT-010,335,348.31,29.78,608,49.26,0.131,92.31,43.76,27.68
BATT-010,336,347.45,28.45,610,52.1,0.055,92.3,45.29,25.8
BATT-010,337,345.98,27.31,612,46.89,0.132,92.27,45.38,26.1
BATT-010,338,348.62,29.1,613,53.83,0.252,92.25,44.63,25.7
BATT-010,339,347.15,30.57,616,56.41,0.0,92.23,44.57,28.04
BATT-010,340,345.47,28.78,618,65.04,0.061,92.21,43.81,26.09
BATT-010,341,345.98,30.27,619,57.84,0.0,92.18,44.06,28.24
BATT-010,342,348.16,29.43,622,56.71,0.029,92.16,44.84,26.26
BATT-010,343,345.98,30.59,623,60.97,0.073,92.14,44.61,26.87
BATT-010,344,348.32,29.35,625,56.51,0.038,92.11,45.88,27.33
BATT-010,345,347.3,30.76,627,73.63,0.138,92.09,44.3,27.57
BATT-010,346,347.79,29.22,628,55.63,0.108,92.06,44.4,26.02
BATT-010,347,347.01,31.38,631,61.65,0.12,92.04,43.18,28.53
BATT-010,348,347.62,31.24,632,64.13,0.072,92.02,45.52,27.13
BATT-010,349,347.45,30.12,634,55.45,0.079,92.0,45.46,28.42
BATT-010,350,347.16,29.65,636,60.16,0.068,91.97,45.94,27.65
BATT-010,351,346.33,30.27,638,56.17,0.076,91.95,46.04,28.62
BATT-010,352,347.46,30.34,640,60.82,0.13,91.92,45.83,27.19
BATT-010,353,345.71,28.84,641,59.78,0.0,91.9,45.92,26.69
BATT-010,354,347.9,30.31,643,58.33,0.119,91.87,45.74,28.58
BATT-010,355,347.31,31.36,645,52.24,0.027,91.85,45.94,27.26
BATT-010,356,347.51,34.5,647,70.35,0.069,91.83,43.37,30.26
BATT-010,357,345.04,30.34,648,62.69,0.0,91.8,44.16,28.24
BATT-010,358,346.22,27.21,650,49.64,0.068,91.78,44.04,26.15
BATT-010,359,346.71,31.69,652,56.65,0.119,91.76,46.61,27.4
BATT-010,360,347.65,29.75,654,49.76,0.133,91.74,44.58,26.85
BATT-010,361,346.35,32.87,656,63.74,0.001,91.72,44.78,30.02
BATT-010,362,349.13,32.18,657,59.04,0.129,91.69,45.46,29.64
BATT-010,363,346.87,30.09,659,59.2,0.187,91.67,44.25,28.46
BATT-010,364,346.27,31.07,661,54.12,0.057,91.65,45.91,29.06
BATT-010,365,346.92,31.66,663,57.28,0.096,91.63,43.44,28.56
BATT-011,1,350.58,31.01,2,61.43,0.302,99.96,33.27,29.85
BATT-011,2,349.31,32.22,4,48.36,0.263,99.93,33.18,29.57
BATT-011,3,350.02,33.25,6,51.18,0.208,99.89,34.15,32.94
BATT-011,4,350.94,34.21,7,55.58,0.371,99.85,31.41,32.26
BATT-011,5,349.29,34.14,9,61.29,0.335,99.8,31.48,32.33
BATT-011,6,349.15,36.33,11,52.17,0.316,99.77,32.19,33.54
BATT-011,7,349.61,33.29,12,55.17,0.401,99.73,32.97,32.42
BATT-011,8,349.54,31.14,14,51.43,0.376,99.69,32.45,30.16
BATT-011,9,349.04,33.29,16,55.57,0.319,99.66,31.78,32.89
BATT-011,10,349.95,31.43,18,61.7,0.584,99.62,32.88,30.21
BATT-011,11,349.98,33.29,19,56.06,0.422,99.58,32.85,31.25
BATT-011,12,350.21,31.95,21,53.28,0.536,99.54,33.85,31.97
BATT-011,13,349.17,33.22,22,55.22,0.307,99.51,33.12,31.88
BATT-011,14,349.06,31.88,24,50.62,0.36,99.46,31.25,29.48
BATT-011,15,349.7,32.47,25,49.45,0.241,99.42,33.61,30.78
BATT-011,16,349.59,34.13,27,62.64,0.314,99.38,34.88,32.27
BATT-011,17,349.59,31.73,28,65.25,0.294,99.34,33.4,31.45
BATT-011,18,349.19,35.81,30,44.67,0.58,99.3,34.43,34.12
BATT-011,19,350.01,36.26,32,58.91,0.285,99.27,33.0,34.45
BATT-011,20,348.97,32.51,33,60.57,0.322,99.23,34.15,30.89
BATT-011,21,349.62,34.66,34,48.15,0.224,99.19,32.9,32.72
BATT-011,22,349.46,36.55,36,52.59,0.383,99.15,33.47,35.07
BATT-011,23,349.66,33.89,37,51.96,0.268,99.12,33.54,32.56
BATT-011,24,350.63,32.96,39,66.83,0.414,99.08,34.32,32.21
BATT-011,25,348.61,36.94,40,65.34,0.197,99.04,33.09,34.18
BATT-011,26,347.74,33.1,42,49.89,0.331,99.0,32.51,32.54
BATT-011,27,349.16,36.86,44,46.67,0.193,98.97,34.51,34.92
BATT-011,28,348.71,35.78,46,60.06,0.301,98.93,34.54,32.18
BATT-011,29,347.2,35.31,48,58.68,0.317,98.89,34.29,32.42
BATT-011,30,351.0,36.68,49,62.89,0.292,98.86,35.17,34.38
BATT-011,31,350.04,35.44,50,49.07,0.3,98.83,34.09,33.41
BATT-011,32,350.11,35.14,52,59.76,0.418,98.79,34.65,33.48
BATT-011,33,349.33,31.4,54,51.03,0.514,98.75,34.09,30.51
BATT-011,34,349.89,34.44,55,59.16,0.367,98.71,34.25,32.9
BATT-011,35,349.2,37.15,57,55.2,0.271,98.67,34.92,34.79
BATT-011,36,350.17,34.55,59,66.82,0.345,98.63,36.92,32.37
BATT-011,37,349.66,37.23,60,58.11,0.312,98.59,35.46,34.66
BATT-011,38,349.47,37.07,62,53.54,0.411,98.56,35.33,34.06
BATT-011,39,349.51,35.04,65,56.25,0.363,98.51,35.63,33.42
BATT-011,40,350.64,37.78,66,54.82,0.214,98.48,32.58,35.81
BATT-011,41,349.59,33.2,68,48.49,0.428,98.44,35.32,33.31
BATT-011,42,348.61,37.51,69,66.97,0.418,98.4,35.99,33.47
BATT-011,43,349.7,34.98,71,65.01,0.46,98.36,35.22,33.61
BATT-011,44,349.8,36.54,72,54.36,0.299,98.32,35.16,34.1
BATT-011,45,349.28,36.55,74,59.62,0.364,98.28,34.34,35.18
BATT-011,46,349.34,33.22,76,67.73,0.245,98.24,34.92,31.87
BATT-011,47,348.52,36.98,78,62.84,0.336,98.2,34.6,35.43
BATT-011,48,349.43,34.82,80,53.58,0.372,98.16,36.5,34.28
BATT-011,49,348.37,34.36,81,54.89,0.289,98.12,37.08,35.05
BATT-011,50,349.13,40.8,82,45.12,0.368,98.08,37.58,37.86
BATT-011,51,348.78,35.88,84,60.07,0.354,98.04,34.87,33.55
BATT-011,52,350.09,33.39,86,62.88,0.304,98.0,35.12,32.52
BATT-011,53,350.53,36.93,88,62.92,0.452,97.96,35.11,34.69
BATT-011,54,348.36,37.58,89,59.63,0.321,97.93,34.9,34.97
BATT-011,55,349.26,36.89,91,57.54,0.351,97.89,34.99,35.79
BATT-011,56,349.0,35.92,93,49.43,0.223,97.85,35.55,33.72
BATT-011,57,349.6,36.12,95,57.34,0.382,97.81,37.01,33.32
BATT-011,58,349.3,32.65,96,51.63,0.302,97.77,35.48,32.31
BATT-011,59,348.89,34.91,98,58.57,0.417,97.73,37.33,32.59
BATT-011,60,349.27,36.21,100,50.84,0.235,97.69,37.71,34.06
BATT-011,61,349.01,38.21,102,58.53,0.375,97.65,36.7,34.54
BATT-011,62,350.44,40.19,104,63.36,0.166,97.61,37.72,37.85
BATT-011,63,348.52,33.62,105,57.68,0.39,97.57,35.19,32.25
BATT-011,64,349.34,36.81,107,57.39,0.326,97.53,36.07,35.32
BATT-011,65,349.53,37.57,109,60.9,0.372,97.49,36.89,33.76
BATT-011,66,349.46,36.65,110,66.04,0.292,97.45,37.0,35.21
BATT-011,67,348.86,36.45,112,54.78,0.264,97.41,38.27,34.08
BATT-011,68,350.18,38.04,113,58.55,0.305,97.38,35.91,36.49
BATT-011,69,347.4,39.38,115,64.49,0.356,97.34,36.45,36.51
BATT-011,70,348.18,37.74,116,59.44,0.386,97.3,36.97,34.82
BATT-011,71,349.57,38.94,118,43.41,0.365,97.25,36.61,37.18
BATT-011,72,348.32,37.56,120,51.13,0.265,97.22,36.15,36.18
BATT-011,73,348.26,38.51,122,59.93,0.487,97.19,36.77,37.15
BATT-011,74,348.63,35.08,123,53.02,0.367,97.15,37.07,35.02
BATT-011,75,348.36,38.42,125,64.06,0.29,97.11,38.84,36.53
BATT-011,76,349.48,35.84,127,66.57,0.374,97.07,36.44,33.97
BATT-011,77,349.68,34.81,128,51.88,0.361,97.03,38.35,33.84
BATT-011,78,349.02,38.38,130,49.23,0.326,96.99,38.88,38.43
BATT-011,79,349.78,35.54,132,53.25,0.317,96.95,37.16,33.55
BATT-011,80,347.81,36.66,134,52.91,0.419,96.92,37.99,34.54
BATT-011,81,348.97,34.54,135,64.64,0.478,96.88,38.37,32.36
BATT-011,82,349.97,34.75,137,49.21,0.177,96.85,38.28,33.95
BATT-011,83,349.67,35.92,139,59.88,0.439,96.81,38.01,33.74
BATT-011,84,350.02,35.84,141,63.75,0.342,96.77,37.32,34.24
BATT-011,85,348.38,38.35,142,60.34,0.359,96.73,38.74,35.7
BATT-011,86,349.57,36.88,144,58.04,0.448,96.69,37.77,36.07
BATT-011,87,348.49,36.69,146,54.45,0.128,96.65,38.25,33.75
BATT-011,88,349.29,37.38,148,66.52,0.405,96.61,38.46,34.09
BATT-011,89,349.85,38.8,149,53.95,0.443,96.57,39.21,36.9
BATT-011,90,348.15,40.03,151,61.11,0.285,96.54,40.35,37.84
BATT-011,91,347.29,39.73,153,54.47,0.229,96.5,37.76,37.16
BATT-011,92,350.24,33.57,155,44.37,0.471,96.46,38.62,32.81
BATT-011,93,349.14,38.37,157,53.8,0.2,96.42,37.15,37.06
BATT-011,94,348.65,40.03,158,54.48,0.374,96.38,40.19,38.06
BATT-011,95,348.59,36.55,160,54.56,0.422,96.34,38.82,32.73
BATT-011,96,347.03,37.49,162,51.46,0.372,96.3,38.54,36.9
BATT-011,97,348.86,39.03,164,59.18,0.385,96.26,38.97,35.61
BATT-011,98,348.25,36.36,166,59.84,0.319,96.22,39.09,34.77
BATT-011,99,348.71,37.17,167,53.59,0.377,96.18,38.32,35.41
BATT-011,100,348.67,38.92,169,53.54,0.284,96.14,40.32,35.91
BATT-011,101,345.94,40.78,170,49.12,0.294,96.11,39.84,36.97
BATT-011,102,349.02,39.09,172,56.95,0.343,96.07,40.04,36.88
BATT-011,103,348.76,35.9,174,63.69,0.217,96.03,38.65,32.95
BATT-011,104,348.85,35.09,176,63.69,0.386,95.99,38.67,34.23
BATT-011,105,348.44,36.58,177,51.83,0.142,95.96,39.35,35.33
BATT-011,106,348.61,37.96,179,67.37,0.369,95.92,40.34,37.53
BATT-011,107,348.7,32.33,180,53.25,0.377,95.88,40.1,31.06
BATT-011,108,348.76,36.57,182,49.33,0.277,95.84,38.89,34.22
BATT-011,109,348.91,34.82,183,47.25,0.242,95.81,40.4,32.82
BATT-011,110,348.74,36.56,185,48.96,0.308,95.77,38.83,33.04
BATT-011,111,349.98,40.39,187,57.42,0.391,95.73,39.22,36.55
BATT-011,112,347.91,35.9,188,53.88,0.368,95.69,40.11,34.25
BATT-011,113,348.18,32.63,190,51.63,0.251,95.65,38.85,31.53
BATT-011,114,349.82,37.71,192,50.34,0.349,95.61,39.13,34.77
BATT-011,115,348.33,41.08,193,48.9,0.361,95.57,41.71,38.03
BATT-011,116,349.18,34.47,195,50.08,0.358,95.53,41.6,32.24
BATT-011,117,348.53,38.22,197,61.51,0.261,95.49,42.59,35.72
BATT-011,118,348.23,39.58,198,66.24,0.353,95.45,40.82,37.25
BATT-011,119,349.18,35.59,200,66.61,0.414,95.41,41.09,34.79
BATT-011,120,348.8,38.29,201,59.54,0.383,95.37,40.36,37.73
BATT-011,121,347.14,35.55,203,52.47,0.373,95.34,40.23,33.81
BATT-011,122,348.49,38.52,204,51.41,0.472,95.3,41.52,36.94
BATT-011,123,347.55,38.61,206,59.96,0.354,95.26,42.07,36.55
BATT-011,124,349.34,36.3,208,53.94,0.273,95.22,41.57,34.65
BATT-011,125,349.72,32.51,210,57.89,0.273,95.18,40.02,32.43
BATT-011,126,349.8,32.8,211,67.0,0.354,95.14,41.33,33.12
BATT-011,127,348.57,33.59,213,56.72,0.225,95.1,40.23,31.07
BATT-011,128,347.9,36.56,214,69.09,0.315,95.06,40.75,35.44
BATT-011,129,348.52,36.77,216,48.66,0.377,95.03,42.78,35.22
BATT-011,130,347.49,35.81,218,58.11,0.434,94.99,40.0,34.58
BATT-011,131,350.11,35.11,219,57.3,0.217,94.95,43.45,34.24
BATT-011,132,349.17,37.26,221,49.52,0.348,94.91,41.89,36.42
BATT-011,133,348.45,37.59,223,60.23,0.335,94.87,40.95,34.78
BATT-011,134,348.99,35.01,225,64.61,0.343,94.83,41.57,33.46
BATT-011,135,347.78,36.89,226,68.64,0.352,94.79,40.88,34.47
BATT-011,136,347.28,39.83,228,57.89,0.338,94.75,41.08,37.27
BATT-011,137,346.38,37.19,230,44.02,0.452,94.72,41.76,35.09
BATT-011,138,348.2,36.11,231,58.28,0.44,94.67,41.44,33.52
BATT-011,139,347.96,35.79,233,59.87,0.512,94.64,40.91,33.99
BATT-011,140,348.53,37.85,234,54.01,0.339,94.6,41.68,34.7
BATT-011,141,348.11,35.93,236,56.71,0.307,94.56,40.67,33.32
BATT-011,142,348.46,35.88,237,52.52,0.263,94.52,40.78,33.14
BATT-011,143,348.72,34.68,239,54.62,0.299,94.49,40.83,33.83
BATT-011,144,346.89,38.12,241,61.53,0.397,94.45,43.85,36.07
BATT-011,145,348.74,34.88,242,63.76,0.41,94.41,42.65,34.93
BATT-011,146,347.71,36.26,244,47.8,0.394,94.37,42.91,33.07
BATT-011,147,348.43,36.1,246,52.35,0.287,94.34,42.39,34.94
BATT-011,148,348.82,34.89,248,45.89,0.288,94.3,42.95,33.59
BATT-011,149,348.82,34.46,249,66.45,0.497,94.26,43.69,34.04
BATT-011,150,348.08,35.59,251,60.65,0.274,94.22,43.0,33.84
BATT-011,151,348.11,31.76,252,43.42,0.454,94.18,44.3,30.24
BATT-011,152,348.66,32.38,254,55.03,0.373,94.14,42.69,28.77
BATT-011,153,346.74,36.27,255,53.72,0.282,94.11,43.39,33.63
BATT-011,154,347.16,33.22,257,50.89,0.245,94.07,43.57,31.95
BATT-011,155,347.68,30.83,259,61.64,0.285,94.02,42.02,30.71
BATT-011,156,346.83,31.37,260,61.5,0.374,93.99,43.06,31.87
BATT-011,157,347.66,35.19,262,57.04,0.267,93.94,41.25,34.43
BATT-011,158,347.61,33.97,264,51.57,0.465,93.91,43.03,33.52
BATT-011,159,347.93,36.21,265,51.62,0.324,93.87,42.94,34.08
BATT-011,160,347.8,35.18,266,55.68,0.396,93.84,42.94,33.54
BATT-011,161,348.68,33.22,268,52.68,0.39,93.8,42.94,31.41
BATT-011,162,348.27,34.73,270,55.39,0.47,93.76,43.94,33.89
BATT-011,163,347.74,35.48,271,58.77,0.305,93.72,42.61,33.54
BATT-011,164,347.52,32.79,273,46.22,0.349,93.68,45.42,32.42
BATT-011,165,347.74,34.32,275,50.87,0.228,93.65,44.19,32.62
BATT-011,166,347.74,36.27,277,55.22,0.349,93.61,42.89,33.66
BATT-011,167,349.76,32.7,278,64.81,0.431,93.57,44.41,31.28
BATT-011,168,346.57,36.2,280,60.49,0.358,93.53,44.82,33.97
BATT-011,169,346.98,32.93,282,55.4,0.525,93.49,44.27,33.12
BATT-011,170,346.85,31.94,284,57.84,0.382,93.46,42.95,32.21
BATT-011,171,347.91,36.55,285,54.81,0.297,93.42,46.27,34.43
BATT-011,172,347.87,32.96,287,61.88,0.377,93.38,44.74,30.13
BATT-011,173,347.21,32.86,289,58.02,0.223,93.34,42.92,31.31
BATT-011,174,348.37,34.84,290,63.09,0.276,93.31,44.45,30.91
BATT-011,175,347.94,32.74,292,47.29,0.243,93.28,44.07,32.4
BATT-011,176,348.38,34.68,294,50.58,0.342,93.23,44.37,33.57
BATT-011,177,348.58,32.18,295,57.07,0.335,93.19,43.25,30.25
BATT-011,178,345.9,38.87,297,58.38,0.437,93.15,44.56,36.62
BATT-011,179,348.14,31.8,298,69.82,0.332,93.11,43.75,30.6
BATT-011,180,346.54,32.79,300,44.57,0.26,93.08,44.3,32.06
BATT-011,181,347.76,33.86,302,55.22,0.465,93.04,45.11,31.46
BATT-011,182,347.49,33.37,304,54.95,0.105,92.99,44.33,31.45
BATT-011,183,347.51,31.57,305,56.85,0.343,92.95,44.58,30.13
BATT-011,184,346.56,35.13,307,65.82,0.358,92.91,45.77,32.85
BATT-011,185,348.33,31.55,308,60.68,0.339,92.87,44.13,29.9
BATT-011,186,346.46,30.1,310,45.8,0.38,92.84,44.43,28.46
BATT-011,187,348.08,30.97,312,64.62,0.349,92.8,43.89,29.36
BATT-011,188,346.32,34.1,313,64.46,0.38,92.76,44.4,33.14
BATT-011,189,347.44,33.64,315,57.0,0.292,92.72,45.43,32.78
BATT-011,190,348.88,29.08,317,45.71,0.224,92.68,46.0,27.82
BATT-011,191,349.32,33.81,319,54.51,0.337,92.65,44.62,31.99
BATT-011,192,346.12,27.64,320,58.23,0.258,92.61,46.11,27.73
BATT-011,193,346.84,33.32,322,61.4,0.282,92.57,45.66,30.59
BATT-011,194,346.97,30.56,323,44.8,0.433,92.54,44.24,28.75
BATT-011,195,349.18,32.55,324,50.81,0.465,92.49,45.88,31.83
BATT-011,196,347.3,34.66,326,62.01,0.432,92.45,46.97,31.26
BATT-011,197,348.2,33.66,328,64.43,0.417,92.41,43.96,31.83
BATT-011,198,347.57,30.3,329,58.0,0.345,92.37,47.93,29.85
BATT-011,199,346.36,33.3,331,62.31,0.421,92.33,45.39,29.94
BATT-011,200,345.81,31.05,332,58.15,0.369,92.29,44.42,27.91
BATT-011,201,346.79,29.43,334,61.2,0.496,92.24,46.29,28.55
BATT-011,202,349.12,32.92,336,56.29,0.267,92.2,47.05,31.45
BATT-011,203,347.46,31.84,338,58.3,0.394,92.16,46.02,30.51
BATT-011,204,348.09,29.95,339,48.09,0.239,92.12,46.68,30.06
BATT-011,205,346.09,33.84,341,59.75,0.395,92.08,48.57,31.73
BATT-011,206,346.95,30.45,343,47.91,0.203,92.04,46.72,27.82
BATT-011,207,347.82,33.23,344,59.75,0.243,92.0,49.57,30.79
BATT-011,208,346.31,29.69,346,52.79,0.238,91.96,47.92,27.87
BATT-011,209,347.12,34.53,347,57.64,0.36,91.92,46.78,31.8
BATT-011,210,346.46,30.99,349,49.7,0.369,91.88,47.09,30.34
BATT-011,211,347.81,34.51,351,52.4,0.536,91.85,46.55,30.9
BATT-011,212,347.45,29.36,352,57.63,0.333,91.81,47.18,28.34
BATT-011,213,347.67,33.73,354,59.95,0.402,91.78,47.55,32.61
BATT-011,214,347.8,33.49,355,61.98,0.353,91.73,46.66,32.27
BATT-011,215,346.91,31.0,357,48.52,0.395,91.69,45.76,29.86
BATT-011,216,347.88,32.51,359,46.41,0.352,91.65,48.53,30.92
BATT-011,217,346.59,30.2,360,49.57,0.428,91.62,48.25,28.65
BATT-011,218,347.55,29.06,362,49.03,0.256,91.58,45.93,27.14
BATT-011,219,345.46,31.15,364,64.82,0.144,91.53,47.6,30.18
BATT-011,220,346.43,29.5,365,63.46,0.374,91.5,48.52,27.55
BATT-011,221,348.86,31.54,367,49.44,0.196,91.46,48.48,30.84
BATT-011,222,347.49,32.91,369,65.68,0.445,91.42,46.93,30.39
BATT-011,223,347.47,31.63,370,63.1,0.296,91.38,48.68,29.12
BATT-011,224,346.31,30.76,372,45.64,0.257,91.35,47.77,28.98
BATT-011,225,346.09,31.28,374,49.24,0.556,91.32,48.2,30.14
BATT-011,226,346.74,31.12,375,45.47,0.339,91.28,46.96,29.02
BATT-011,227,346.88,28.85,377,54.9,0.323,91.24,43.7,27.95
BATT-011,228,348.45,28.06,379,55.53,0.4,91.2,47.25,26.24
BATT-011,229,347.72,31.53,381,55.51,0.405,91.17,48.63,29.9
BATT-011,230,346.98,33.38,382,43.26,0.431,91.13,47.95,28.96
BATT-011,231,346.93,33.06,384,46.86,0.234,91.09,48.87,32.5
BATT-011,232,347.47,27.29,386,56.98,0.383,91.05,49.4,28.17
BATT-011,233,345.8,29.87,388,59.15,0.317,91.01,48.04,28.72
BATT-011,234,345.31,28.78,389,43.3,0.267,90.98,48.0,28.71
BATT-011,235,347.42,30.22,391,47.73,0.344,90.94,46.31,29.16
BATT-011,236,346.87,27.18,392,61.56,0.195,90.89,47.03,26.69
BATT-011,237,345.75,28.86,394,48.08,0.414,90.86,47.3,27.98
BATT-011,238,345.11,30.02,396,55.33,0.317,90.82,49.27,29.3
BATT-011,239,347.49,30.27,397,47.5,0.302,90.78,48.46,27.52
BATT-011,240,346.34,30.9,399,60.41,0.329,90.74,48.32,29.16
BATT-011,241,347.07,30.94,401,43.32,0.327,90.71,48.27,28.08
BATT-011,242,346.52,30.33,402,53.59,0.432,90.67,48.21,28.5
BATT-011,243,346.69,32.31,404,61.06,0.253,90.62,49.99,29.59
BATT-011,244,346.23,28.97,406,59.08,0.31,90.59,49.22,27.49
BATT-011,245,346.63,29.0,408,52.64,0.323,90.55,50.19,25.62
BATT-011,246,347.14,29.62,410,51.23,0.255,90.51,47.08,27.36
BATT-011,247,346.44,27.5,412,54.02,0.353,90.47,49.87,26.49
BATT-011,248,346.39,26.91,413,47.69,0.282,90.44,48.92,24.51
BATT-011,249,347.12,29.32,415,54.82,0.228,90.4,49.19,27.51
BATT-011,250,347.16,29.52,416,54.92,0.382,90.36,50.9,27.94
BATT-011,251,345.7,31.02,418,52.91,0.464,90.32,49.21,29.14
BATT-011,252,346.58,28.41,419,61.42,0.344,90.29,50.16,25.88
BATT-011,253,346.17,27.36,420,49.0,0.332,90.24,48.73,27.69
BATT-011,254,346.58,30.66,422,45.19,0.33,90.2,49.86,29.23
BATT-011,255,347.7,29.12,424,52.27,0.299,90.16,48.3,26.65
BATT-011,256,346.83,30.33,425,56.17,0.434,90.13,49.9,28.29
BATT-011,257,348.26,30.52,427,54.78,0.348,90.09,50.41,29.86
BATT-011,258,346.69,24.07,429,54.51,0.166,90.05,51.21,24.65
BATT-011,259,346.37,31.32,431,48.66,0.436,90.01,49.36,27.84
BATT-011,260,346.47,30.75,433,49.53,0.417,89.97,49.72,29.15
BATT-011,261,346.59,30.17,435,52.49,0.388,89.92,49.68,26.87
BATT-011,262,346.72,32.04,437,52.02,0.12,89.89,50.13,29.46
BATT-011,263,345.66,29.31,439,62.01,0.34,89.85,49.49,28.31
BATT-011,264,346.25,29.29,440,57.0,0.412,89.82,48.36,30.0
BATT-011,265,345.84,29.54,442,52.23,0.371,89.78,49.54,28.21
BATT-011,266,347.23,31.85,444,61.99,0.357,89.74,50.6,30.11
BATT-011,267,344.86,30.0,446,58.1,0.412,89.71,50.57,27.77
BATT-011,268,346.51,25.93,447,47.28,0.351,89.67,51.34,25.26
BATT-011,269,345.16,28.32,449,35.97,0.437,89.63,51.69,26.35
BATT-011,270,346.7,30.79,450,47.46,0.353,89.59,50.48,28.82
BATT-011,271,346.02,31.56,452,58.99,0.347,89.55,49.41,28.79
BATT-011,272,344.88,28.3,453,60.77,0.412,89.51,51.47,26.82
BATT-011,273,347.07,32.22,455,45.46,0.308,89.47,51.12,29.99
BATT-011,274,344.29,28.83,457,59.37,0.252,89.44,50.94,26.75
BATT-011,275,346.27,30.64,459,59.15,0.341,89.41,52.47,27.97
BATT-011,276,346.83,28.9,460,63.79,0.387,89.37,51.78,27.93
BATT-011,277,347.36,24.0,462,61.12,0.414,89.32,51.53,25.29
BATT-011,278,344.96,28.67,463,63.53,0.415,89.28,51.64,27.12
BATT-011,279,345.82,32.42,465,58.35,0.335,89.25,52.4,30.86
BATT-011,280,347.09,26.54,467,58.15,0.327,89.21,50.92,25.91
BATT-011,281,347.13,28.52,469,53.4,0.293,89.17,50.8,28.24
BATT-011,282,347.22,26.79,471,60.34,0.36,89.13,51.52,25.58
BATT-011,283,348.23,27.59,472,47.43,0.209,89.09,50.65,25.92
BATT-011,284,345.76,27.09,474,54.59,0.342,89.05,51.85,25.21
BATT-011,285,346.45,28.26,475,58.66,0.568,89.01,52.06,28.75
BATT-011,286,345.87,26.08,477,63.87,0.22,88.98,51.96,26.05
BATT-011,287,344.55,32.19,479,52.55,0.353,88.94,51.74,29.27
BATT-011,288,346.04,28.18,480,61.22,0.37,88.9,53.82,26.59
BATT-011,289,344.51,29.38,482,54.24,0.381,88.86,53.17,27.59
BATT-011,290,345.67,28.49,484,61.34,0.263,88.82,52.22,28.04
BATT-011,291,344.9,26.79,486,50.61,0.381,88.78,52.47,25.01
BATT-011,292,346.41,29.17,487,59.78,0.297,88.75,53.82,27.76
BATT-011,293,345.43,29.17,489,54.85,0.226,88.71,51.92,28.0
BATT-011,294,344.61,29.53,491,48.31,0.416,88.68,51.6,29.21
BATT-011,295,346.72,27.0,492,54.5,0.393,88.64,52.86,26.08
BATT-011,296,345.53,30.08,494,63.35,0.263,88.6,53.11,26.32
BATT-011,297,345.65,30.0,496,49.31,0.297,88.57,53.26,28.56
BATT-011,298,345.2,32.29,497,46.52,0.294,88.53,53.66,29.72
BATT-011,299,346.89,28.33,499,57.81,0.209,88.49,52.17,26.74
BATT-011,300,346.18,27.27,501,45.35,0.401,88.45,51.56,25.8
BATT-011,301,345.45,28.36,502,64.8,0.404,88.41,52.46,27.21
BATT-011,302,344.4,29.33,504,64.65,0.314,88.37,53.69,26.19
BATT-011,303,347.93,30.5,506,61.65,0.338,88.34,52.26,28.34
BATT-011,304,347.49,27.15,508,55.35,0.349,88.3,51.32,26.16
BATT-011,305,347.04,30.66,509,65.41,0.36,88.26,53.47,29.27
BATT-011,306,345.31,31.03,511,63.49,0.232,88.22,52.83,28.17
BATT-011,307,345.46,28.34,513,52.22,0.379,88.17,51.75,29.39
BATT-011,308,346.17,26.38,515,64.05,0.246,88.14,53.62,24.28
BATT-011,309,345.12,27.64,516,49.95,0.395,88.1,53.23,25.32
BATT-011,310,345.03,30.97,518,54.24,0.255,88.05,55.37,29.93
BATT-011,311,346.97,28.9,520,44.66,0.236,88.02,53.85,26.96
BATT-011,312,345.75,28.16,522,56.3,0.338,87.98,54.42,25.88
BATT-011,313,344.88,28.37,524,53.65,0.336,87.94,53.87,27.81
BATT-011,314,346.53,31.15,525,52.71,0.349,87.91,53.36,28.52
BATT-011,315,345.29,30.05,527,54.43,0.269,87.87,53.54,27.97
BATT-011,316,344.16,30.58,528,51.94,0.356,87.83,55.18,28.95
BATT-011,317,344.82,30.68,530,55.67,0.364,87.79,54.92,28.79
BATT-011,318,345.3,31.25,532,63.12,0.434,87.75,52.75,28.76
BATT-011,319,345.87,34.51,534,49.05,0.355,87.71,53.07,30.41
BATT-011,320,345.82,30.81,536,60.6,0.292,87.67,53.19,28.41
BATT-011,321,346.65,31.02,537,56.71,0.232,87.63,55.51,28.42
BATT-011,322,345.47,31.72,539,57.67,0.218,87.59,52.79,29.74
BATT-011,323,345.27,33.1,540,55.24,0.366,87.55,55.38,29.41
BATT-011,324,346.63,27.6,542,51.12,0.404,87.52,55.06,27.28
BATT-011,325,346.4,28.6,544,58.09,0.269,87.48,54.87,28.55
BATT-011,326,345.43,31.34,545,58.53,0.361,87.44,54.31,29.4
BATT-011,327,345.83,30.36,546,50.62,0.326,87.41,56.05,27.91
BATT-011,328,345.2,27.25,548,47.39,0.398,87.37,55.04,28.04
BATT-011,329,344.64,28.6,549,55.93,0.41,87.33,53.55,26.82
BATT-011,330,347.31,26.24,551,59.95,0.159,87.29,53.86,24.63
BATT-011,331,345.1,30.98,553,61.45,0.423,87.25,53.49,28.45
BATT-011,332,345.76,31.48,554,62.64,0.36,87.21,56.41,29.26
BATT-011,333,344.3,27.46,556,57.65,0.298,87.17,56.7,27.49
BATT-011,334,346.09,31.96,557,53.84,0.3,87.13,56.43,31.25
BATT-011,335,344.52,28.66,559,55.41,0.343,87.09,55.28,27.68
BATT-011,336,346.81,33.2,561,47.96,0.3,87.05,54.06,30.67
BATT-011,337,346.9,32.16,562,51.33,0.265,87.02,54.5,29.99
BATT-011,338,345.9,33.86,564,55.1,0.284,86.98,54.63,32.69
BATT-011,339,345.52,32.23,566,53.82,0.257,86.95,55.64,30.3
BATT-011,340,345.27,28.11,568,55.97,0.448,86.91,57.14,27.38
BATT-011,341,345.37,35.03,569,47.17,0.345,86.88,57.19,31.19
BATT-011,342,345.72,34.58,571,48.51,0.52,86.84,55.38,32.22
BATT-011,343,345.45,29.65,573,60.07,0.37,86.8,53.71,27.08
BATT-011,344,346.15,33.92,574,50.42,0.387,86.76,54.85,30.76
BATT-011,345,344.62,33.96,576,51.36,0.255,86.73,57.26,31.16
BATT-011,346,346.56,31.43,578,55.99,0.323,86.68,56.39,29.61
BATT-011,347,344.99,27.96,579,49.83,0.346,86.64,55.87,26.36
BATT-011,348,344.71,32.69,581,62.06,0.289,86.6,55.87,29.62
BATT-011,349,345.59,31.07,583,47.88,0.303,86.57,55.61,29.26
BATT-011,350,345.63,33.53,584,55.43,0.374,86.54,55.22,32.49
BATT-011,351,343.88,33.88,586,50.93,0.375,86.5,58.57,30.13
BATT-011,352,344.88,30.56,588,56.36,0.233,86.46,58.27,29.71
BATT-011,353,343.51,29.57,589,52.44,0.363,86.42,55.81,29.51
BATT-011,354,344.69,33.73,591,55.28,0.384,86.38,54.95,30.95
BATT-011,355,344.71,31.67,593,62.75,0.293,86.34,56.94,30.61
BATT-011,356,345.44,31.63,595,51.3,0.285,86.31,56.69,29.41
BATT-011,357,344.56,34.66,597,51.25,0.376,86.26,57.54,31.06
BATT-011,358,344.74,30.31,598,53.53,0.134,86.23,57.84,29.9
BATT-011,359,346.21,28.66,600,64.27,0.34,86.19,55.88,26.91
BATT-011,360,346.8,35.14,602,54.88,0.471,86.15,58.4,31.87
BATT-011,361,344.4,34.27,604,62.83,0.133,86.11,56.84,31.8
BATT-011,362,345.94,32.91,605,54.36,0.406,86.07,57.87,31.31
BATT-011,363,345.42,34.59,607,62.56,0.384,86.04,57.06,30.41
BATT-011,364,343.71,32.73,608,57.87,0.225,85.99,58.32,31.04
BATT-011,365,344.45,34.62,610,58.75,0.382,85.95,55.12,32.44
BATT-012,1,349.63,27.78,2,52.51,0.359,99.98,33.84,25.39
BATT-012,2,350.93,32.75,3,61.47,0.145,99.95,30.67,30.49
BATT-012,3,350.18,32.22,5,48.01,0.202,99.92,30.08,28.46
BATT-012,4,350.01,31.36,7,60.97,0.216,99.9,32.86,30.34
BATT-012,5,349.81,35.89,9,59.35,0.263,99.87,31.48,34.07
BATT-012,6,349.74,34.42,10,43.22,0.3,99.84,31.87,32.67
BATT-012,7,348.96,30.9,12,50.89,0.198,99.81,33.87,29.2
BATT-012,8,348.58,29.18,13,60.11,0.103,99.78,30.29,28.9
BATT-012,9,350.21,32.78,15,63.81,0.134,99.75,31.54,32.42
BATT-012,10,349.75,30.59,17,58.28,0.202,99.72,30.56,29.04
BATT-012,11,350.59,32.07,19,51.61,0.281,99.69,32.18,32.11
BATT-012,12,349.17,36.0,21,48.18,0.075,99.66,31.34,34.79
BATT-012,13,348.99,32.66,22,57.39,0.097,99.63,30.79,31.77
BATT-012,14,350.48,33.84,24,51.43,0.251,99.6,32.74,32.6
BATT-012,15,349.61,35.16,25,51.69,0.087,99.57,32.07,32.49
BATT-012,16,350.52,30.58,27,52.64,0.101,99.54,30.86,30.12
BATT-012,17,349.86,33.87,29,59.28,0.282,99.52,30.97,31.46
BATT-012,18,351.32,30.62,30,64.83,0.173,99.49,32.41,29.65
BATT-012,19,350.42,34.18,32,60.15,0.167,99.46,30.59,33.09
BATT-012,20,350.13,31.6,33,54.05,0.3,99.43,32.53,29.59
BATT-012,21,350.43,33.6,35,48.59,0.106,99.41,33.7,32.34
BATT-012,22,349.56,33.69,37,58.0,0.09,99.38,33.07,33.05
BATT-012,23,348.46,31.85,38,63.98,0.321,99.35,31.84,30.68
BATT-012,24,350.05,30.16,40,60.01,0.21,99.32,32.78,30.39
BATT-012,25,351.31,33.21,41,55.24,0.245,99.29,31.31,31.29
BATT-012,26,347.91,28.7,43,51.06,0.166,99.26,32.75,30.26
BATT-012,27,350.11,34.33,45,56.06,0.182,99.23,32.34,31.9
BATT-012,28,348.49,32.51,46,60.92,0.135,99.2,31.68,30.35
BATT-012,29,349.69,33.66,48,55.38,0.216,99.18,33.39,30.52
BATT-012,30,349.77,36.39,49,53.37,0.257,99.15,30.84,32.67
BATT-012,31,350.29,35.31,51,49.87,0.207,99.12,31.69,32.84
BATT-012,32,349.85,32.44,52,69.53,0.276,99.09,31.87,31.53
BATT-012,33,350.77,33.27,54,48.64,0.244,99.06,32.48,29.56
BATT-012,34,350.59,34.19,55,48.09,0.107,99.02,34.35,33.84
BATT-012,35,349.49,31.11,57,54.97,0.179,99.0,33.84,31.47
BATT-012,36,350.52,38.69,59,52.78,0.155,98.97,33.25,35.29
BATT-012,37,349.38,34.2,60,60.13,0.251,98.94,33.25,32.06
BATT-012,38,349.23,32.18,61,60.33,0.228,98.92,33.22,32.52
BATT-012,39,348.65,31.91,63,46.7,0.201,98.89,34.66,31.72
BATT-012,40,350.65,34.88,64,49.46,0.272,98.86,31.53,32.79
BATT-012,41,349.35,38.36,66,48.74,0.042,98.83,34.17,37.69
BATT-012,42,347.64,32.82,67,58.7,0.143,98.8,32.94,32.0
BATT-012,43,350.0,38.0,69,56.56,0.149,98.77,34.0,34.49
BATT-012,44,349.21,36.46,71,51.76,0.211,98.75,34.05,32.77
BATT-012,45,349.31,36.13,73,55.29,0.235,98.72,34.33,34.44
BATT-012,46,349.35,31.22,74,47.23,0.191,98.69,35.23,29.83
BATT-012,47,349.26,38.14,75,49.53,0.086,98.66,32.33,35.7
BATT-012,48,351.7,34.32,77,46.19,0.223,98.63,34.75,33.34
BATT-012,49,350.84,31.78,78,54.86,0.201,98.6,33.74,32.47
BATT-012,50,350.06,33.06,79,54.84,0.073,98.57,33.4,34.28
BATT-012,51,349.68,34.65,81,48.08,0.167,98.55,35.94,33.18
BATT-012,52,350.38,33.71,83,56.52,0.221,98.52,34.66,31.29
BATT-012,53,349.66,30.98,84,60.33,0.323,98.48,33.6,29.42
BATT-012,54,350.11,38.19,86,47.81,0.104,98.46,35.02,35.84
BATT-012,55,349.9,35.26,87,52.03,0.254,98.43,34.07,32.8
BATT-012,56,349.54,35.19,89,57.07,0.105,98.4,33.74,32.26
BATT-012,57,350.18,34.14,90,53.95,0.089,98.37,33.62,32.42
BATT-012,58,349.08,37.27,92,45.76,0.094,98.34,34.58,35.46
BATT-012,59,349.46,34.07,93,51.34,0.239,98.31,33.72,32.56
BATT-012,60,348.62,35.58,95,51.15,0.201,98.28,34.54,34.3
BATT-012,61,348.7,32.84,96,52.97,0.166,98.25,35.32,32.87
BATT-012,62,347.36,34.23,97,53.22,0.227,98.23,34.59,31.52
BATT-012,63,349.73,35.95,98,63.39,0.194,98.19,36.52,34.79
BATT-012,64,349.94,36.22,100,52.74,0.2,98.16,34.62,35.12
BATT-012,65,350.22,33.48,102,43.68,0.167,98.13,36.0,32.48
BATT-012,66,348.45,33.68,103,54.54,0.109,98.1,35.68,33.48
BATT-012,67,349.68,35.16,105,64.48,0.326,98.07,36.29,33.71
BATT-012,68,349.31,36.32,107,52.99,0.303,98.04,36.79,34.26
BATT-012,69,349.9,37.41,108,51.36,0.318,98.02,33.09,36.57
BATT-012,70,348.77,35.74,110,52.16,0.148,97.99,35.18,33.16
BATT-012,71,349.02,34.35,111,57.49,0.136,97.96,34.86,33.17
BATT-012,72,348.03,33.44,113,52.13,0.158,97.93,35.13,33.43
BATT-012,73,348.69,35.22,115,44.9,0.277,97.9,34.67,32.3
BATT-012,74,349.26,32.89,117,49.96,0.191,97.87,34.57,31.15
BATT-012,75,349.38,36.36,118,53.6,0.147,97.84,34.09,33.96
BATT-012,76,347.88,37.0,120,57.2,0.22,97.81,35.33,34.57
BATT-012,77,348.81,34.4,122,50.49,0.132,97.78,36.22,33.8
BATT-012,78,349.34,34.74,123,52.21,0.082,97.75,34.85,33.72
BATT-012,79,350.33,35.06,125,54.26,0.201,97.71,35.08,32.48
BATT-012,80,348.51,37.6,127,49.32,0.15,97.68,34.77,34.22
BATT-012,81,349.57,35.72,128,53.44,0.19,97.65,34.52,34.11
BATT-012,82,348.72,35.5,130,56.79,0.0,97.62,35.33,34.58
BATT-012,83,348.8,37.59,131,46.87,0.12,97.6,35.95,34.37
BATT-012,84,348.45,35.4,133,55.83,0.187,97.57,36.92,34.48
BATT-012,85,348.31,37.75,135,47.45,0.07,97.54,34.52,35.88
BATT-012,86,348.75,35.88,136,47.57,0.072,97.51,35.73,34.77
BATT-012,87,349.96,36.45,138,50.01,0.194,97.48,37.0,34.64
BATT-012,88,348.5,31.9,139,62.18,0.247,97.45,34.7,31.31
BATT-012,89,348.37,36.67,141,43.7,0.12,97.42,37.21,35.51
BATT-012,90,349.25,34.4,142,51.21,0.17,97.39,35.55,33.48
BATT-012,91,349.08,36.25,143,53.83,0.172,97.36,36.76,34.05
BATT-012,92,349.01,33.73,145,60.99,0.066,97.33,35.89,32.02
BATT-012,93,349.26,39.49,147,65.68,0.286,97.29,36.62,37.07
BATT-012,94,348.23,30.94,149,51.46,0.176,97.26,37.83,30.22
BATT-012,95,348.31,37.49,150,57.23,0.177,97.23,36.16,36.16
BATT-012,96,349.81,36.73,151,53.42,0.221,97.2,37.32,34.56
BATT-012,97,348.89,33.46,153,53.38,0.066,97.17,36.65,31.06
BATT-012,98,349.48,37.06,155,55.63,0.264,97.14,35.65,36.97
BATT-012,99,349.97,36.54,156,44.48,0.275,97.11,36.34,34.68
BATT-012,100,349.66,31.09,158,53.7,0.202,97.08,36.33,30.36
BATT-012,101,347.87,35.71,160,56.69,0.228,97.05,35.19,33.25
BATT-012,102,348.86,38.08,161,48.83,0.165,97.02,37.11,34.68
BATT-012,103,349.78,35.36,163,56.73,0.26,96.99,37.36,36.44
BATT-012,104,349.35,34.12,164,43.62,0.125,96.96,37.57,33.24
BATT-012,105,349.07,31.67,166,54.55,0.188,96.93,38.24,29.87
BATT-012,106,347.6,37.55,168,62.04,0.193,96.9,37.82,36.01
BATT-012,107,348.41,37.03,170,52.68,0.188,96.87,36.31,34.55
BATT-012,108,348.95,32.06,172,48.12,0.276,96.85,36.57,30.44
BATT-012,109,347.75,35.29,173,45.44,0.366,96.82,37.85,34.28
BATT-012,110,349.51,34.94,175,56.33,0.182,96.79,37.46,34.42
BATT-012,111,348.77,33.59,176,59.56,0.228,96.76,37.1,33.24
BATT-012,112,347.27,33.26,178,53.65,0.127,96.73,36.3,32.46
BATT-012,113,348.39,33.74,179,51.21,0.273,96.7,36.69,32.77
BATT-012,114,348.61,35.09,181,42.4,0.149,96.68,37.85,33.17
BATT-012,115,348.72,35.55,182,54.73,0.442,96.65,35.37,34.16
BATT-012,116,349.95,35.68,184,49.85,0.057,96.62,35.03,34.79
BATT-012,117,349.27,30.89,185,50.2,0.363,96.6,38.11,30.35
BATT-012,118,347.71,34.77,187,63.69,0.27,96.57,36.93,33.93
BATT-012,119,347.6,35.23,189,43.18,0.101,96.54,37.98,34.25
BATT-012,120,348.57,34.53,191,43.98,0.376,96.52,39.14,33.74
BATT-012,121,348.87,35.06,192,55.38,0.117,96.48,36.61,32.85
BATT-012,122,349.55,38.46,194,51.68,0.166,96.46,35.99,35.55
BATT-012,123,350.14,35.77,196,50.88,0.087,96.43,37.43,35.4
BATT-012,124,350.17,35.46,198,55.63,0.179,96.41,37.07,32.8
BATT-012,125,348.38,35.42,200,55.52,0.187,96.38,37.79,33.19
BATT-012,126,349.47,36.16,201,48.15,0.257,96.34,38.41,34.44
BATT-012,127,349.05,38.23,203,50.44,0.386,96.31,38.25,35.16
BATT-012,128,347.83,33.35,205,54.29,0.15,96.29,38.02,31.98
BATT-012,129,347.18,33.53,206,54.99,0.0,96.26,39.08,31.59
BATT-012,130,348.8,35.19,208,56.89,0.243,96.23,38.74,33.53
BATT-012,131,347.47,32.98,209,50.49,0.147,96.2,37.94,31.39
BATT-012,132,347.98,32.12,211,56.07,0.336,96.18,38.81,30.12
BATT-012,133,348.1,33.35,213,59.69,0.188,96.15,36.67,31.76
BATT-012,134,348.82,35.58,214,54.27,0.13,96.12,39.34,33.57
BATT-012,135,349.65,36.1,216,53.37,0.11,96.09,38.36,35.23
BATT-012,136,348.63,32.69,217,52.58,0.241,96.06,37.19,31.79
BATT-012,137,348.18,33.48,219,50.29,0.169,96.03,38.02,32.62
BATT-012,138,346.95,34.17,221,48.36,0.308,96.0,39.52,32.99
BATT-012,139,348.96,34.29,222,52.2,0.174,95.98,37.75,31.73
BATT-012,140,348.61,32.64,224,56.69,0.304,95.96,38.98,31.57
BATT-012,141,348.14,35.3,225,48.65,0.08,95.93,39.49,33.11
BATT-012,142,349.5,32.56,226,53.54,0.052,95.9,38.69,30.76
BATT-012,143,347.6,32.45,228,52.84,0.257,95.87,37.86,31.35
BATT-012,144,348.0,35.0,229,64.66,0.154,95.84,38.71,32.14
BATT-012,145,348.34,35.16,231,58.33,0.17,95.81,37.43,32.88
BATT-012,146,348.07,31.61,232,58.23,0.11,95.78,38.4,30.07
BATT-012,147,348.95,33.55,234,59.51,0.104,95.75,37.84,32.09
BATT-012,148,348.87,31.93,236,50.72,0.242,95.72,38.94,30.29
BATT-012,149,349.33,31.16,237,62.25,0.189,95.7,37.77,31.15
BATT-012,150,348.88,34.01,239,54.94,0.106,95.66,39.18,33.3
BATT-012,151,348.38,33.95,241,53.72,0.254,95.64,40.28,31.95
BATT-012,152,348.19,34.46,242,46.7,0.285,95.61,40.38,34.5
BATT-012,153,348.82,32.62,243,51.58,0.182,95.58,37.99,31.83
BATT-012,154,348.29,34.48,245,43.39,0.271,95.56,38.61,33.33
BATT-012,155,348.47,37.46,246,52.5,0.111,95.53,40.19,33.01
BATT-012,156,348.83,33.95,248,50.53,0.237,95.5,40.09,31.74
BATT-012,157,348.53,32.36,250,51.6,0.204,95.47,38.82,29.72
BATT-012,158,348.65,32.21,251,45.67,0.128,95.44,39.01,31.48
BATT-012,159,347.76,32.68,253,58.21,0.355,95.41,39.64,30.77
BATT-012,160,349.46,30.43,255,57.54,0.209,95.38,37.77,30.65
BATT-012,161,347.49,32.89,257,64.13,0.144,95.35,40.18,31.68
BATT-012,162,348.71,31.25,258,63.96,0.192,95.32,40.79,29.21
BATT-012,163,347.96,30.13,259,54.93,0.121,95.3,39.37,30.01
BATT-012,164,349.21,31.67,261,60.13,0.098,95.26,38.4,29.73
BATT-012,165,349.04,32.82,263,55.56,0.155,95.23,41.29,30.8
BATT-012,166,348.32,30.91,264,51.43,0.16,95.2,40.15,29.97
BATT-012,167,349.55,30.71,266,52.32,0.127,95.17,40.7,30.0
BATT-012,168,348.15,32.02,267,57.82,0.291,95.14,38.72,31.19
BATT-012,169,348.99,31.45,269,78.52,0.13,95.11,38.78,30.25
BATT-012,170,347.69,32.09,270,60.99,0.116,95.07,40.57,30.86
BATT-012,171,348.59,31.16,272,55.47,0.096,95.05,41.23,29.11
BATT-012,172,347.51,30.48,273,56.89,0.088,95.02,39.13,29.48
BATT-012,173,348.26,36.86,275,56.84,0.273,94.98,40.22,33.71
BATT-012,174,348.19,32.67,276,53.45,0.212,94.96,38.78,29.54
BATT-012,175,348.93,29.13,278,58.53,0.246,94.93,39.72,27.36
BATT-012,176,347.68,32.16,280,53.06,0.272,94.89,40.23,30.96
BATT-012,177,350.66,30.33,281,47.92,0.164,94.87,41.02,29.32
BATT-012,178,347.09,32.54,283,56.88,0.309,94.83,38.48,30.68
BATT-012,179,348.37,32.14,285,57.68,0.141,94.8,41.96,30.11
BATT-012,180,348.4,32.34,286,53.11,0.103,94.77,40.53,31.0
BATT-012,181,348.59,31.1,288,55.85,0.221,94.74,42.05,29.96
BATT-012,182,347.74,31.59,289,59.75,0.202,94.71,41.5,29.7
BATT-012,183,348.33,33.3,291,53.68,0.202,94.68,41.72,31.69
BATT-012,184,347.68,27.54,292,51.31,0.272,94.65,42.94,26.57
BATT-012,185,349.61,29.5,294,49.73,0.199,94.62,40.2,27.84
BATT-012,186,347.6,29.46,296,52.47,0.216,94.59,41.16,28.52
BATT-012,187,347.98,27.94,298,63.2,0.3,94.56,40.09,27.15
BATT-012,188,347.56,30.44,299,52.8,0.212,94.53,41.03,28.91
BATT-012,189,347.44,29.65,301,56.15,0.23,94.5,41.9,28.69
BATT-012,190,346.94,31.76,303,52.04,0.077,94.47,42.36,30.95
BATT-012,191,348.59,31.87,304,51.53,0.488,94.45,40.9,29.29
BATT-012,192,347.51,30.18,306,48.71,0.064,94.42,40.12,29.03
BATT-012,193,347.4,32.1,307,54.59,0.148,94.4,41.45,28.71
BATT-012,194,347.26,29.8,309,50.89,0.145,94.36,40.58,27.64
BATT-012,195,348.26,31.2,311,61.63,0.36,94.34,40.91,30.48
BATT-012,196,348.03,33.6,313,53.34,0.143,94.31,42.21,30.89
BATT-012,197,348.02,28.02,314,53.72,0.226,94.28,42.07,27.19
BATT-012,198,347.38,34.89,316,52.91,0.146,94.25,42.47,31.38
BATT-012,199,348.33,29.64,317,56.22,0.108,94.22,41.35,27.87
BATT-012,200,347.44,29.77,318,62.93,0.236,94.2,42.74,27.68
BATT-012,201,348.02,31.03,320,47.75,0.133,94.17,41.8,29.46
BATT-012,202,347.84,31.33,322,55.66,0.207,94.14,41.55,29.52
BATT-012,203,346.59,29.82,323,44.58,0.241,94.11,40.79,28.51
BATT-012,204,349.55,28.65,325,61.33,0.343,94.08,39.85,28.03
BATT-012,205,348.38,32.13,326,53.34,0.09,94.05,40.44,30.25
BATT-012,206,348.05,30.05,328,45.02,0.179,94.02,42.26,27.49
BATT-012,207,348.17,28.61,330,46.33,0.182,94.0,41.18,28.26
BATT-012,208,349.53,33.92,331,58.87,0.191,93.97,40.49,30.84
BATT-012,209,348.79,28.37,333,44.0,0.396,93.95,41.77,26.23
BATT-012,210,348.15,28.59,335,55.66,0.177,93.92,42.51,27.48
BATT-012,211,347.29,30.73,337,51.42,0.0,93.89,42.7,29.65
BATT-012,212,347.41,32.25,338,52.82,0.175,93.86,42.31,28.84
BATT-012,213,346.4,31.81,339,49.95,0.181,93.84,42.32,29.33
BATT-012,214,347.54,28.63,341,48.27,0.172,93.81,41.89,25.94
BATT-012,215,348.35,29.64,343,51.06,0.133,93.79,43.11,28.35
BATT-012,216,348.32,29.48,344,57.42,0.085,93.75,42.36,27.38
BATT-012,217,348.29,33.05,346,52.23,0.364,93.72,42.52,31.16
BATT-012,218,347.38,30.28,347,56.52,0.216,93.69,43.69,28.91
BATT-012,219,348.22,29.26,349,52.54,0.175,93.66,43.49,27.61
BATT-012,220,348.43,30.66,351,57.66,0.361,93.64,42.56,28.01
BATT-012,221,345.98,30.75,352,56.48,0.121,93.6,42.48,27.61
BATT-012,222,347.99,29.81,354,50.75,0.239,93.57,42.53,28.52
BATT-012,223,349.41,26.36,356,48.27,0.091,93.55,40.88,26.13
BATT-012,224,347.5,32.6,358,59.72,0.251,93.51,44.06,29.41
BATT-012,225,345.7,28.52,359,49.11,0.1,93.49,42.33,25.33
BATT-012,226,347.06,29.51,361,56.99,0.229,93.45,43.93,27.57
BATT-012,227,346.25,29.31,362,54.18,0.347,93.43,43.15,25.97
BATT-012,228,347.18,29.09,364,51.21,0.198,93.4,44.55,27.22
BATT-012,229,346.7,29.23,366,56.57,0.015,93.37,43.75,28.59
BATT-012,230,348.41,24.72,367,62.2,0.194,93.34,44.18,24.49
BATT-012,231,348.28,26.98,369,57.74,0.229,93.31,42.74,26.76
BATT-012,232,347.92,26.35,371,54.77,0.263,93.28,42.09,24.81
BATT-012,233,348.62,27.58,372,63.72,0.309,93.25,43.58,26.5
BATT-012,234,347.18,25.68,374,43.94,0.313,93.22,41.57,24.71
BATT-012,235,347.68,28.51,375,47.32,0.18,93.2,43.07,27.08
BATT-012,236,349.36,28.55,377,51.2,0.138,93.17,42.4,26.15
BATT-012,237,348.07,28.86,378,62.51,0.101,93.14,42.81,27.87
BATT-012,238,348.05,29.38,380,59.65,0.148,93.11,44.3,28.55
BATT-012,239,346.96,27.74,381,43.69,0.229,93.08,44.28,26.68
BATT-012,240,347.24,30.43,383,51.37,0.083,93.05,43.63,27.97
BATT-012,241,346.76,30.13,384,46.05,0.117,93.02,44.17,28.66
BATT-012,242,348.89,26.99,386,53.75,0.236,93.0,43.36,25.17
BATT-012,243,346.29,31.76,388,59.4,0.139,92.97,46.37,28.67
BATT-012,244,348.26,30.81,389,59.84,0.22,92.94,44.31,26.43
BATT-012,245,347.98,27.16,391,55.6,0.126,92.91,43.46,24.98
BATT-012,246,346.23,28.94,392,51.44,0.214,92.88,44.97,26.86
BATT-012,247,348.41,26.63,394,53.42,0.129,92.86,45.39,26.27
BATT-012,248,347.28,26.15,395,58.09,0.039,92.83,43.42,24.24
BATT-012,249,346.42,26.27,397,68.07,0.267,92.8,42.83,24.67
BATT-012,250,347.76,31.18,398,46.88,0.135,92.78,43.07,28.75
BATT-012,251,346.8,27.83,400,63.52,0.171,92.74,43.68,26.68
BATT-012,252,347.28,30.2,401,55.45,0.136,92.71,44.36,28.46
BATT-012,253,347.03,27.73,403,58.91,0.234,92.68,42.84,25.59
BATT-012,254,346.73,28.42,405,55.1,0.218,92.65,44.09,24.98
BATT-012,255,346.47,26.74,407,62.41,0.234,92.63,44.35,23.64
BATT-012,256,348.05,30.4,408,55.97,0.147,92.6,44.94,27.59
BATT-012,257,347.66,29.0,410,50.1,0.187,92.57,45.27,26.73
BATT-012,258,347.6,26.6,411,56.69,0.224,92.55,45.1,25.49
BATT-012,259,347.09,27.16,413,60.75,0.314,92.52,46.54,24.89
BATT-012,260,347.41,28.52,415,53.99,0.215,92.49,45.89,27.75
BATT-012,261,346.77,27.11,416,41.54,0.111,92.46,45.08,25.78
BATT-012,262,346.75,29.1,418,53.3,0.212,92.43,43.94,25.78
BATT-012,263,348.71,27.19,420,54.58,0.178,92.4,44.29,25.11
BATT-012,264,348.04,27.16,421,53.72,0.031,92.38,43.58,25.39
BATT-012,265,346.87,28.71,423,51.02,0.043,92.35,45.21,26.82
BATT-012,266,346.11,25.3,424,61.93,0.186,92.32,45.45,23.85
BATT-012,267,345.94,25.48,426,39.75,0.192,92.28,46.07,26.09
BATT-012,268,346.78,27.67,428,54.55,0.167,92.25,45.5,27.39
BATT-012,269,347.36,27.98,430,54.64,0.262,92.22,46.34,25.83
BATT-012,270,347.36,28.15,431,66.56,0.116,92.19,46.42,27.53
BATT-012,271,347.38,29.39,432,53.9,0.08,92.16,44.37,27.95
BATT-012,272,347.51,27.61,434,56.66,0.125,92.13,44.93,27.29
BATT-012,273,346.4,25.95,436,54.74,0.142,92.1,45.5,25.13
BATT-012,274,348.43,27.42,437,54.56,0.186,92.07,44.86,25.88
BATT-012,275,347.05,28.92,439,64.57,0.127,92.04,45.38,26.45
BATT-012,276,347.44,27.9,440,47.32,0.02,92.01,45.98,25.23
BATT-012,277,346.67,25.99,442,49.99,0.0,91.98,45.6,25.18
BATT-012,278,347.43,26.94,443,58.51,0.201,91.95,45.78,25.09
BATT-012,279,348.83,29.88,445,55.53,0.101,91.91,44.91,29.76
BATT-012,280,346.37,27.14,446,52.29,0.03,91.88,46.41,25.54
BATT-012,281,346.25,30.05,448,53.57,0.241,91.85,46.4,27.56
BATT-012,282,346.44,26.13,450,59.47,0.314,91.81,45.26,24.66
BATT-012,283,346.86,31.38,451,56.9,0.183,91.78,44.79,28.53
BATT-012,284,346.69,27.79,453,49.71,0.212,91.75,47.38,25.42
BATT-012,285,346.27,27.86,454,55.42,0.213,91.72,47.94,26.08
BATT-012,286,347.05,24.55,456,53.69,0.006,91.69,46.48,23.26
BATT-012,287,348.33,28.7,458,56.81,0.262,91.67,45.92,27.7
BATT-012,288,346.95,28.12,459,52.06,0.29,91.64,47.39,28.04
BATT-012,289,346.99,24.52,461,46.74,0.338,91.61,46.87,24.27
BATT-012,290,347.33,30.37,463,58.02,0.156,91.58,46.24,27.83
BATT-012,291,347.56,27.14,464,57.28,0.1,91.56,47.45,24.08
BATT-012,292,348.13,27.52,466,62.48,0.3,91.53,45.73,27.06
BATT-012,293,347.22,27.31,468,46.09,0.231,91.5,45.9,25.7
BATT-012,294,347.01,28.12,469,53.57,0.261,91.47,47.01,28.16
BATT-012,295,346.21,27.11,470,52.61,0.139,91.44,46.81,26.55
BATT-012,296,347.59,29.4,472,51.61,0.213,91.42,47.38,27.6
BATT-012,297,346.31,29.1,474,44.74,0.107,91.39,47.98,28.08
BATT-012,298,346.28,25.44,475,47.59,0.19,91.36,45.28,25.81
BATT-012,299,347.12,29.49,476,55.61,0.163,91.33,46.93,26.23
BATT-012,300,348.19,26.13,478,50.99,0.378,91.3,48.85,24.64
BATT-012,301,347.53,26.32,479,49.03,0.235,91.28,46.39,25.89
BATT-012,302,346.91,30.93,481,62.57,0.019,91.25,46.33,29.26
BATT-012,303,346.14,28.99,482,68.23,0.191,91.22,44.86,27.53
BATT-012,304,348.13,26.83,484,53.65,0.22,91.18,47.26,24.86
BATT-012,305,346.86,30.11,485,44.98,0.153,91.15,47.8,28.91
BATT-012,306,346.66,28.94,487,56.37,0.103,91.12,47.84,27.08
BATT-012,307,347.33,30.26,489,41.48,0.244,91.09,46.28,27.78
BATT-012,308,346.52,27.53,490,45.89,0.114,91.07,47.36,27.31
BATT-012,309,346.26,28.09,492,56.47,0.237,91.04,47.64,27.24
BATT-012,310,346.33,26.03,494,45.69,0.107,91.01,47.52,23.65
BATT-012,311,346.31,29.34,495,52.21,0.148,90.98,46.44,28.35
BATT-012,312,345.93,24.81,497,45.09,0.267,90.94,47.67,23.35
BATT-012,313,345.83,29.36,499,54.33,0.23,90.91,46.84,28.29
BATT-012,314,347.59,28.09,500,60.73,0.193,90.88,45.83,26.96
BATT-012,315,347.33,29.16,502,50.31,0.188,90.85,48.44,28.11
BATT-012,316,346.13,27.42,504,53.87,0.198,90.82,47.95,27.14
BATT-012,317,347.49,30.51,505,49.09,0.128,90.79,48.45,28.51
BATT-012,318,347.02,29.62,507,49.51,0.07,90.77,47.38,27.02
BATT-012,319,346.5,28.83,508,49.0,0.236,90.73,48.6,27.46
BATT-012,320,345.76,30.18,510,58.71,0.313,90.7,49.05,27.69
BATT-012,321,347.01,31.0,511,45.51,0.239,90.67,49.84,29.95
BATT-012,322,348.22,29.08,513,52.0,0.211,90.64,48.95,28.09
BATT-012,323,346.73,27.21,514,56.45,0.094,90.61,48.57,25.26
BATT-012,324,347.5,28.41,516,59.45,0.261,90.58,46.86,26.44
BATT-012,325,346.52,29.66,518,56.63,0.229,90.55,48.19,28.24
BATT-012,326,347.42,31.5,519,53.55,0.252,90.52,46.93,29.28
BATT-012,327,346.55,26.62,520,50.58,0.274,90.49,47.59,26.36
BATT-012,328,344.74,32.1,522,59.54,0.318,90.46,50.42,30.86
BATT-012,329,346.07,30.32,524,48.79,0.102,90.43,47.49,27.82
BATT-012,330,346.75,30.74,525,48.88,0.088,90.4,46.22,28.24
BATT-012,331,347.5,28.16,526,62.1,0.203,90.37,49.44,25.79
BATT-012,332,346.5,31.96,528,56.15,0.117,90.34,48.01,29.4
BATT-012,333,346.63,28.28,530,56.36,0.103,90.31,49.49,27.11
BATT-012,334,346.13,26.56,531,57.58,0.288,90.29,47.6,26.72
BATT-012,335,347.84,28.71,532,53.42,0.11,90.26,48.4,27.42
BATT-012,336,347.78,32.21,534,45.36,0.19,90.23,50.07,30.03
BATT-012,337,346.03,31.06,535,55.5,0.06,90.2,47.61,28.72
BATT-012,338,345.35,27.76,537,53.88,0.196,90.17,48.82,26.75
BATT-012,339,345.1,27.92,538,48.84,0.285,90.14,49.33,27.35
BATT-012,340,347.02,30.99,540,47.46,0.288,90.11,48.37,30.32
BATT-012,341,346.64,28.91,542,53.71,0.274,90.08,49.39,27.91
BATT-012,342,345.89,28.81,543,45.84,0.185,90.05,49.21,29.17
BATT-012,343,346.73,30.61,545,53.13,0.28,90.03,49.77,29.6
BATT-012,344,345.52,24.92,546,52.41,0.225,90.0,51.13,23.33
BATT-012,345,347.13,31.86,548,53.27,0.156,89.97,52.02,30.42
BATT-012,346,346.17,28.52,550,56.41,0.221,89.94,49.87,27.31
BATT-012,347,345.6,28.96,551,57.72,0.262,89.91,49.35,28.11
BATT-012,348,346.16,31.99,552,49.72,0.085,89.87,49.96,31.02
BATT-012,349,346.13,31.94,554,59.21,0.106,89.85,49.33,30.95
BATT-012,350,346.73,31.83,556,52.67,0.179,89.82,48.03,29.58
BATT-012,351,347.36,31.55,558,64.51,0.093,89.78,49.64,30.0
BATT-012,352,347.31,35.15,559,50.48,0.092,89.76,50.81,30.45
BATT-012,353,346.53,32.4,561,44.32,0.157,89.73,48.31,31.19
BATT-012,354,346.25,33.43,563,58.99,0.27,89.7,48.84,31.45
BATT-012,355,345.93,30.57,564,56.54,0.269,89.67,49.31,29.34
BATT-012,356,344.96,29.35,566,61.2,0.217,89.64,50.32,28.14
BATT-012,357,346.35,32.04,567,55.85,0.205,89.61,52.38,28.93
BATT-012,358,345.67,32.11,569,68.03,0.358,89.57,49.25,29.58
BATT-012,359,347.32,29.16,570,52.86,0.148,89.55,50.19,29.37
BATT-012,360,346.17,28.52,572,60.27,0.21,89.52,50.16,28.0
BATT-012,361,346.92,31.65,574,50.84,0.144,89.49,49.9,30.24
BATT-012,362,345.93,28.33,575,56.94,0.088,89.46,50.21,27.31
BATT-012,363,345.76,29.89,577,58.06,0.286,89.43,49.86,29.86
BATT-012,364,346.77,31.68,578,58.98,0.166,89.4,53.12,30.02
BATT-012,365,346.5,29.7,580,58.65,0.246,89.37,51.18,30.04
BATT-013,1,350.53,31.78,2,55.51,0.253,99.98,31.21,29.55
BATT-013,2,349.62,32.74,3,45.93,0.24,99.95,30.26,29.0
BATT-013,3,350.36,32.22,5,54.23,0.3,99.93,30.98,30.39
BATT-013,4,349.27,31.87,7,49.59,0.297,99.9,30.44,30.24
BATT-013,5,349.28,27.88,8,70.51,0.386,99.87,31.35,26.08
BATT-013,6,349.65,30.48,10,48.88,0.169,99.84,30.93,29.03
BATT-013,7,349.5,32.86,12,65.96,0.319,99.82,32.99,31.0
BATT-013,8,349.69,29.44,13,47.54,0.119,99.8,31.12,28.02
BATT-013,9,350.34,29.83,15,55.96,0.384,99.77,30.9,27.08
BATT-013,10,351.42,32.13,16,57.38,0.229,99.74,32.21,29.48
BATT-013,11,349.43,34.31,18,55.23,0.236,99.71,29.83,30.53
BATT-013,12,349.1,30.71,19,54.86,0.272,99.68,32.97,29.13
BATT-013,13,349.89,33.72,21,59.55,0.084,99.66,30.34,31.83
BATT-013,14,349.19,34.58,23,56.89,0.107,99.64,32.55,32.72
BATT-013,15,348.55,28.94,24,53.35,0.202,99.61,32.88,27.13
BATT-013,16,350.7,32.25,26,50.34,0.22,99.58,30.94,29.51
BATT-013,17,349.91,26.72,28,53.39,0.359,99.55,31.09,26.73
BATT-013,18,349.98,33.28,29,53.31,0.117,99.53,31.45,31.21
BATT-013,19,348.29,32.87,31,53.2,0.316,99.51,32.22,29.27
BATT-013,20,349.35,32.61,32,54.84,0.171,99.48,30.65,29.64
BATT-013,21,348.68,35.0,34,45.93,0.17,99.46,31.57,32.14
BATT-013,22,349.79,30.94,35,48.22,0.18,99.44,31.41,28.49
BATT-013,23,349.9,29.19,37,59.37,0.168,99.41,30.63,28.18
BATT-013,24,349.89,28.05,39,40.88,0.232,99.38,30.78,27.19
BATT-013,25,349.24,33.45,40,61.56,0.161,99.35,32.01,32.58
BATT-013,26,349.08,32.76,42,51.03,0.08,99.32,32.04,32.29
BATT-013,27,349.6,32.91,44,64.4,0.171,99.29,31.22,30.36
BATT-013,28,350.03,32.02,45,61.74,0.229,99.27,32.1,28.95
BATT-013,29,349.27,34.22,47,52.42,0.081,99.25,31.42,32.17
BATT-013,30,348.97,37.53,49,53.04,0.239,99.21,33.44,35.11
BATT-013,31,349.0,32.59,51,63.94,0.287,99.19,32.07,30.69
BATT-013,32,349.18,31.48,52,62.02,0.311,99.15,33.33,29.3
BATT-013,33,349.33,32.52,54,60.22,0.22,99.12,30.6,33.02
BATT-013,34,348.81,31.44,55,61.25,0.048,99.1,32.66,29.52
BATT-013,35,349.32,31.91,57,47.86,0.245,99.08,32.97,30.73
BATT-013,36,350.66,28.94,58,55.61,0.27,99.05,32.29,27.38
BATT-013,37,349.42,32.77,60,49.76,0.137,99.02,31.94,30.94
BATT-013,38,348.66,30.42,61,47.7,0.187,99.0,32.36,29.53
BATT-013,39,347.83,33.92,63,55.37,0.231,98.97,33.31,33.39
BATT-013,40,351.1,30.95,65,51.9,0.336,98.95,31.39,30.09
BATT-013,41,350.54,32.94,66,53.39,0.172,98.93,33.34,32.78
BATT-013,42,349.84,31.96,68,51.38,0.264,98.91,33.0,31.5
BATT-013,43,350.54,32.49,71,46.86,0.218,98.88,32.47,31.9
BATT-013,44,350.02,32.72,72,64.56,0.209,98.85,32.56,32.55
BATT-013,45,349.53,33.87,73,55.32,0.299,98.82,32.89,31.74
BATT-013,46,348.59,31.6,75,45.73,0.126,98.8,34.53,30.89
BATT-013,47,351.1,30.44,76,55.47,0.211,98.78,33.26,30.7
BATT-013,48,349.21,33.93,78,63.51,0.195,98.75,32.01,32.73
BATT-013,49,349.25,29.65,80,60.13,0.072,98.72,32.57,29.16
BATT-013,50,349.57,37.64,81,51.27,0.291,98.7,31.91,34.57
BATT-013,51,349.58,34.04,83,51.41,0.259,98.67,31.22,32.3
BATT-013,52,349.98,31.78,84,48.64,0.195,98.64,31.99,31.64
BATT-013,53,349.88,34.77,86,49.93,0.172,98.61,33.33,32.59
BATT-013,54,349.04,33.03,88,50.42,0.193,98.59,34.53,31.34
BATT-013,55,349.52,33.38,90,45.57,0.249,98.56,34.3,32.01
BATT-013,56,349.92,33.8,91,51.72,0.197,98.53,32.2,30.62
BATT-013,57,348.95,33.55,93,56.45,0.139,98.51,32.6,32.92
BATT-013,58,350.63,34.92,95,51.9,0.151,98.49,32.5,32.27
BATT-013,59,349.45,33.91,96,55.69,0.192,98.46,30.89,32.71
BATT-013,60,350.73,36.28,98,64.11,0.118,98.44,33.36,34.69
BATT-013,61,348.33,32.16,99,65.4,0.219,98.4,34.39,31.3
BATT-013,62,349.95,33.27,101,53.97,0.129,98.37,33.39,32.34
BATT-013,63,348.71,31.27,103,59.66,0.116,98.35,32.42,30.09
BATT-013,64,348.9,33.14,105,53.38,0.448,98.32,32.89,33.43
BATT-013,65,350.13,34.56,106,51.46,0.348,98.29,33.45,32.61
BATT-013,66,349.21,34.42,108,47.68,0.204,98.27,34.6,32.69
BATT-013,67,351.46,32.57,110,54.9,0.261,98.25,33.69,32.46
BATT-013,68,349.79,34.13,112,60.89,0.274,98.21,34.56,31.86
BATT-013,69,348.81,39.56,113,46.74,0.187,98.19,33.88,36.5
BATT-013,70,349.77,33.78,115,52.66,0.215,98.17,34.25,32.84
BATT-013,71,349.16,34.07,116,52.37,0.172,98.14,33.12,33.25
BATT-013,72,350.01,33.84,118,55.86,0.293,98.11,33.42,31.12
BATT-013,73,349.09,36.19,120,55.96,0.294,98.09,32.9,34.18
BATT-013,74,349.65,34.16,121,57.61,0.318,98.06,34.8,32.69
BATT-013,75,349.47,35.98,123,65.76,0.214,98.03,33.96,33.56
BATT-013,76,349.36,36.15,125,49.16,0.366,98.01,30.7,34.27
BATT-013,77,350.13,35.81,126,48.83,0.187,97.98,34.83,32.77
BATT-013,78,347.84,33.52,128,55.87,0.356,97.95,35.37,31.93
BATT-013,79,349.35,31.51,129,63.1,0.156,97.93,33.63,29.47
BATT-013,80,348.71,35.1,131,45.61,0.089,97.91,34.96,32.4
BATT-013,81,348.18,31.13,132,56.37,0.355,97.88,34.32,31.97
BATT-013,82,348.58,34.03,134,53.17,0.246,97.85,32.46,31.29
BATT-013,83,348.74,36.3,135,59.51,0.234,97.82,36.59,35.2
BATT-013,84,349.04,36.61,137,58.15,0.164,97.79,34.48,34.5
BATT-013,85,349.49,33.56,138,54.67,0.125,97.77,34.93,30.29
BATT-013,86,349.65,34.58,140,57.31,0.133,97.75,34.14,33.28
BATT-013,87,348.88,32.98,142,50.43,0.204,97.73,34.51,31.83
BATT-013,88,350.46,35.16,143,59.18,0.181,97.71,35.0,33.61
BATT-013,89,348.89,32.02,144,62.7,0.037,97.68,33.85,31.86
BATT-013,90,347.62,36.06,146,54.98,0.328,97.65,36.64,32.26
BATT-013,91,348.89,36.08,147,51.93,0.159,97.62,35.83,34.51
BATT-013,92,349.2,37.55,149,53.51,0.292,97.6,35.55,34.3
BATT-013,93,346.53,36.61,151,59.12,0.136,97.57,34.94,35.33
BATT-013,94,350.11,34.38,153,54.13,0.205,97.55,34.36,32.74
BATT-013,95,349.05,33.43,154,47.18,0.27,97.52,36.2,30.88
BATT-013,96,348.2,34.95,156,60.1,0.259,97.5,35.82,34.44
BATT-013,97,348.35,35.95,157,48.49,0.171,97.47,34.86,34.44
BATT-013,98,349.71,36.51,159,56.93,0.233,97.44,34.24,33.99
BATT-013,99,349.8,33.32,161,43.18,0.247,97.41,33.8,31.93
BATT-013,100,348.56,32.55,162,55.03,0.181,97.38,35.45,31.43
BATT-013,101,347.99,36.55,164,53.97,0.104,97.36,35.22,33.83
BATT-013,102,349.17,34.69,166,42.58,0.143,97.33,36.7,31.68
BATT-013,103,349.31,35.71,167,56.38,0.162,97.31,36.55,32.54
BATT-013,104,349.5,38.28,169,47.77,0.195,97.28,35.65,37.35
BATT-013,105,348.59,37.19,170,54.89,0.32,97.25,35.58,36.17
BATT-013,106,348.93,35.28,172,51.91,0.265,97.23,34.55,34.15
BATT-013,107,349.04,34.27,173,45.5,0.127,97.2,36.81,31.95
BATT-013,108,349.78,32.25,174,48.11,0.34,97.17,35.74,31.84
BATT-013,109,350.07,34.44,176,48.59,0.186,97.15,36.45,33.98
BATT-013,110,350.27,36.02,178,60.28,0.246,97.12,37.07,35.13
BATT-013,111,350.03,32.76,179,59.4,0.118,97.09,35.38,32.09
BATT-013,112,350.42,34.65,181,67.55,0.157,97.06,35.17,32.15
BATT-013,113,349.77,35.37,183,51.31,0.276,97.04,38.51,32.95
BATT-013,114,348.48,31.83,184,51.12,0.122,97.01,36.69,30.71
BATT-013,115,350.17,32.14,186,55.19,0.197,96.98,35.86,30.73
BATT-013,116,347.83,30.04,187,52.25,0.23,96.96,37.43,30.97
BATT-013,117,350.82,34.68,189,50.89,0.111,96.94,35.92,33.53
BATT-013,118,348.14,35.94,190,54.71,0.051,96.91,36.59,33.09
BATT-013,119,349.62,35.45,191,58.6,0.265,96.89,35.75,34.36
BATT-013,120,350.06,30.53,193,41.71,0.422,96.86,36.34,30.01
BATT-013,121,349.26,33.3,194,50.95,0.229,96.83,36.14,30.31
BATT-013,122,347.24,33.73,196,45.97,0.245,96.81,35.7,33.24
BATT-013,123,348.12,34.37,198,53.46,0.122,96.79,36.74,31.21
BATT-013,124,349.15,35.78,200,56.98,0.31,96.76,35.91,31.29
BATT-013,125,349.36,35.47,202,61.08,0.163,96.73,37.18,33.97
BATT-013,126,348.7,34.43,203,51.78,0.286,96.7,36.35,31.58
BATT-013,127,348.9,31.66,205,55.02,0.241,96.67,34.98,31.72
BATT-013,128,347.65,31.85,206,44.29,0.243,96.65,37.36,31.96
BATT-013,129,350.24,32.82,208,49.22,0.24,96.63,37.42,32.01
BATT-013,130,348.51,35.71,210,55.63,0.238,96.61,39.07,33.28
BATT-013,131,349.43,32.01,211,46.23,0.215,96.58,36.89,30.4
BATT-013,132,349.92,33.31,213,61.8,0.27,96.55,37.1,31.89
BATT-013,133,347.86,34.18,214,57.52,0.135,96.52,37.45,33.87
BATT-013,134,348.88,36.76,216,48.96,0.174,96.5,38.04,35.28
BATT-013,135,348.99,30.96,217,45.49,0.31,96.48,38.01,30.0
BATT-013,136,348.55,33.17,219,50.07,0.207,96.45,37.42,32.48
BATT-013,137,349.49,32.25,220,48.99,0.167,96.43,37.11,31.65
BATT-013,138,348.21,33.54,222,47.08,0.276,96.4,38.04,31.74
BATT-013,139,348.77,31.54,223,45.94,0.26,96.37,37.17,30.66
BATT-013,140,348.43,34.53,225,53.0,0.089,96.35,36.0,32.92
BATT-013,141,350.57,32.64,227,58.78,0.251,96.32,35.83,32.8
BATT-013,142,348.17,37.58,228,50.12,0.204,96.3,37.08,35.47
BATT-013,143,349.29,31.5,230,57.05,0.25,96.27,37.55,29.65
BATT-013,144,350.12,30.34,231,52.42,0.194,96.25,39.94,28.96
BATT-013,145,347.94,36.38,233,58.06,0.23,96.22,37.39,34.61
BATT-013,146,348.75,33.94,235,49.66,0.046,96.2,37.6,31.4
BATT-013,147,347.87,30.89,236,56.07,0.121,96.16,37.21,30.73
BATT-013,148,347.04,33.32,238,55.1,0.252,96.13,38.29,31.65
BATT-013,149,348.01,29.52,239,62.56,0.402,96.11,37.99,29.21
BATT-013,150,348.17,33.51,240,57.74,0.222,96.08,37.13,31.81
BATT-013,151,348.21,32.42,243,55.92,0.137,96.05,36.81,31.07
BATT-013,152,348.37,34.33,244,45.56,0.204,96.03,37.46,32.74
BATT-013,153,348.6,34.82,245,51.23,0.121,96.0,37.07,32.36
BATT-013,154,347.63,34.85,247,49.58,0.293,95.97,37.73,32.42
BATT-013,155,348.86,33.93,248,49.45,0.197,95.95,38.15,31.24
BATT-013,156,349.54,34.51,250,54.48,0.277,95.93,37.54,33.3
BATT-013,157,349.63,34.01,252,55.83,0.18,95.9,39.56,31.69
BATT-013,158,348.35,32.08,253,56.06,0.284,95.87,39.31,29.97
BATT-013,159,349.26,30.73,255,61.95,0.063,95.85,37.96,29.49
BATT-013,160,347.99,31.32,256,57.28,0.195,95.82,37.27,29.6
BATT-013,161,348.25,32.94,258,47.02,0.236,95.8,38.25,31.46
BATT-013,162,348.84,31.52,260,55.6,0.171,95.77,38.19,28.52
BATT-013,163,348.24,33.1,261,57.89,0.221,95.74,38.31,30.68
BATT-013,164,347.49,30.41,263,61.96,0.22,95.71,38.03,29.14
BATT-013,165,349.16,29.64,265,53.46,0.277,95.69,37.41,28.44
BATT-013,166,347.82,31.18,267,53.52,0.242,95.67,38.54,28.62
BATT-013,167,348.06,33.1,268,60.86,0.224,95.64,38.2,30.15
BATT-013,168,349.31,33.19,270,55.45,0.263,95.62,38.34,31.27
BATT-013,169,348.89,31.31,272,44.79,0.084,95.59,38.75,29.04
BATT-013,170,348.59,29.79,273,43.51,0.133,95.57,38.62,26.87
BATT-013,171,347.26,36.09,275,65.43,0.082,95.53,38.82,34.65
BATT-013,172,347.5,33.22,276,44.1,0.237,95.51,38.4,31.53
BATT-013,173,348.74,33.28,278,53.38,0.226,95.48,39.21,31.19
BATT-013,174,348.91,33.34,280,59.68,0.304,95.45,38.18,32.16
BATT-013,175,348.6,33.1,281,43.79,0.221,95.43,37.85,29.79
BATT-013,176,348.01,30.55,283,47.89,0.142,95.4,38.1,29.38
BATT-013,177,347.98,33.22,284,46.9,0.203,95.37,38.36,31.55
BATT-013,178,348.54,34.99,286,65.19,0.043,95.35,37.8,31.47
BATT-013,179,347.36,30.05,288,66.49,0.16,95.32,37.45,30.3
BATT-013,180,348.42,32.46,289,49.98,0.005,95.29,39.69,30.63
BATT-013,181,347.23,28.33,291,57.86,0.219,95.27,40.51,27.38
BATT-013,182,347.49,30.39,292,56.23,0.17,95.24,39.84,28.78
BATT-013,183,348.47,32.06,294,52.7,0.182,95.21,38.84,31.66
BATT-013,184,348.78,31.48,295,44.62,0.118,95.19,37.66,30.24
BATT-013,185,348.58,28.4,297,68.23,0.139,95.16,39.62,26.77
BATT-013,186,347.4,29.95,299,43.49,0.248,95.13,37.87,28.1
BATT-013,187,346.79,33.64,300,55.66,0.078,95.11,39.43,31.14
BATT-013,188,348.27,28.73,301,50.5,0.233,95.08,38.77,29.44
BATT-013,189,346.75,30.44,303,60.43,0.128,95.05,37.33,28.96
BATT-013,190,349.02,30.37,304,59.46,0.058,95.03,41.14,28.94
BATT-013,191,347.39,29.97,306,48.51,0.291,95.01,38.45,28.43
BATT-013,192,350.03,29.34,308,49.64,0.299,94.99,39.38,27.7
BATT-013,193,347.47,27.94,309,45.08,0.15,94.96,39.66,27.17
BATT-013,194,348.6,29.93,311,55.55,0.149,94.93,39.37,29.86
BATT-013,195,347.63,30.46,312,58.65,0.173,94.91,40.35,28.64
BATT-013,196,348.07,29.89,314,51.73,0.128,94.88,39.19,29.27
BATT-013,197,348.35,30.98,316,52.91,0.142,94.86,40.35,28.97
BATT-013,198,348.88,30.86,318,65.83,0.229,94.83,40.33,30.19
BATT-013,199,349.0,31.0,319,60.0,0.359,94.8,38.69,28.7
BATT-013,200,348.75,30.74,321,62.47,0.164,94.77,40.35,29.18
BATT-013,201,348.99,29.76,322,40.93,0.275,94.74,39.12,28.13
BATT-013,202,347.66,27.76,324,57.67,0.221,94.72,39.06,26.39
BATT-013,203,348.66,28.61,326,55.89,0.059,94.69,40.56,27.41
BATT-013,204,347.86,29.95,327,46.87,0.191,94.66,39.91,28.57
BATT-013,205,348.91,31.43,329,48.12,0.181,94.64,40.74,28.64
BATT-013,206,348.21,29.81,330,53.07,0.31,94.61,40.79,29.73
BATT-013,207,348.6,27.76,331,46.33,0.313,94.58,39.03,26.8
BATT-013,208,348.33,30.43,333,49.59,0.223,94.57,41.23,27.77
BATT-013,209,348.7,29.6,335,51.61,0.29,94.54,40.83,27.17
BATT-013,210,347.43,32.69,336,57.82,0.181,94.51,40.01,29.74
BATT-013,211,346.81,29.36,338,50.14,0.282,94.49,40.5,27.81
BATT-013,212,348.85,28.07,339,51.7,0.201,94.46,41.45,27.78
BATT-013,213,349.13,27.57,341,60.53,0.281,94.44,40.4,27.07
BATT-013,214,347.95,28.03,343,43.8,0.289,94.42,42.88,26.73
BATT-013,215,348.68,27.2,344,55.75,0.25,94.39,42.3,24.83
BATT-013,216,346.72,26.41,346,56.72,0.133,94.36,40.98,25.05
BATT-013,217,347.52,28.43,347,56.88,0.159,94.33,40.69,27.16
BATT-013,218,348.07,28.92,349,51.37,0.253,94.31,40.78,26.91
BATT-013,219,346.61,28.69,351,47.99,0.264,94.28,40.41,27.05
BATT-013,220,346.76,29.3,352,63.5,0.205,94.25,41.19,28.13
BATT-013,221,348.11,27.41,354,49.24,0.168,94.23,41.79,26.8
BATT-013,222,347.49,28.64,356,47.68,0.208,94.2,39.8,26.08
BATT-013,223,347.68,28.89,357,54.5,0.17,94.17,41.84,26.24
BATT-013,224,347.63,27.42,359,49.95,0.171,94.15,42.18,26.87
BATT-013,225,346.91,27.08,360,60.69,0.35,94.12,41.87,25.88
BATT-013,226,347.76,30.27,362,52.79,0.155,94.09,41.21,27.99
BATT-013,227,347.91,26.8,364,61.47,0.233,94.07,41.92,26.33
BATT-013,228,347.45,28.65,365,57.08,0.205,94.05,42.73,26.67
BATT-013,229,347.51,26.3,367,52.05,0.095,94.03,41.41,25.02
BATT-013,230,347.73,28.19,369,61.07,0.092,93.99,41.54,27.79
BATT-013,231,348.55,31.69,371,50.48,0.186,93.97,43.7,28.31
BATT-013,232,347.81,25.33,372,52.46,0.036,93.95,41.92,24.06
BATT-013,233,346.33,28.79,374,57.56,0.339,93.92,40.66,26.66
BATT-013,234,346.91,26.34,376,55.74,0.164,93.89,42.58,25.85
BATT-013,235,348.6,29.56,377,50.34,0.157,93.86,42.16,26.39
BATT-013,236,347.3,30.16,379,45.16,0.291,93.84,41.14,26.6
BATT-013,237,347.76,22.64,380,54.27,0.181,93.81,40.75,22.53
BATT-013,238,349.37,28.42,382,50.02,0.245,93.79,42.14,26.98
BATT-013,239,348.32,30.41,384,54.56,0.147,93.76,41.88,27.47
BATT-013,240,346.09,28.74,386,51.86,0.196,93.74,40.74,27.6
BATT-013,241,348.95,26.32,387,50.08,0.27,93.71,41.95,24.31
BATT-013,242,347.91,25.57,389,52.77,0.124,93.69,41.93,25.64
BATT-013,243,348.08,25.66,390,53.94,0.235,93.66,42.06,24.84
BATT-013,244,348.02,24.66,392,58.55,0.0,93.64,42.66,22.74
BATT-013,245,348.49,25.67,394,56.92,0.294,93.61,40.45,24.65
BATT-013,246,347.69,25.17,395,66.95,0.148,93.58,41.15,23.92
BATT-013,247,346.56,26.11,397,55.23,0.186,93.55,41.83,26.02
BATT-013,248,347.99,25.3,399,50.34,0.185,93.53,43.69,23.04
BATT-013,249,346.62,24.25,400,53.38,0.115,93.5,44.78,23.98
BATT-013,250,349.17,27.8,402,57.79,0.109,93.47,42.46,24.65
BATT-013,251,347.41,27.48,404,60.4,0.234,93.44,42.57,26.55
BATT-013,252,347.65,31.95,405,62.43,0.238,93.41,40.12,29.54
BATT-013,253,347.14,28.11,407,48.28,0.122,93.38,43.52,25.8
BATT-013,254,347.95,24.4,409,62.07,0.236,93.36,43.12,23.77
BATT-013,255,348.03,25.31,410,54.11,0.237,93.34,42.99,24.28
BATT-013,256,347.12,27.41,412,48.82,0.162,93.32,41.5,26.26
BATT-013,257,348.01,24.45,414,53.16,0.089,93.29,44.77,23.23
BATT-013,258,347.69,27.19,415,61.65,0.19,93.26,44.37,26.88
BATT-013,259,347.56,27.77,417,57.13,0.222,93.24,43.18,25.62
BATT-013,260,347.02,25.93,419,47.11,0.188,93.21,43.92,25.01
BATT-013,261,349.47,24.15,420,47.16,0.145,93.19,43.03,22.65
BATT-013,262,348.55,29.16,422,46.99,0.23,93.16,43.84,26.54
BATT-013,263,348.18,26.19,424,49.99,0.294,93.14,41.76,24.01
BATT-013,264,348.49,26.35,425,54.85,0.131,93.12,40.83,25.37
BATT-013,265,347.82,27.54,427,47.63,0.169,93.09,41.88,24.89
BATT-013,266,347.29,25.01,428,51.81,0.412,93.06,42.39,22.74
BATT-013,267,345.45,25.66,430,62.79,0.216,93.03,42.61,24.76
BATT-013,268,346.58,24.37,431,64.09,0.091,93.0,43.75,23.28
BATT-013,269,349.28,26.72,433,63.69,0.155,92.98,43.09,24.11
BATT-013,270,348.46,28.12,435,43.61,0.132,92.95,43.36,25.73
BATT-013,271,347.69,26.24,437,64.42,0.223,92.93,42.26,26.13
BATT-013,272,346.25,25.65,438,54.93,0.217,92.9,42.21,25.04
BATT-013,273,348.02,26.05,440,54.85,0.142,92.88,43.57,23.74
BATT-013,274,347.28,24.53,441,60.56,0.341,92.85,43.04,24.1
BATT-013,275,348.05,26.48,443,58.6,0.2,92.82,43.63,24.07
BATT-013,276,346.59,25.41,444,43.17,0.156,92.81,44.21,21.86
BATT-013,277,347.08,27.16,446,50.71,0.095,92.78,45.34,25.18
BATT-013,278,348.17,23.26,447,52.19,0.121,92.76,43.73,22.57
BATT-013,279,349.0,26.98,449,46.4,0.093,92.73,45.61,25.19
BATT-013,280,346.92,25.54,451,60.37,0.177,92.7,44.27,22.89
BATT-013,281,346.63,24.99,452,63.02,0.122,92.67,44.6,23.28
BATT-013,282,348.24,28.19,454,54.32,0.255,92.65,45.0,26.1
BATT-013,283,346.41,25.95,456,56.17,0.146,92.62,44.72,25.14
BATT-013,284,346.46,23.18,457,54.31,0.26,92.59,43.24,22.29
BATT-013,285,347.61,26.81,458,54.98,0.232,92.56,45.18,24.29
BATT-013,286,349.06,26.43,460,61.09,0.244,92.53,43.78,25.54
BATT-013,287,346.7,23.25,462,43.79,0.264,92.5,44.5,24.23
BATT-013,288,347.07,25.96,463,57.3,0.352,92.48,44.39,24.66
BATT-013,289,347.45,27.48,465,54.45,0.125,92.45,45.45,25.55
BATT-013,290,346.97,27.94,467,50.1,0.26,92.42,44.75,25.27
BATT-013,291,345.93,26.99,468,51.36,0.225,92.4,43.01,23.73
BATT-013,292,347.97,26.97,470,65.38,0.278,92.37,46.54,25.28
BATT-013,293,347.47,27.1,471,46.42,0.202,92.34,45.33,24.83
BATT-013,294,347.61,29.6,472,53.37,0.287,92.32,43.98,27.87
BATT-013,295,347.19,27.12,474,64.16,0.089,92.29,43.45,25.15
BATT-013,296,348.5,26.96,476,46.76,0.112,92.27,45.58,25.53
BATT-013,297,346.88,27.74,477,51.65,0.147,92.25,43.65,25.75
BATT-013,298,346.41,25.78,479,54.64,0.187,92.22,45.52,24.9
BATT-013,299,348.6,27.92,481,56.86,0.196,92.19,45.84,24.33
BATT-013,300,345.5,25.35,482,53.9,0.134,92.16,44.17,26.13
BATT-013,301,347.12,28.35,484,49.01,0.113,92.14,44.13,26.17
BATT-013,302,347.18,30.55,485,57.07,0.14,92.11,44.44,28.62
BATT-013,303,347.14,28.62,486,53.78,0.056,92.09,43.96,26.65
BATT-013,304,345.98,27.13,488,58.15,0.17,92.06,45.23,26.7
BATT-013,305,346.27,26.6,489,59.92,0.188,92.04,45.41,26.67
BATT-013,306,347.97,26.81,491,45.47,0.228,92.01,45.82,24.6
BATT-013,307,348.3,26.73,492,60.58,0.206,91.98,44.31,23.78
BATT-013,308,346.85,26.03,494,52.85,0.336,91.95,46.03,24.2
BATT-013,309,346.43,29.19,496,59.33,0.258,91.93,44.25,26.77
BATT-013,310,345.74,29.06,497,57.35,0.252,91.9,46.12,27.91
BATT-013,311,347.91,28.86,498,65.51,0.222,91.87,43.85,26.92
BATT-013,312,347.95,28.45,500,54.42,0.236,91.85,46.95,25.61
BATT-013,313,344.89,29.71,501,51.96,0.175,91.83,44.9,28.42
BATT-013,314,345.19,28.08,503,51.3,0.201,91.8,46.07,25.28
BATT-013,315,347.23,24.24,505,48.16,0.346,91.77,46.2,24.27
BATT-013,316,347.32,27.41,506,59.23,0.187,91.75,44.3,26.41
BATT-013,317,346.72,30.17,508,47.77,0.086,91.73,46.44,28.02
BATT-013,318,347.07,28.37,509,59.18,0.248,91.7,45.11,24.86
BATT-013,319,346.89,25.24,511,53.04,0.263,91.67,45.39,23.62
BATT-013,320,347.1,26.85,513,43.8,0.205,91.65,45.08,26.28
BATT-013,321,346.35,30.92,515,63.31,0.042,91.62,47.41,27.43
BATT-013,322,347.05,23.35,516,34.13,0.296,91.59,44.68,21.87
BATT-013,323,346.51,30.11,518,53.89,0.211,91.57,46.32,27.84
BATT-013,324,346.43,25.64,520,55.79,0.168,91.54,45.32,24.37
BATT-013,325,345.54,29.31,521,40.55,0.288,91.52,47.07,27.56
BATT-013,326,346.88,24.58,522,57.03,0.031,91.49,48.34,23.53
BATT-013,327,347.66,28.23,524,50.36,0.202,91.47,45.44,24.37
BATT-013,328,346.75,30.36,526,52.89,0.149,91.44,46.25,27.56
BATT-013,329,346.71,31.89,527,62.44,0.312,91.42,45.78,28.51
BATT-013,330,347.99,27.55,529,55.24,0.212,91.39,47.26,26.73
BATT-013,331,347.8,30.18,531,52.28,0.124,91.36,46.01,30.39
BATT-013,332,348.36,26.64,532,53.36,0.284,91.34,47.21,25.32
BATT-013,333,348.76,29.49,534,65.04,0.0,91.31,45.95,25.36
BATT-013,334,347.0,27.81,535,56.81,0.233,91.29,48.63,26.52
BATT-013,335,346.02,29.17,537,49.08,0.092,91.26,44.25,26.51
BATT-013,336,346.51,28.1,538,51.45,0.156,91.23,46.87,27.52
BATT-013,337,347.38,26.82,540,47.24,0.173,91.21,46.52,26.04
BATT-013,338,348.07,29.59,542,51.67,0.266,91.19,46.53,28.06
BATT-013,339,346.07,31.81,543,64.03,0.369,91.16,46.9,28.09
BATT-013,340,347.1,32.47,545,53.38,0.05,91.13,46.73,29.76
BATT-013,341,346.25,26.22,547,46.36,0.228,91.1,46.95,26.66
BATT-013,342,346.76,30.24,549,56.97,0.369,91.08,47.17,27.97
BATT-013,343,346.74,28.89,551,52.03,0.147,91.05,48.57,28.43
BATT-013,344,347.16,28.5,553,57.75,0.142,91.03,44.1,27.58
BATT-013,345,348.47,29.45,554,52.93,0.212,91.0,48.77,27.34
BATT-013,346,347.22,27.63,556,63.05,0.259,90.97,49.52,24.62
BATT-013,347,346.49,30.87,557,48.92,0.245,90.95,45.25,27.91
BATT-013,348,346.35,30.68,558,47.39,0.164,90.92,47.1,28.74
BATT-013,349,346.66,29.78,560,60.01,0.129,90.9,48.47,27.83
BATT-013,350,346.11,29.76,562,42.36,0.298,90.87,48.06,26.81
BATT-013,351,346.91,25.56,564,53.35,0.131,90.84,48.87,25.53
BATT-013,352,344.86,32.23,566,59.19,0.039,90.82,47.61,28.79
BATT-013,353,346.61,29.1,567,41.22,0.076,90.79,45.26,28.23
BATT-013,354,346.66,32.2,569,54.77,0.147,90.76,48.64,30.33
BATT-013,355,345.83,27.25,570,45.41,0.312,90.74,48.02,26.14
BATT-013,356,346.44,28.13,572,43.31,0.098,90.71,48.9,27.68
BATT-013,357,347.63,28.54,573,47.99,0.314,90.68,45.95,26.47
BATT-013,358,347.68,31.9,574,53.28,0.297,90.66,46.31,30.06
BATT-013,359,346.29,31.95,576,50.15,0.211,90.63,47.59,30.45
BATT-013,360,347.13,32.99,577,61.02,0.0,90.6,48.96,31.54
BATT-013,361,345.5,32.64,579,54.88,0.098,90.58,49.28,29.51
BATT-013,362,346.46,33.78,581,51.45,0.142,90.55,46.99,29.98
BATT-013,363,346.87,32.38,582,46.52,0.331,90.52,47.36,29.52
BATT-013,364,347.9,31.68,584,55.73,0.147,90.5,50.69,29.79
BATT-013,365,347.62,29.04,585,66.74,0.131,90.47,47.31,29.07
BATT-014,1,349.61,34.07,2,64.07,0.078,99.97,31.56,31.32
BATT-014,2,351.2,33.36,4,59.58,0.199,99.94,32.85,29.71
BATT-014,3,349.84,36.04,6,55.81,0.176,99.91,33.47,33.19
BATT-014,4,349.53,32.38,8,65.63,0.304,99.87,33.4,30.71
BATT-014,5,348.75,36.67,10,47.35,0.112,99.84,33.32,31.96
BATT-014,6,349.48,31.45,12,57.48,0.075,99.81,30.76,31.17
BATT-014,7,348.99,37.12,14,64.42,0.148,99.78,32.8,34.41
BATT-014,8,350.26,32.51,15,68.09,0.23,99.75,33.11,30.58
BATT-014,9,349.94,37.22,17,63.57,0.0,99.71,33.57,32.93
BATT-014,10,349.59,34.41,19,56.71,0.251,99.67,33.12,31.5
BATT-014,11,349.26,37.8,21,60.44,0.164,99.64,34.22,32.55
BATT-014,12,351.08,36.93,23,62.49,0.09,99.6,30.9,34.19
BATT-014,13,349.28,30.76,25,70.11,0.152,99.57,33.35,28.82
BATT-014,14,349.28,32.79,27,66.27,0.122,99.53,33.33,31.8
BATT-014,15,349.63,34.43,29,66.31,0.083,99.5,33.81,30.62
BATT-014,16,349.73,34.57,31,61.14,0.026,99.46,34.52,32.7
BATT-014,17,350.18,35.42,33,54.32,0.24,99.43,32.15,33.14
BATT-014,18,350.53,35.39,35,52.31,0.136,99.39,34.61,31.46
BATT-014,19,350.46,35.2,37,58.94,0.15,99.36,33.97,31.45
BATT-014,20,351.71,34.69,39,64.94,0.249,99.32,33.04,32.6
BATT-014,21,348.4,32.7,40,57.73,0.186,99.29,32.37,30.45
BATT-014,22,349.93,33.87,42,64.18,0.056,99.26,33.54,32.93
BATT-014,23,349.31,31.91,44,55.98,0.235,99.22,33.69,31.26
BATT-014,24,351.33,37.12,46,56.9,0.3,99.19,33.8,33.65
BATT-014,25,349.85,34.21,48,69.19,0.221,99.16,32.89,30.64
BATT-014,26,348.07,34.89,50,65.34,0.112,99.12,34.19,31.83
BATT-014,27,350.03,34.5,52,58.9,0.063,99.09,33.24,31.62
BATT-014,28,349.88,34.35,53,55.76,0.109,99.06,34.92,32.36
BATT-014,29,350.26,39.1,55,66.44,0.189,99.02,35.48,34.93
BATT-014,30,349.07,35.11,57,66.0,0.295,98.98,33.03,34.2
BATT-014,31,349.89,34.5,59,64.58,0.12,98.95,33.96,32.27
BATT-014,32,349.4,35.18,61,59.68,0.129,98.91,34.94,32.33
BATT-014,33,349.07,37.13,63,54.18,0.263,98.88,34.3,34.43
BATT-014,34,349.87,34.11,65,60.65,0.146,98.85,32.73,31.42
BATT-014,35,349.71,35.43,67,69.19,0.318,98.81,35.01,33.25
BATT-014,36,350.41,35.61,68,55.29,0.169,98.78,33.6,32.37
BATT-014,37,349.58,34.56,70,61.03,0.275,98.74,34.47,33.08
BATT-014,38,350.03,37.16,72,70.56,0.212,98.71,33.33,34.6
BATT-014,39,348.57,35.57,74,58.92,0.238,98.67,35.19,32.44
BATT-014,40,350.64,37.33,76,59.98,0.167,98.64,34.04,34.96
BATT-014,41,348.89,39.56,78,52.64,0.172,98.61,35.42,36.85
BATT-014,42,350.22,37.43,80,64.48,0.215,98.57,34.36,34.51
BATT-014,43,349.7,34.47,82,56.3,0.245,98.53,34.16,33.53
BATT-014,44,349.59,36.48,84,51.42,0.223,98.51,35.11,35.44
BATT-014,45,350.07,34.93,86,55.02,0.04,98.48,33.68,32.1
BATT-014,46,347.74,38.18,87,61.99,0.202,98.44,36.62,36.09
BATT-014,47,348.98,34.88,89,51.26,0.129,98.41,35.06,32.73
BATT-014,48,350.03,40.43,92,52.43,0.137,98.38,34.37,37.16
BATT-014,49,350.96,34.59,93,64.1,0.218,98.34,34.59,32.88
BATT-014,50,349.39,35.28,95,60.31,0.317,98.31,35.07,34.99
BATT-014,51,347.45,36.06,97,55.26,0.163,98.28,36.11,31.71
BATT-014,52,349.13,37.68,99,58.82,0.339,98.24,34.28,33.77
BATT-014,53,349.32,36.41,100,71.17,0.093,98.2,34.88,32.51
BATT-014,54,350.24,33.59,102,68.43,0.28,98.16,35.26,32.01
BATT-014,55,349.38,38.65,104,60.1,0.216,98.13,36.91,36.03
BATT-014,56,348.31,33.85,106,65.64,0.198,98.1,36.44,32.42
BATT-014,57,350.09,35.83,108,61.47,0.292,98.07,37.08,33.19
BATT-014,58,349.77,35.41,110,50.1,0.13,98.03,35.58,33.06
BATT-014,59,348.74,37.7,112,49.02,0.283,98.0,37.04,36.08
BATT-014,60,349.86,39.14,114,55.29,0.164,97.96,36.94,35.94
BATT-014,61,348.84,38.79,116,51.29,0.13,97.93,36.44,36.35
BATT-014,62,349.02,37.72,118,62.37,0.075,97.89,36.58,33.3
BATT-014,63,348.83,39.32,120,57.44,0.308,97.86,35.26,36.54
BATT-014,64,348.99,33.51,122,63.3,0.272,97.83,37.74,33.36
BATT-014,65,349.95,34.33,124,63.39,0.143,97.8,35.73,33.45
BATT-014,66,347.79,38.36,126,64.88,0.225,97.76,36.6,33.56
BATT-014,67,350.09,35.99,127,55.16,0.191,97.73,36.78,33.65
BATT-014,68,349.33,37.47,129,63.84,0.153,97.69,34.8,34.53
BATT-014,69,348.87,36.15,131,55.01,0.258,97.65,36.18,33.44
BATT-014,70,349.18,39.18,133,65.01,0.131,97.62,36.49,35.07
BATT-014,71,348.43,31.62,135,68.08,0.006,97.59,36.23,30.83
BATT-014,72,347.84,39.14,137,65.08,0.202,97.55,36.37,35.11
BATT-014,73,348.43,37.12,138,59.68,0.186,97.52,37.96,33.16
BATT-014,74,347.61,36.52,140,64.14,0.134,97.49,35.69,33.81
BATT-014,75,348.03,36.98,142,51.54,0.11,97.46,35.3,33.87
BATT-014,76,347.8,38.6,144,50.19,0.056,97.43,36.05,36.27
BATT-014,77,350.07,36.64,146,63.54,0.152,97.4,37.44,35.63
BATT-014,78,348.05,37.92,148,68.59,0.111,97.36,37.6,34.64
BATT-014,79,349.03,36.78,149,53.35,0.258,97.33,37.42,33.83
BATT-014,80,349.95,39.06,152,60.83,0.222,97.3,37.79,36.1
BATT-014,81,349.72,40.81,154,63.38,0.142,97.26,37.19,37.63
BATT-014,82,348.79,37.0,155,57.06,0.223,97.23,36.48,34.91
BATT-014,83,348.79,36.76,157,58.71,0.173,97.2,36.11,32.56
BATT-014,84,349.15,36.62,159,64.42,0.16,97.16,35.86,33.92
BATT-014,85,350.68,39.06,161,61.39,0.177,97.13,36.95,35.82
BATT-014,86,349.31,36.75,163,61.42,0.323,97.09,38.03,34.32
BATT-014,87,349.51,37.46,164,54.85,0.233,97.06,37.53,33.71
BATT-014,88,350.77,36.45,166,60.56,0.157,97.03,37.38,33.65
BATT-014,89,349.17,37.76,168,58.36,0.253,97.0,36.36,35.14
BATT-014,90,349.86,36.61,170,58.68,0.25,96.96,40.05,32.71
BATT-014,91,349.31,35.93,172,57.49,0.202,96.93,36.71,34.96
BATT-014,92,349.28,37.56,174,60.58,0.155,96.9,37.72,35.14
BATT-014,93,348.13,36.42,176,55.53,0.15,96.86,38.66,34.34
BATT-014,94,347.99,36.52,178,60.82,0.095,96.83,37.76,33.45
BATT-014,95,348.47,39.55,180,58.55,0.196,96.8,36.96,36.53
BATT-014,96,349.57,35.69,182,55.15,0.132,96.76,38.64,33.0
BATT-014,97,349.52,37.24,184,49.05,0.146,96.73,36.55,35.26
BATT-014,98,349.91,38.76,186,66.43,0.231,96.7,39.69,36.08
BATT-014,99,348.83,38.25,188,65.22,0.316,96.67,38.28,35.22
BATT-014,100,349.25,39.34,190,55.91,0.211,96.64,37.8,36.82
BATT-014,101,349.25,37.07,191,64.83,0.173,96.6,36.7,33.26
BATT-014,102,348.72,37.08,193,54.59,0.18,96.58,37.01,33.77
BATT-014,103,348.53,36.97,195,58.9,0.272,96.54,38.18,34.25
BATT-014,104,347.59,40.22,197,57.56,0.212,96.51,40.18,39.87
BATT-014,105,348.65,38.16,199,59.08,0.197,96.48,38.57,35.68
BATT-014,106,348.68,39.27,201,64.62,0.202,96.45,38.74,35.94
BATT-014,107,349.65,38.28,203,58.33,0.067,96.42,38.84,35.86
BATT-014,108,349.72,37.99,204,58.71,0.212,96.39,40.86,34.98
BATT-014,109,348.84,38.89,206,65.2,0.111,96.36,38.13,36.42
BATT-014,110,350.36,34.95,208,61.11,0.213,96.32,40.19,32.02
BATT-014,111,348.85,39.32,210,57.19,0.122,96.29,38.29,35.22
BATT-014,112,349.52,38.91,211,62.19,0.228,96.26,38.04,35.42
BATT-014,113,348.6,37.69,213,66.7,0.169,96.22,38.73,36.29
BATT-014,114,347.75,34.04,215,67.08,0.09,96.19,38.79,33.0
BATT-014,115,348.31,36.23,217,52.8,0.158,96.16,39.49,33.09
BATT-014,116,349.82,37.02,218,53.1,0.358,96.12,36.66,33.15
BATT-014,117,348.42,36.48,220,66.74,0.0,96.09,39.2,35.44
BATT-014,118,348.24,37.92,222,59.02,0.194,96.05,38.52,35.43
BATT-014,119,348.6,38.24,224,47.54,0.1,96.02,38.45,33.17
BATT-014,120,348.28,39.87,226,56.36,0.291,95.99,37.93,37.43
BATT-014,121,349.54,40.19,228,58.11,0.246,95.95,38.93,34.96
BATT-014,122,350.08,36.56,230,58.87,0.196,95.92,38.84,34.68
BATT-014,123,348.56,36.2,232,65.33,0.255,95.88,39.0,34.15
BATT-014,124,348.98,37.82,234,55.17,0.201,95.84,37.85,35.82
BATT-014,125,349.31,36.4,236,66.36,0.182,95.81,39.65,34.98
BATT-014,126,348.61,38.2,238,62.45,0.133,95.78,38.82,37.19
BATT-014,127,347.81,34.97,240,53.02,0.152,95.74,38.03,32.5
BATT-014,128,348.17,34.8,241,58.83,0.144,95.71,39.18,31.96
BATT-014,129,348.82,35.11,243,63.71,0.182,95.68,39.01,33.13
BATT-014,130,348.79,37.25,245,60.98,0.03,95.65,39.89,35.03
BATT-014,131,347.03,37.66,247,63.02,0.264,95.62,39.34,33.51
BATT-014,132,348.1,39.69,249,57.22,0.337,95.58,38.51,36.02
BATT-014,133,347.85,35.92,251,64.07,0.147,95.54,39.14,33.48
BATT-014,134,349.13,38.77,253,58.35,0.275,95.51,38.37,35.64
BATT-014,135,347.86,33.79,255,76.02,0.17,95.47,41.3,32.73
BATT-014,136,348.03,38.67,257,52.83,0.133,95.43,41.52,35.7
BATT-014,137,347.99,38.57,259,76.93,0.151,95.4,41.71,35.94
BATT-014,138,349.01,35.31,261,55.04,0.188,95.37,39.75,32.99
BATT-014,139,349.14,37.25,263,68.37,0.123,95.33,41.7,34.52
BATT-014,140,348.75,36.71,265,65.71,0.23,95.3,40.87,34.14
BATT-014,141,349.23,35.84,266,55.29,0.14,95.27,39.7,34.46
BATT-014,142,349.32,39.94,268,64.34,0.095,95.23,39.96,35.56
BATT-014,143,346.87,38.69,270,57.77,0.18,95.2,40.48,35.04
BATT-014,144,348.78,36.61,272,62.39,0.126,95.17,40.81,34.3
BATT-014,145,348.0,35.41,274,61.63,0.155,95.13,41.13,34.47
BATT-014,146,347.28,31.76,275,58.65,0.177,95.11,40.81,31.51
BATT-014,147,348.02,38.0,277,58.15,0.074,95.08,40.52,33.3
BATT-014,148,348.85,34.18,279,62.79,0.298,95.04,42.28,31.65
BATT-014,149,349.42,36.68,281,55.32,0.246,95.01,40.88,33.22
BATT-014,150,347.16,36.62,283,55.55,0.131,94.97,40.89,34.87
BATT-014,151,348.72,35.52,285,66.47,0.18,94.93,40.92,33.12
BATT-014,152,349.79,31.76,287,63.31,0.232,94.9,41.08,29.32
BATT-014,153,349.67,34.39,289,52.9,0.198,94.87,39.88,31.45
BATT-014,154,345.43,36.62,291,54.72,0.332,94.84,40.29,33.83
BATT-014,155,349.92,33.86,293,47.92,0.162,94.8,43.81,32.09
BATT-014,156,348.94,35.78,295,66.2,0.276,94.77,39.77,34.01
BATT-014,157,346.31,33.58,297,64.87,0.074,94.74,41.75,30.96
BATT-014,158,347.54,34.23,299,54.21,0.087,94.71,41.87,33.28
BATT-014,159,349.14,35.17,301,64.64,0.316,94.68,42.6,33.3
BATT-014,160,348.41,36.32,303,72.66,0.147,94.64,42.02,33.77
BATT-014,161,347.65,34.64,305,51.51,0.088,94.61,43.6,31.54
BATT-014,162,348.16,37.83,307,57.05,0.177,94.58,42.0,33.63
BATT-014,163,348.53,36.88,309,51.38,0.282,94.55,43.16,34.65
BATT-014,164,347.62,31.65,311,66.43,0.12,94.52,42.91,28.92
BATT-014,165,347.97,33.17,313,60.17,0.178,94.49,43.47,32.34
BATT-014,166,348.78,32.52,315,58.35,0.033,94.45,42.02,29.49
BATT-014,167,347.49,32.63,316,62.11,0.144,94.42,42.45,30.84
BATT-014,168,346.95,33.29,319,57.4,0.261,94.39,41.74,30.9
BATT-014,169,347.52,35.07,320,58.33,0.118,94.36,42.32,31.9
BATT-014,170,347.3,35.72,322,62.39,0.079,94.32,42.44,32.5
BATT-014,171,347.52,34.47,324,57.08,0.119,94.29,40.21,33.22
BATT-014,172,346.61,35.69,326,57.93,0.132,94.26,42.2,32.19
BATT-014,173,348.17,35.4,327,59.8,0.242,94.23,43.29,32.74
BATT-014,174,348.66,34.01,329,61.29,0.212,94.2,41.11,30.04
BATT-014,175,347.31,37.34,331,64.35,0.227,94.17,41.52,33.18
BATT-014,176,347.43,30.89,333,64.24,0.183,94.14,43.71,26.58
BATT-014,177,347.79,35.02,335,51.75,0.132,94.11,43.96,33.75
BATT-014,178,347.2,36.51,337,69.19,0.119,94.07,42.06,33.41
BATT-014,179,348.7,33.57,339,61.1,0.216,94.04,42.91,32.45
BATT-014,180,347.19,38.6,341,58.75,0.308,94.0,42.73,34.6
BATT-014,181,347.47,32.62,343,55.32,0.106,93.97,44.04,28.48
BATT-014,182,347.27,35.96,345,72.68,0.1,93.94,42.38,32.28
BATT-014,183,348.67,33.52,346,74.9,0.09,93.9,42.6,31.25
BATT-014,184,347.67,34.59,348,71.94,0.248,93.87,44.38,31.34
BATT-014,185,349.44,31.31,350,61.47,0.178,93.84,42.1,29.16
BATT-014,186,348.12,34.14,352,62.81,0.226,93.81,42.65,31.43
BATT-014,187,348.75,33.9,355,69.69,0.141,93.78,43.35,31.29
BATT-014,188,347.55,30.37,356,59.3,0.231,93.74,44.8,29.67
BATT-014,189,347.04,32.42,359,63.99,0.158,93.7,42.15,30.53
BATT-014,190,347.76,33.56,360,62.11,0.058,93.67,42.69,28.59
BATT-014,191,347.23,32.52,362,72.26,0.255,93.64,44.06,29.9
BATT-014,192,346.16,34.73,364,69.36,0.178,93.6,44.27,31.87
BATT-014,193,348.56,34.52,366,59.92,0.156,93.57,43.8,31.83
BATT-014,194,347.76,33.73,368,69.89,0.204,93.53,43.53,31.45
BATT-014,195,347.16,34.4,370,60.72,0.066,93.5,43.84,31.67
BATT-014,196,348.02,33.91,372,57.47,0.216,93.47,42.26,31.62
BATT-014,197,347.74,29.54,374,59.03,0.133,93.44,43.92,29.12
BATT-014,198,348.82,34.02,375,61.63,0.169,93.4,45.36,30.53
BATT-014,199,348.03,35.9,377,56.03,0.272,93.37,42.62,31.59
BATT-014,200,347.54,29.36,379,57.64,0.233,93.34,43.21,27.82
BATT-014,201,348.21,30.03,380,52.08,0.167,93.31,43.66,27.75
BATT-014,202,347.62,31.8,382,55.81,0.173,93.28,43.78,27.6
BATT-014,203,347.78,28.94,384,62.15,0.0,93.24,46.01,27.02
BATT-014,204,348.6,31.14,386,67.0,0.115,93.21,43.3,28.05
BATT-014,205,346.68,35.8,388,66.23,0.195,93.17,43.16,28.78
BATT-014,206,346.91,35.1,390,63.32,0.12,93.14,45.12,31.77
BATT-014,207,347.25,31.55,392,51.57,0.075,93.11,43.76,28.78
BATT-014,208,347.36,30.68,394,55.58,0.22,93.08,45.25,27.1
BATT-014,209,348.49,33.04,396,59.56,0.286,93.04,44.34,29.56
BATT-014,210,346.42,31.0,398,66.52,0.123,93.0,45.06,28.97
BATT-014,211,347.52,28.98,400,57.4,0.251,92.98,43.08,28.01
BATT-014,212,347.09,31.54,401,53.42,0.239,92.94,45.17,28.24
BATT-014,213,348.88,34.11,403,69.43,0.103,92.9,45.0,30.67
BATT-014,214,348.21,29.29,405,56.33,0.123,92.87,44.58,26.89
BATT-014,215,347.68,30.79,407,53.98,0.325,92.84,43.67,26.45
BATT-014,216,348.26,33.73,409,62.11,0.092,92.81,45.17,29.59
BATT-014,217,346.42,31.38,411,60.44,0.132,92.78,45.73,27.91
BATT-014,218,349.08,33.52,413,57.74,0.338,92.74,44.54,31.1
BATT-014,219,346.78,29.09,415,60.75,0.136,92.71,44.61,28.48
BATT-014,220,348.44,31.03,417,55.19,0.289,92.68,45.99,28.51
BATT-014,221,347.87,30.65,418,57.67,0.099,92.64,46.96,29.78
BATT-014,222,347.62,26.38,421,60.53,0.192,92.61,46.25,26.04
BATT-014,223,348.37,32.35,423,48.53,0.268,92.58,45.6,29.0
BATT-014,224,348.18,31.77,424,66.47,0.144,92.54,45.2,27.89
BATT-014,225,347.46,30.68,426,52.51,0.189,92.51,45.47,29.93
BATT-014,226,347.03,29.81,428,55.11,0.241,92.47,44.23,27.37
BATT-014,227,347.45,31.23,430,66.74,0.109,92.44,45.46,28.55
BATT-014,228,347.26,30.11,432,64.16,0.36,92.41,46.8,27.7
BATT-014,229,347.61,30.13,433,61.27,0.264,92.38,45.77,28.81
BATT-014,230,348.14,31.79,435,50.49,0.153,92.34,45.16,27.76
BATT-014,231,347.68,29.83,437,57.11,0.162,92.31,45.13,28.49
BATT-014,232,347.44,31.43,439,59.45,0.334,92.27,45.89,30.68
BATT-014,233,346.76,28.9,441,59.88,0.153,92.23,44.76,27.57
BATT-014,234,347.53,31.74,443,67.59,0.143,92.2,45.14,28.56
BATT-014,235,345.9,33.77,445,72.71,0.273,92.16,47.65,31.34
BATT-014,236,346.61,30.38,446,64.43,0.069,92.13,45.14,28.45
BATT-014,237,347.72,27.4,448,57.54,0.175,92.1,45.42,24.18
BATT-014,238,347.93,29.82,450,68.03,0.188,92.07,46.58,26.79
BATT-014,239,347.2,26.33,452,57.21,0.125,92.04,45.9,25.94
BATT-014,240,347.36,32.31,454,45.0,0.056,92.01,46.48,29.09
BATT-014,241,347.49,31.41,456,53.25,0.187,91.98,47.3,27.53
BATT-014,242,347.73,31.8,458,46.51,0.236,91.95,44.95,29.23
BATT-014,243,347.01,30.98,459,58.44,0.127,91.91,47.32,28.51
BATT-014,244,346.37,33.06,461,59.67,0.087,91.88,46.04,28.47
BATT-014,245,347.46,27.68,463,51.19,0.282,91.85,46.39,25.69
BATT-014,246,348.7,30.78,465,55.62,0.223,91.81,48.67,28.25
BATT-014,247,346.39,32.54,467,52.18,0.152,91.78,45.4,29.51
BATT-014,248,347.01,28.0,469,59.98,0.255,91.75,47.45,25.26
BATT-014,249,346.79,29.35,471,55.62,0.2,91.72,48.04,26.92
BATT-014,250,349.02,30.69,473,66.8,0.324,91.69,46.29,27.9
BATT-014,251,346.31,31.76,475,61.76,0.234,91.65,46.36,27.49
BATT-014,252,346.94,32.98,477,70.37,0.07,91.62,46.73,29.47
BATT-014,253,346.76,31.01,479,58.01,0.128,91.58,46.47,28.38
BATT-014,254,346.04,29.71,481,73.61,0.132,91.55,47.29,27.87
BATT-014,255,345.98,30.43,483,60.76,0.206,91.51,48.18,28.47
BATT-014,256,347.47,32.01,485,57.57,0.157,91.48,46.98,28.36
BATT-014,257,347.57,28.36,486,75.2,0.091,91.44,48.34,27.26
BATT-014,258,346.55,31.75,488,49.77,0.228,91.41,48.88,26.64
BATT-014,259,348.11,31.31,490,57.43,0.261,91.37,47.97,28.64
BATT-014,260,345.17,27.35,492,50.75,0.173,91.34,48.12,26.02
BATT-014,261,345.95,29.9,494,49.71,0.198,91.31,47.06,27.01
BATT-014,262,346.29,27.27,496,48.34,0.104,91.28,45.08,25.37
BATT-014,263,346.93,30.47,497,64.44,0.139,91.24,48.36,28.19
BATT-014,264,346.56,30.12,499,52.77,0.143,91.21,48.62,28.93
BATT-014,265,346.75,28.12,501,59.21,0.226,91.18,48.13,25.66
BATT-014,266,347.29,27.4,503,66.09,0.202,91.14,48.87,26.83
BATT-014,267,348.05,28.43,504,63.52,0.155,91.1,47.48,26.33
BATT-014,268,347.52,30.52,506,63.23,0.152,91.07,48.6,28.65
BATT-014,269,346.91,31.35,508,68.03,0.024,91.03,49.62,29.16
BATT-014,270,346.79,28.24,510,70.4,0.31,91.0,48.87,26.31
BATT-014,271,347.72,25.12,512,53.23,0.014,90.96,49.62,22.38
BATT-014,272,348.33,32.33,514,63.64,0.215,90.93,49.68,28.75
BATT-014,273,347.33,30.14,515,59.11,0.184,90.9,47.16,27.08
BATT-014,274,346.41,31.08,517,59.86,0.16,90.87,49.17,27.09
BATT-014,275,347.0,30.66,519,51.67,0.18,90.83,47.88,28.46
BATT-014,276,347.24,29.49,521,57.55,0.128,90.8,47.46,26.47
BATT-014,277,346.32,29.13,523,58.21,0.233,90.77,48.34,26.07
BATT-014,278,347.45,30.33,525,69.32,0.076,90.74,50.44,26.48
BATT-014,279,346.96,29.72,526,53.81,0.207,90.71,48.19,27.76
BATT-014,280,347.67,31.83,529,46.43,0.127,90.67,47.04,28.35
BATT-014,281,345.94,31.33,531,60.71,0.147,90.65,47.4,29.48
BATT-014,282,345.32,29.78,533,53.2,0.149,90.61,49.38,27.65
BATT-014,283,346.39,29.17,535,59.91,0.168,90.58,48.21,26.83
BATT-014,284,346.71,31.54,536,64.71,0.221,90.54,46.99,28.39
BATT-014,285,345.24,27.23,538,60.14,0.178,90.5,47.69,25.62
BATT-014,286,346.18,30.97,540,58.16,0.256,90.47,49.32,29.22
BATT-014,287,347.68,29.47,541,59.8,0.265,90.45,49.99,27.42
BATT-014,288,347.07,29.52,543,65.83,0.206,90.41,48.82,26.77
BATT-014,289,346.74,27.44,545,53.82,0.236,90.38,49.98,25.68
BATT-014,290,345.77,31.05,547,65.11,0.343,90.34,50.31,28.09
BATT-014,291,347.61,29.09,548,54.72,0.068,90.31,48.67,26.75
BATT-014,292,346.26,30.4,550,64.36,0.267,90.27,49.39,27.04
BATT-014,293,346.66,27.46,552,51.48,0.305,90.24,48.97,24.7
BATT-014,294,346.9,31.03,553,64.0,0.216,90.21,50.17,26.58
BATT-014,295,346.7,29.22,556,60.13,0.333,90.17,49.08,26.4
BATT-014,296,347.74,29.38,557,61.32,0.323,90.14,48.53,27.9
BATT-014,297,347.0,29.39,559,66.5,0.154,90.12,49.85,26.9
BATT-014,298,346.8,26.07,561,55.82,0.16,90.08,50.98,23.35
BATT-014,299,346.45,28.52,563,60.59,0.224,90.04,50.44,26.73
BATT-014,300,346.85,29.42,565,62.56,0.131,90.01,51.0,25.2
BATT-014,301,346.32,28.24,567,58.95,0.398,89.98,50.96,25.85
BATT-014,302,346.63,31.0,568,65.04,0.244,89.94,50.15,28.95
BATT-014,303,346.19,27.82,570,62.72,0.185,89.91,49.58,24.94
BATT-014,304,346.06,29.74,572,57.26,0.068,89.87,49.36,27.95
BATT-014,305,345.71,30.45,574,68.31,0.201,89.84,48.72,26.78
BATT-014,306,346.21,29.99,576,64.11,0.086,89.8,51.56,26.53
BATT-014,307,346.15,28.97,577,55.69,0.242,89.76,50.1,26.14
BATT-014,308,347.87,31.42,579,55.63,0.0,89.74,48.77,28.13
BATT-014,309,347.19,30.53,581,59.43,0.292,89.71,51.77,28.33
BATT-014,310,346.28,26.33,582,63.43,0.147,89.67,50.7,25.14
BATT-014,311,346.03,31.86,584,47.46,0.046,89.64,51.63,29.49
BATT-014,312,346.85,28.22,586,55.94,0.18,89.6,50.46,26.03
BATT-014,313,347.9,29.09,588,57.28,0.182,89.57,49.98,28.43
BATT-014,314,346.98,27.76,590,52.12,0.176,89.54,51.28,26.12
BATT-014,315,344.95,28.71,592,54.61,0.292,89.51,51.42,27.25
BATT-014,316,347.0,27.7,594,61.57,0.212,89.47,50.69,26.06
BATT-014,317,347.13,31.26,595,57.81,0.245,89.43,52.34,27.23
BATT-014,318,348.05,30.98,597,58.28,0.161,89.4,52.04,27.77
BATT-014,319,346.08,30.06,599,52.47,0.215,89.36,51.72,26.39
BATT-014,320,346.38,31.84,601,59.46,0.076,89.33,50.1,28.64
BATT-014,321,346.62,32.66,603,51.72,0.202,89.3,50.01,28.88
BATT-014,322,345.63,35.05,605,69.5,0.12,89.27,52.52,32.32
BATT-014,323,345.55,33.92,607,71.2,0.287,89.23,49.2,29.71
BATT-014,324,346.54,31.6,608,57.9,0.187,89.2,51.36,30.13
BATT-014,325,344.97,28.39,610,54.01,0.234,89.16,51.66,25.76
BATT-014,326,345.14,27.21,612,65.87,0.202,89.13,51.09,25.53
BATT-014,327,346.84,32.02,614,64.3,0.326,89.09,51.6,28.08
BATT-014,328,346.57,34.38,616,71.99,0.056,89.06,52.12,31.26
BATT-014,329,347.16,36.23,618,73.59,0.172,89.02,51.19,32.34
BATT-014,330,346.52,28.95,619,48.58,0.104,88.99,52.71,27.66
BATT-014,331,346.14,29.96,621,67.7,0.017,88.95,52.48,27.87
BATT-014,332,347.15,30.53,622,59.41,0.099,88.92,51.77,29.62
BATT-014,333,345.77,31.62,624,64.04,0.275,88.89,51.19,28.56
BATT-014,334,345.83,30.93,626,65.41,0.179,88.85,51.98,28.66
BATT-014,335,346.04,33.38,627,65.16,0.164,88.82,54.24,29.93
BATT-014,336,346.44,35.84,629,66.75,0.243,88.79,51.43,33.11
BATT-014,337,346.01,31.62,631,57.38,0.19,88.75,53.78,31.05
BATT-014,338,344.86,33.0,633,55.03,0.23,88.72,50.56,31.96
BATT-014,339,345.83,29.23,635,67.86,0.207,88.68,51.51,26.45
BATT-014,340,346.0,34.06,637,55.51,0.225,88.65,51.9,30.89
BATT-014,341,346.1,28.4,638,71.91,0.145,88.61,53.46,27.92
BATT-014,342,345.64,34.54,640,56.16,0.265,88.58,52.63,31.92
BATT-014,343,346.39,33.19,642,58.46,0.084,88.54,53.94,31.5
BATT-014,344,344.69,32.03,644,59.6,0.174,88.51,52.36,30.44
BATT-014,345,346.3,30.53,646,51.5,0.269,88.47,52.7,28.48
BATT-014,346,347.39,31.76,648,51.51,0.169,88.45,52.48,28.94
BATT-014,347,345.46,31.11,649,66.22,0.147,88.41,54.9,29.12
BATT-014,348,345.98,31.65,651,50.42,0.364,88.38,51.8,30.94
BATT-014,349,345.72,33.28,653,75.86,0.295,88.34,52.48,30.46
BATT-014,350,345.72,34.4,655,60.18,0.192,88.31,52.08,32.05
BATT-014,351,345.07,34.17,657,54.57,0.104,88.27,53.69,32.41
BATT-014,352,347.48,31.18,659,63.26,0.018,88.25,52.03,28.79
BATT-014,353,346.19,33.19,661,45.97,0.238,88.22,55.04,30.84
BATT-014,354,345.33,33.63,662,58.74,0.282,88.18,53.36,30.89
BATT-014,355,345.23,32.57,664,59.51,0.213,88.16,53.74,30.12
BATT-014,356,345.89,34.6,666,53.15,0.044,88.12,53.85,31.74
BATT-014,357,344.1,33.78,668,56.95,0.194,88.09,53.43,31.13
BATT-014,358,346.66,33.12,670,69.9,0.142,88.05,53.64,29.6
BATT-014,359,345.39,34.6,671,61.84,0.194,88.02,53.66,30.32
BATT-014,360,346.1,32.76,673,63.14,0.337,87.98,54.16,30.08
BATT-014,361,346.13,31.65,675,56.02,0.244,87.95,52.88,29.58
BATT-014,362,346.54,31.87,677,52.8,0.227,87.92,52.76,30.61
BATT-014,363,346.15,32.2,679,59.3,0.178,87.88,54.64,28.86
BATT-014,364,346.34,33.38,681,46.0,0.214,87.85,53.88,31.58
BATT-014,365,346.55,38.1,683,54.16,0.123,87.81,51.94,33.05
BATT-015,1,350.3,33.11,2,65.94,0.106,99.97,31.08,30.63
BATT-015,2,350.53,37.23,4,56.78,0.075,99.93,31.94,34.42
BATT-015,3,349.56,33.04,5,60.04,0.181,99.9,32.15,31.79
BATT-015,4,349.63,34.46,7,65.08,0.149,99.87,32.46,31.29
BATT-015,5,350.44,33.91,9,59.54,0.158,99.84,31.17,30.13
BATT-015,6,350.07,31.62,11,56.54,0.036,99.81,33.29,31.15
BATT-015,7,350.87,33.93,13,56.3,0.146,99.78,31.96,32.14
BATT-015,8,349.78,35.67,15,56.6,0.235,99.74,31.97,31.74
BATT-015,9,349.23,37.48,17,53.77,0.209,99.71,32.37,34.41
BATT-015,10,350.75,32.98,19,77.96,0.111,99.67,33.33,31.15
BATT-015,11,349.63,36.26,20,49.02,0.135,99.64,32.69,32.83
BATT-015,12,349.23,32.29,22,54.85,0.026,99.61,32.24,30.19
BATT-015,13,350.57,37.68,24,64.31,0.09,99.58,32.52,35.22
BATT-015,14,351.0,31.78,25,56.65,0.117,99.54,34.12,30.22
BATT-015,15,349.97,37.9,27,58.63,0.194,99.51,34.02,35.19
BATT-015,16,349.01,35.65,29,63.11,0.087,99.47,33.39,31.94
BATT-015,17,351.03,31.08,30,66.93,0.061,99.44,33.24,28.86
BATT-015,18,350.09,37.65,32,59.1,0.204,99.41,35.46,34.3
BATT-015,19,349.96,35.11,34,66.27,0.11,99.37,33.68,32.46
BATT-015,20,349.45,35.5,36,50.55,0.077,99.34,33.44,31.73
BATT-015,21,350.66,35.67,38,57.1,0.209,99.31,33.11,33.43
BATT-015,22,348.86,37.79,39,63.71,0.18,99.27,33.74,33.53
BATT-015,23,348.77,36.6,41,72.58,0.127,99.24,30.4,33.22
BATT-015,24,351.24,37.31,43,54.95,0.116,99.21,34.53,34.37
BATT-015,25,349.02,36.08,45,53.89,0.174,99.17,32.3,33.11
BATT-015,26,350.47,36.0,47,62.79,0.187,99.14,32.91,33.76
BATT-015,27,350.79,34.24,49,61.06,0.16,99.11,32.28,32.07
BATT-015,28,349.84,37.02,51,56.43,0.153,99.08,33.01,34.06
BATT-015,29,348.96,33.7,52,53.44,0.095,99.04,33.46,32.2
BATT-015,30,350.16,33.45,54,57.66,0.1,99.01,34.75,31.35
BATT-015,31,350.76,34.55,56,63.87,0.13,98.98,35.2,32.79
BATT-015,32,349.91,36.01,57,58.74,0.067,98.95,35.91,32.74
BATT-015,33,349.02,37.89,59,67.77,0.057,98.92,34.13,34.61
BATT-015,34,349.85,35.06,61,59.92,0.137,98.88,33.87,31.09
BATT-015,35,348.49,37.33,63,64.35,0.223,98.86,34.92,34.97
BATT-015,36,348.81,34.34,65,62.41,0.0,98.82,33.34,32.45
BATT-015,37,349.37,30.98,67,58.32,0.112,98.79,33.29,29.75
BATT-015,38,349.62,34.66,68,65.74,0.166,98.76,33.95,31.69
BATT-015,39,348.59,37.19,70,53.44,0.229,98.73,34.33,33.09
BATT-015,40,349.74,36.9,72,57.42,0.288,98.69,32.37,34.28
BATT-015,41,349.95,36.19,74,58.26,0.123,98.66,35.56,33.46
BATT-015,42,349.35,34.59,76,63.03,0.302,98.63,34.79,31.9
BATT-015,43,347.78,35.55,78,64.52,0.18,98.6,35.4,32.6
BATT-015,44,349.58,35.72,80,55.85,0.209,98.56,33.09,32.03
BATT-015,45,350.94,38.87,81,55.0,0.058,98.53,34.06,34.26
BATT-015,46,349.84,36.98,83,61.21,0.18,98.5,34.07,33.78
BATT-015,47,349.48,38.15,85,51.51,0.216,98.47,34.64,34.89
BATT-015,48,349.15,33.82,87,66.79,0.089,98.43,34.88,31.36
BATT-015,49,349.9,35.85,89,59.4,0.0,98.4,35.84,33.26
BATT-015,50,349.59,39.73,91,53.72,0.156,98.36,35.13,37.15
BATT-015,51,349.98,37.45,92,53.6,0.127,98.33,34.34,35.12
BATT-015,52,348.53,36.58,94,62.62,0.251,98.3,37.33,33.75
BATT-015,53,349.49,36.08,96,62.46,0.101,98.27,34.93,32.76
BATT-015,54,349.01,38.71,98,56.13,0.087,98.23,34.36,35.95
BATT-015,55,349.67,39.04,100,60.06,0.05,98.2,33.44,36.63
BATT-015,56,347.8,35.47,102,53.96,0.093,98.16,35.48,32.64
BATT-015,57,349.03,34.56,103,59.19,0.357,98.13,36.14,32.83
BATT-015,58,349.77,38.37,105,69.59,0.017,98.09,34.37,34.86
BATT-015,59,349.88,37.33,107,73.52,0.037,98.06,36.2,35.04
BATT-015,60,349.29,36.79,109,59.47,0.139,98.03,35.71,35.24
BATT-015,61,347.57,40.48,111,63.33,0.302,97.99,33.92,37.32
BATT-015,62,349.8,36.34,114,63.09,0.203,97.96,36.38,33.13
BATT-015,63,350.54,36.52,116,50.41,0.268,97.93,35.54,34.68
BATT-015,64,348.59,39.06,118,53.84,0.113,97.89,34.75,35.74
BATT-015,65,348.91,39.09,119,46.84,0.033,97.86,36.88,35.75
BATT-015,66,349.89,38.42,122,63.43,0.108,97.84,36.91,33.75
BATT-015,67,349.9,36.3,123,72.41,0.134,97.81,34.88,33.84
BATT-015,68,350.1,36.73,126,67.13,0.145,97.78,36.38,34.09
BATT-015,69,350.02,39.45,128,61.01,0.127,97.74,36.35,37.36
BATT-015,70,347.97,36.56,129,60.16,0.191,97.71,36.14,33.36
BATT-015,71,348.8,37.06,132,58.62,0.087,97.67,35.76,34.37
BATT-015,72,349.68,39.73,134,67.1,0.07,97.64,36.17,36.04
BATT-015,73,349.09,35.53,135,62.03,0.047,97.6,37.33,33.27
BATT-015,74,349.44,38.48,137,61.11,0.16,97.57,36.86,35.31
BATT-015,75,349.03,34.56,139,54.12,0.152,97.54,34.59,32.1
BATT-015,76,348.78,36.11,141,64.35,0.231,97.5,34.44,35.25
BATT-015,77,348.92,38.39,143,59.84,0.267,97.47,34.78,35.06
BATT-015,78,348.2,36.2,145,63.12,0.047,97.44,35.34,35.25
BATT-015,79,348.51,36.25,147,66.73,0.146,97.4,36.0,33.71
BATT-015,80,349.03,37.93,149,50.93,0.127,97.38,36.35,35.37
BATT-015,81,349.03,37.68,150,58.97,0.021,97.35,36.79,34.99
BATT-015,82,349.51,39.75,152,58.1,0.101,97.32,36.88,37.01
BATT-015,83,348.82,38.76,154,57.57,0.269,97.28,36.93,36.03
BATT-015,84,350.38,35.97,156,54.04,0.093,97.25,38.18,32.91
BATT-015,85,350.01,36.43,158,56.37,0.08,97.21,35.43,33.84
BATT-015,86,348.61,39.49,160,54.15,0.14,97.18,37.49,34.17
BATT-015,87,349.16,37.73,162,65.69,0.217,97.15,37.55,35.38
BATT-015,88,349.96,36.33,164,63.0,0.119,97.11,36.02,34.86
BATT-015,89,348.46,36.14,166,62.59,0.154,97.08,37.87,34.85
BATT-015,90,348.37,42.7,168,49.18,0.0,97.04,37.77,39.34
BATT-015,91,349.99,35.46,169,72.43,0.189,97.01,37.43,34.35
BATT-015,92,349.49,38.7,172,58.29,0.161,96.97,35.12,37.21
BATT-015,93,349.78,36.24,174,71.21,0.214,96.93,38.57,34.9
BATT-015,94,349.17,35.01,175,65.23,0.0,96.89,37.9,31.85
BATT-015,95,348.7,39.43,177,59.35,0.12,96.86,38.13,35.4
BATT-015,96,347.82,38.55,179,73.0,0.221,96.83,34.4,36.79
BATT-015,97,348.99,39.18,180,64.14,0.099,96.79,37.33,36.06
BATT-015,98,349.85,35.55,182,59.37,0.148,96.76,36.48,35.49
BATT-015,99,349.85,37.08,184,58.39,0.111,96.73,39.26,35.13
BATT-015,100,349.7,37.64,186,66.93,0.113,96.69,36.93,34.34
BATT-015,101,349.46,38.81,188,57.52,0.237,96.66,39.58,36.42
BATT-015,102,350.59,38.11,190,58.47,0.03,96.63,39.11,34.41
BATT-015,103,347.57,34.56,192,57.16,0.14,96.59,38.43,34.09
BATT-015,104,348.98,37.62,194,56.2,0.164,96.56,39.41,35.66
BATT-015,105,348.04,37.73,196,56.57,0.219,96.53,37.38,34.57
BATT-015,106,350.02,40.07,198,71.37,0.134,96.5,37.62,36.93
BATT-015,107,348.32,38.91,200,66.78,0.221,96.46,39.37,35.69
BATT-015,108,349.56,36.71,201,62.15,0.139,96.43,37.56,33.81
BATT-015,109,348.38,34.79,203,57.45,0.153,96.4,37.24,33.24
BATT-015,110,349.07,35.99,205,57.43,0.15,96.37,38.3,34.08
BATT-015,111,348.63,43.44,207,58.54,0.196,96.33,37.8,38.42
BATT-015,112,348.69,35.97,209,71.47,0.187,96.3,40.61,34.54
BATT-015,113,348.96,37.29,211,62.48,0.055,96.27,39.57,36.01
BATT-015,114,349.42,36.26,213,65.22,0.161,96.23,38.29,32.89
BATT-015,115,348.58,34.83,215,61.94,0.187,96.2,37.91,33.19
BATT-015,116,349.37,39.0,217,55.42,0.261,96.17,39.31,34.51
BATT-015,117,349.48,42.75,219,61.35,0.063,96.13,40.23,37.32
BATT-015,118,348.3,35.26,221,54.28,0.187,96.1,39.39,32.8
BATT-015,119,350.13,36.77,222,67.91,0.116,96.07,38.2,33.76
BATT-015,120,349.21,36.9,224,56.25,0.159,96.04,37.77,36.03
BATT-015,121,348.26,40.76,226,57.31,0.058,96.01,38.89,37.03
BATT-015,122,349.08,35.72,228,65.62,0.143,95.97,39.65,35.26
BATT-015,123,349.41,36.95,230,56.55,0.169,95.94,38.92,35.59
BATT-015,124,349.04,36.01,232,59.42,0.066,95.91,40.46,33.19
BATT-015,125,348.72,35.76,234,44.91,0.26,95.87,40.04,32.52
BATT-015,126,345.78,33.96,236,58.8,0.02,95.83,39.82,32.75
BATT-015,127,347.76,35.27,238,64.3,0.187,95.8,40.15,33.12
BATT-015,128,349.06,35.76,239,56.98,0.0,95.77,38.31,34.73
BATT-015,129,347.72,34.9,241,64.09,0.123,95.74,39.26,32.52
BATT-015,130,348.91,36.58,243,60.64,0.182,95.7,38.77,34.68
BATT-015,131,349.19,35.85,245,67.27,0.201,95.67,40.27,33.79
BATT-015,132,348.38,36.73,247,56.33,0.135,95.63,38.92,33.38
BATT-015,133,347.05,38.48,249,59.29,0.124,95.6,40.09,35.5
BATT-015,134,347.86,35.95,251,51.92,0.189,95.56,39.9,32.69
BATT-015,135,348.98,38.81,253,60.19,0.22,95.53,40.72,36.24
BATT-015,136,349.43,38.7,255,58.21,0.254,95.5,38.98,35.29
BATT-015,137,346.75,35.17,257,66.5,0.04,95.47,40.69,32.51
BATT-015,138,348.47,37.95,259,56.99,0.128,95.43,39.23,35.75
BATT-015,139,347.22,35.5,260,58.2,0.0,95.4,39.39,32.23
BATT-015,140,348.45,38.06,262,56.69,0.034,95.37,40.28,35.78
BATT-015,141,348.24,36.66,264,60.9,0.087,95.33,41.68,34.29
BATT-015,142,350.24,35.14,266,72.67,0.213,95.3,39.71,31.37
BATT-015,143,347.91,35.42,268,39.75,0.105,95.26,38.83,31.75
BATT-015,144,349.17,35.43,270,60.45,0.121,95.23,39.73,33.03
BATT-015,145,349.12,38.45,271,67.79,0.168,95.19,40.35,34.88
BATT-015,146,348.15,34.69,273,57.65,0.09,95.16,42.66,33.27
BATT-015,147,348.39,35.59,275,63.9,0.0,95.13,41.24,33.18
BATT-015,148,348.28,35.42,277,67.8,0.084,95.09,40.16,33.48
BATT-015,149,347.67,33.06,279,59.08,0.134,95.05,40.84,30.37
BATT-015,150,347.59,37.97,281,56.82,0.181,95.02,42.61,34.54
BATT-015,151,347.92,38.51,283,66.35,0.127,94.99,40.86,35.25
BATT-015,152,347.32,37.49,284,63.71,0.18,94.96,40.93,34.37
BATT-015,153,347.82,35.33,286,60.36,0.218,94.93,40.8,32.49
BATT-015,154,348.06,34.28,288,64.41,0.233,94.9,41.96,31.74
BATT-015,155,348.33,35.28,290,66.5,0.157,94.86,40.8,31.38
BATT-015,156,348.55,32.4,292,60.42,0.053,94.83,42.25,31.24
BATT-015,157,348.02,38.31,294,62.57,0.044,94.8,42.5,36.28
BATT-015,158,347.56,35.81,296,63.87,0.052,94.77,42.1,32.7
BATT-015,159,348.5,38.34,298,57.97,0.058,94.74,41.33,34.12
BATT-015,160,348.78,36.32,300,67.87,0.152,94.7,40.22,33.97
BATT-015,161,347.75,35.28,301,54.55,0.295,94.67,41.45,32.85
BATT-015,162,347.34,32.58,303,59.95,0.161,94.64,41.06,31.17
BATT-015,163,347.75,35.44,305,65.34,0.137,94.6,41.02,33.28
BATT-015,164,347.95,34.22,307,54.4,0.221,94.57,41.62,30.81
BATT-015,165,349.0,37.55,309,65.97,0.077,94.53,42.4,33.28
BATT-015,166,348.63,33.16,311,61.88,0.227,94.5,41.36,30.75
BATT-015,167,348.06,33.49,313,68.69,0.221,94.46,40.67,31.59
BATT-015,168,349.57,34.29,314,64.42,0.148,94.43,41.15,31.52
BATT-015,169,348.01,35.29,316,59.76,0.311,94.39,43.86,34.21
BATT-015,170,349.16,32.32,319,62.13,0.233,94.36,42.78,28.39
BATT-015,171,348.99,36.94,321,62.34,0.147,94.32,41.34,35.47
BATT-015,172,348.92,33.71,323,72.88,0.132,94.29,43.65,30.7
BATT-015,173,348.25,34.65,325,61.25,0.109,94.25,42.18,31.65
BATT-015,174,348.07,35.72,327,59.91,0.133,94.22,44.76,32.39
BATT-015,175,347.97,35.15,329,59.57,0.136,94.2,42.79,32.2
BATT-015,176,348.64,35.6,331,61.87,0.118,94.17,43.15,32.9
BATT-015,177,347.32,35.61,333,53.93,0.127,94.14,43.47,32.48
BATT-015,178,347.73,38.09,335,58.44,0.048,94.1,44.18,34.55
BATT-015,179,349.26,37.02,337,54.67,0.098,94.07,42.32,32.53
BATT-015,180,348.41,32.78,338,55.45,0.016,94.03,44.22,31.19
BATT-015,181,348.66,31.32,340,65.56,0.177,94.0,42.27,30.46
BATT-015,182,346.91,31.51,342,60.9,0.15,93.96,42.58,30.36
BATT-015,183,347.53,33.98,344,56.29,0.134,93.94,43.0,33.1
BATT-015,184,348.13,35.22,346,59.84,0.215,93.9,43.97,33.72
BATT-015,185,347.82,33.9,348,59.26,0.075,93.87,42.78,32.52
BATT-015,186,346.86,28.48,350,61.05,0.087,93.84,44.81,26.2
BATT-015,187,348.44,31.06,352,51.7,0.025,93.81,44.54,27.51
BATT-015,188,348.69,34.12,353,54.19,0.226,93.78,43.31,30.8
BATT-015,189,347.59,32.57,355,52.09,0.192,93.75,42.36,30.49
BATT-015,190,348.44,32.87,356,55.34,0.25,93.72,44.39,30.7
BATT-015,191,349.41,37.19,358,56.4,0.27,93.68,41.35,32.48
BATT-015,192,349.0,35.63,360,54.53,0.11,93.65,44.25,32.34
BATT-015,193,347.57,33.6,362,65.33,0.087,93.61,42.75,30.73
BATT-015,194,346.87,30.94,364,71.78,0.0,93.58,44.89,28.12
BATT-015,195,347.93,30.9,366,65.69,0.056,93.55,42.3,28.49
BATT-015,196,349.61,35.07,368,57.35,0.118,93.52,43.08,30.37
BATT-015,197,348.79,33.33,370,62.0,0.0,93.49,44.24,30.82
BATT-015,198,347.71,31.15,371,60.34,0.058,93.46,44.45,28.31
BATT-015,199,348.95,32.11,373,57.09,0.137,93.43,43.28,31.06
BATT-015,200,348.62,29.43,375,68.69,0.215,93.4,43.63,27.37
BATT-015,201,346.16,28.09,377,72.78,0.086,93.36,44.98,25.94
BATT-015,202,348.51,31.74,378,51.92,0.154,93.33,45.1,28.56
BATT-015,203,347.75,33.79,380,69.38,0.293,93.29,43.81,31.86
BATT-015,204,346.95,34.77,382,57.19,0.0,93.26,43.61,32.02
BATT-015,205,347.7,29.37,383,59.16,0.231,93.23,42.91,27.28
BATT-015,206,347.95,28.93,385,62.43,0.174,93.19,44.59,27.33
BATT-015,207,346.97,32.24,387,70.02,0.245,93.15,45.22,30.69
BATT-015,208,347.5,31.35,388,62.43,0.221,93.12,44.62,28.82
BATT-015,209,347.32,34.27,390,63.21,0.091,93.09,43.6,31.47
BATT-015,210,348.2,32.98,392,65.86,0.144,93.05,46.37,30.48
BATT-015,211,347.32,32.54,394,66.81,0.027,93.02,42.54,30.67
BATT-015,212,346.18,30.56,396,63.81,0.102,92.98,45.59,28.0
BATT-015,213,347.18,32.22,398,66.84,0.146,92.95,44.98,29.84
BATT-015,214,346.76,33.8,400,57.15,0.168,92.92,45.29,32.14
BATT-015,215,346.47,32.05,402,50.33,0.207,92.89,44.1,29.27
BATT-015,216,348.44,33.44,404,71.69,0.27,92.85,44.8,28.93
BATT-015,217,348.13,30.83,406,54.51,0.109,92.82,45.29,28.29
BATT-015,218,346.7,27.72,408,57.54,0.235,92.79,44.97,26.48
BATT-015,219,346.45,31.34,409,58.75,0.165,92.76,43.32,27.18
BATT-015,220,347.37,31.39,411,57.72,0.039,92.73,46.89,27.43
BATT-015,221,346.38,30.38,413,56.38,0.132,92.7,45.88,26.25
BATT-015,222,347.24,29.0,415,63.52,0.153,92.66,45.33,26.34
BATT-015,223,347.48,26.85,416,63.58,0.077,92.63,45.45,24.93
BATT-015,224,347.65,29.18,418,64.46,0.06,92.6,47.09,27.38
BATT-015,225,347.67,33.35,420,64.08,0.058,92.57,44.72,29.51
BATT-015,226,346.76,32.28,422,58.24,0.1,92.53,44.56,27.97
BATT-015,227,347.43,29.71,423,58.23,0.075,92.5,46.43,27.93
BATT-015,228,348.39,29.68,425,67.45,0.242,92.47,46.1,29.5
BATT-015,229,345.67,33.51,427,57.61,0.0,92.43,44.7,30.83
BATT-015,230,347.6,33.45,429,57.49,0.153,92.4,46.85,31.66
BATT-015,231,346.39,30.41,431,66.32,0.186,92.37,46.11,28.42
BATT-015,232,348.44,30.19,433,60.63,0.067,92.34,44.97,27.73
BATT-015,233,347.96,30.6,435,57.71,0.125,92.3,46.42,27.49
BATT-015,234,347.92,30.87,436,57.77,0.116,92.27,46.34,28.95
BATT-015,235,346.6,30.62,438,67.48,0.138,92.23,45.98,27.79
BATT-015,236,347.48,30.32,440,64.25,0.197,92.2,46.51,27.75
BATT-015,237,347.56,28.2,442,62.16,0.19,92.16,46.81,27.81
BATT-015,238,345.35,29.72,444,53.74,0.096,92.13,47.16,26.48
BATT-015,239,347.35,26.6,446,62.18,0.023,92.1,46.4,24.36
BATT-015,240,347.72,28.25,448,59.46,0.157,92.07,46.08,26.81
BATT-015,241,346.08,31.94,450,55.26,0.091,92.04,46.65,29.96
BATT-015,242,347.68,32.76,452,57.13,0.101,92.0,47.67,29.86
BATT-015,243,347.27,31.86,454,64.92,0.162,91.96,47.18,29.11
BATT-015,244,348.28,30.27,456,68.19,0.109,91.92,46.29,26.93
BATT-015,245,346.83,29.58,458,54.39,0.168,91.89,46.74,26.45
BATT-015,246,347.29,31.56,460,55.15,0.345,91.85,48.42,30.04
BATT-015,247,347.41,25.69,462,64.9,0.199,91.82,47.56,25.94
BATT-015,248,344.88,30.42,464,58.28,0.251,91.78,47.02,27.6
BATT-015,249,346.83,33.37,465,64.06,0.185,91.75,48.06,30.04
BATT-015,250,347.17,30.16,467,58.2,0.15,91.72,46.44,27.66
BATT-015,251,345.21,30.37,468,64.2,0.186,91.69,47.37,27.01
BATT-015,252,347.62,30.86,471,52.5,0.182,91.66,48.98,29.16
BATT-015,253,347.14,29.86,472,64.03,0.213,91.63,47.81,27.51
BATT-015,254,347.12,29.45,474,48.14,0.148,91.59,48.84,27.67
BATT-015,255,347.62,33.02,476,66.29,0.039,91.56,47.2,29.62
BATT-015,256,346.7,25.3,478,60.53,0.026,91.52,46.87,23.51
BATT-015,257,347.05,32.6,480,63.39,0.181,91.48,48.57,27.84
BATT-015,258,347.7,28.33,482,62.16,0.054,91.45,45.65,26.14
BATT-015,259,347.04,30.45,484,50.5,0.199,91.41,47.72,26.96
BATT-015,260,345.51,29.63,485,68.94,0.251,91.38,48.63,27.42
BATT-015,261,347.01,30.25,487,62.75,0.126,91.35,48.22,26.22
BATT-015,262,347.01,31.56,489,65.28,0.241,91.31,45.61,27.56
BATT-015,263,347.67,30.15,490,55.94,0.164,91.28,46.42,27.78
BATT-015,264,346.66,30.47,492,62.18,0.146,91.25,47.72,27.49
BATT-015,265,346.14,31.32,494,52.88,0.15,91.21,48.37,27.34
BATT-015,266,346.13,29.99,496,61.63,0.077,91.18,48.47,26.99
BATT-015,267,348.06,28.79,497,55.1,0.067,91.15,48.0,27.01
BATT-015,268,347.12,30.04,499,90.78,0.012,91.11,48.81,27.27
BATT-015,269,347.99,27.68,501,64.37,0.085,91.08,48.57,25.73
BATT-015,270,348.09,31.89,503,68.72,0.315,91.04,48.08,29.04
BATT-015,271,346.26,28.9,505,59.24,0.024,91.01,48.8,26.99
BATT-015,272,346.18,29.59,506,63.13,0.05,90.97,47.68,26.52
BATT-015,273,346.73,28.63,508,66.17,0.079,90.94,49.03,27.72
BATT-015,274,347.31,28.53,510,54.3,0.083,90.91,47.6,26.95
BATT-015,275,345.68,30.89,511,56.7,0.165,90.87,49.0,28.98
BATT-015,276,347.16,31.0,514,66.57,0.095,90.83,49.05,28.46
BATT-015,277,347.1,28.45,515,59.43,0.128,90.8,48.35,27.26
BATT-015,278,345.87,30.35,517,56.25,0.076,90.77,49.33,28.54
BATT-015,279,345.88,30.96,519,56.95,0.106,90.73,50.3,27.48
BATT-015,280,347.1,29.0,521,53.4,0.139,90.7,47.8,25.41
BATT-015,281,348.39,28.64,522,48.98,0.133,90.67,49.83,28.48
BATT-015,282,346.49,26.41,524,50.56,0.302,90.64,50.02,24.3
BATT-015,283,346.98,25.86,526,61.01,0.141,90.61,48.78,21.89
BATT-015,284,346.22,31.3,527,64.77,0.127,90.58,49.85,28.22
BATT-015,285,346.88,30.95,530,75.85,0.0,90.54,48.85,27.85
BATT-015,286,346.18,31.02,531,60.49,0.163,90.52,50.41,27.76
BATT-015,287,346.46,31.03,533,53.06,0.0,90.48,46.47,29.29
BATT-015,288,348.62,30.1,535,60.57,0.188,90.46,50.7,27.19
BATT-015,289,346.73,29.84,536,64.96,0.155,90.42,48.21,26.67
BATT-015,290,345.38,31.26,538,66.92,0.208,90.39,49.47,28.45
BATT-015,291,347.14,28.51,540,66.34,0.093,90.35,48.63,26.21
BATT-015,292,347.51,29.59,541,64.18,0.146,90.32,51.0,26.94
BATT-015,293,347.14,29.25,544,61.31,0.198,90.29,49.34,27.7
BATT-015,294,346.45,31.15,545,65.16,0.069,90.25,49.09,27.84
BATT-015,295,345.84,28.12,548,53.63,0.193,90.22,50.8,26.86
BATT-015,296,345.86,28.53,550,48.69,0.189,90.2,50.45,26.65
BATT-015,297,346.41,29.11,552,73.3,0.133,90.17,49.45,25.73
BATT-015,298,346.25,29.24,553,60.46,0.27,90.13,48.85,26.26
BATT-015,299,346.09,32.41,556,63.94,0.185,90.1,48.78,30.19
BATT-015,300,347.5,28.08,558,43.93,0.01,90.07,51.24,27.09
BATT-015,301,347.25,30.46,559,70.01,0.223,90.03,50.44,27.81
BATT-015,302,347.51,27.38,561,67.67,0.091,89.99,50.26,25.32
BATT-015,303,345.86,34.61,563,51.35,0.208,89.96,50.64,31.43
BATT-015,304,345.74,28.51,565,58.83,0.167,89.93,48.26,26.33
BATT-015,305,346.53,26.84,567,62.34,0.0,89.9,49.94,25.89
BATT-015,306,346.79,28.91,569,53.16,0.192,89.87,50.01,27.59
BATT-015,307,346.5,28.65,571,63.67,0.126,89.84,51.35,26.38
BATT-015,308,346.71,31.11,573,67.01,0.107,89.8,48.96,28.31
BATT-015,309,347.69,27.06,575,62.68,0.11,89.77,51.54,25.53
BATT-015,310,346.23,31.48,577,51.34,0.207,89.74,52.34,29.54
BATT-015,311,347.04,32.78,578,54.52,0.07,89.71,48.88,29.28
BATT-015,312,346.8,31.55,580,60.0,0.233,89.68,50.67,27.74
BATT-015,313,346.45,28.45,582,59.24,0.022,89.65,51.22,25.47
BATT-015,314,346.97,29.19,584,59.36,0.167,89.62,51.65,26.78
BATT-015,315,345.74,30.21,585,59.15,0.206,89.58,48.66,28.14
BATT-015,316,345.57,29.51,587,49.91,0.204,89.56,51.21,26.27
BATT-015,317,346.68,28.94,589,65.57,0.158,89.52,50.72,26.56
BATT-015,318,345.01,33.37,591,64.5,0.127,89.49,50.71,29.75
BATT-015,319,346.72,32.13,593,63.87,0.1,89.46,53.12,28.46
BATT-015,320,345.4,31.57,595,63.32,0.046,89.42,50.91,28.46
BATT-015,321,347.5,31.31,597,59.03,0.089,89.39,51.63,29.11
BATT-015,322,345.96,30.4,598,57.1,0.067,89.36,51.11,28.13
BATT-015,323,347.43,29.39,600,54.63,0.054,89.33,51.52,28.33
BATT-015,324,346.08,31.8,602,70.0,0.288,89.29,51.9,29.16
BATT-015,325,346.04,32.35,604,60.62,0.006,89.26,52.31,29.74
BATT-015,326,346.92,30.65,606,50.78,0.234,89.22,50.71,29.33
BATT-015,327,346.45,35.89,608,60.56,0.045,89.18,51.7,30.82
BATT-015,328,346.15,31.98,610,48.23,0.062,89.16,51.79,28.72
BATT-015,329,345.87,28.58,612,62.23,0.061,89.12,50.02,26.72
BATT-015,330,345.86,35.18,614,61.6,0.055,89.08,50.77,30.43
BATT-015,331,348.06,30.69,615,57.49,0.218,89.06,52.67,28.49
BATT-015,332,344.82,31.29,617,55.1,0.191,89.03,51.37,27.76
BATT-015,333,345.19,32.82,619,64.11,0.125,88.99,54.51,30.04
BATT-015,334,347.08,31.82,621,60.24,0.36,88.96,52.91,29.58
BATT-015,335,347.01,29.53,623,49.09,0.142,88.93,52.46,27.17
BATT-015,336,345.37,34.29,624,67.96,0.149,88.89,53.58,30.15
BATT-015,337,344.7,35.59,626,55.1,0.089,88.86,52.91,32.02
BATT-015,338,347.11,32.33,628,52.83,0.079,88.83,52.38,29.75
BATT-015,339,345.24,29.59,630,68.89,0.101,88.79,50.84,28.94
BATT-015,340,345.67,29.89,632,67.1,0.212,88.76,52.98,26.89
BATT-015,341,346.13,33.98,634,58.22,0.189,88.73,53.76,32.53
BATT-015,342,345.19,31.98,636,53.22,0.247,88.7,51.83,28.74
BATT-015,343,346.77,29.45,638,55.28,0.086,88.67,50.65,27.47
BATT-015,344,346.04,31.9,640,58.11,0.191,88.64,51.46,29.81
BATT-015,345,345.31,33.28,642,68.04,0.168,88.61,54.34,31.22
BATT-015,346,345.37,35.34,643,68.51,0.178,88.58,52.71,31.62
BATT-015,347,347.03,29.76,645,61.73,0.075,88.55,54.16,28.83
BATT-015,348,345.76,33.19,647,64.64,0.061,88.52,52.77,29.75
BATT-015,349,346.46,33.01,649,59.48,0.187,88.49,52.31,29.97
BATT-015,350,345.95,34.12,650,55.5,0.214,88.46,54.99,31.5
BATT-015,351,344.55,33.24,653,51.74,0.094,88.43,52.54,30.99
BATT-015,352,346.54,33.76,654,62.68,0.192,88.39,52.72,30.57
BATT-015,353,346.79,33.86,656,66.14,0.24,88.36,53.49,31.61
BATT-015,354,347.39,30.51,658,57.67,0.115,88.33,52.8,28.26
BATT-015,355,344.38,33.76,660,67.86,0.029,88.29,53.93,31.0
BATT-015,356,343.37,35.19,661,58.43,0.039,88.27,53.65,30.77
BATT-015,357,346.39,31.61,664,61.24,0.09,88.23,53.75,30.43
BATT-015,358,345.39,33.4,666,59.41,0.108,88.2,52.71,30.2
BATT-015,359,344.71,33.4,668,68.16,0.141,88.16,51.73,30.84
BATT-015,360,345.93,32.33,670,63.69,0.142,88.13,52.62,29.85
BATT-015,361,345.47,36.04,672,60.39,0.122,88.1,52.77,34.87
BATT-015,362,344.8,33.83,674,61.2,0.198,88.07,53.85,32.88
BATT-015,363,345.75,35.59,676,53.61,0.083,88.03,52.8,32.55
BATT-015,364,346.25,31.62,678,47.34,0.245,88.0,52.21,30.19
BATT-015,365,345.93,33.33,680,57.55,0.219,87.98,52.58,29.62
BATT-016,1,350.39,32.01,2,52.07,0.135,99.97,33.23,31.77
BATT-016,2,350.54,33.36,4,60.91,0.327,99.94,33.66,32.23
BATT-016,3,347.87,30.7,5,54.97,0.199,99.9,32.14,29.1
BATT-016,4,348.39,32.22,7,60.01,0.149,99.87,32.82,31.63
BATT-016,5,351.37,32.11,8,60.45,0.309,99.84,32.37,32.13
BATT-016,6,350.55,33.97,10,63.51,0.138,99.8,31.69,31.27
BATT-016,7,350.2,31.38,11,57.55,0.21,99.77,32.83,30.67
BATT-016,8,348.91,31.27,13,45.96,0.222,99.74,32.72,30.86
BATT-016,9,349.56,34.89,14,53.11,0.194,99.7,32.66,31.61
BATT-016,10,350.34,36.05,16,54.88,0.158,99.67,32.87,33.49
BATT-016,11,348.77,37.22,18,55.1,0.233,99.63,33.05,34.47
BATT-016,12,349.3,36.46,19,62.94,0.116,99.6,33.94,34.24
BATT-016,13,350.15,33.01,21,61.84,0.255,99.57,32.53,29.98
BATT-016,14,350.31,33.58,23,54.16,0.144,99.53,31.9,30.98
BATT-016,15,349.41,34.81,24,69.61,0.273,99.5,33.92,33.44
BATT-016,16,350.6,35.12,26,52.93,0.25,99.46,34.16,34.47
BATT-016,17,350.56,31.57,28,53.42,0.21,99.43,33.71,31.13
BATT-016,18,348.36,34.51,29,48.47,0.159,99.4,32.27,32.93
BATT-016,19,351.09,31.64,31,45.67,0.254,99.36,33.34,31.02
BATT-016,20,350.7,34.12,33,47.95,0.212,99.33,33.82,33.2
BATT-016,21,349.92,33.45,34,61.11,0.0,99.29,32.54,31.88
BATT-016,22,349.63,36.3,36,59.48,0.101,99.26,32.9,33.19
BATT-016,23,350.36,31.37,37,49.73,0.18,99.22,33.59,31.16
BATT-016,24,350.14,32.34,39,55.63,0.189,99.19,34.97,30.59
BATT-016,25,349.49,38.22,40,59.87,0.223,99.16,34.08,37.75
BATT-016,26,350.98,34.43,42,42.83,0.29,99.12,33.34,33.27
BATT-016,27,348.0,39.08,43,65.66,0.213,99.09,33.78,36.43
BATT-016,28,349.14,36.42,45,61.34,0.0,99.05,33.37,35.55
BATT-016,29,350.01,32.35,46,59.89,0.182,99.02,33.69,30.9
BATT-016,30,349.6,35.81,48,62.24,0.264,98.98,34.89,33.95
BATT-016,31,350.19,33.95,50,42.78,0.175,98.95,32.31,31.53
BATT-016,32,348.5,34.26,51,53.72,0.183,98.92,35.6,33.09
BATT-016,33,349.4,33.74,53,62.58,0.127,98.88,36.53,30.76
BATT-016,34,350.52,32.56,55,54.99,0.242,98.85,34.57,31.29
BATT-016,35,348.39,34.63,57,59.48,0.138,98.81,33.64,32.42
BATT-016,36,349.38,34.47,59,63.72,0.214,98.78,35.69,32.95
BATT-016,37,349.14,36.34,60,59.25,0.201,98.75,34.86,33.88
BATT-016,38,349.84,36.07,62,53.48,0.171,98.72,34.11,32.32
BATT-016,39,349.85,35.6,63,58.48,0.205,98.68,33.73,34.16
BATT-016,40,349.6,37.39,65,45.0,0.182,98.65,34.36,35.69
BATT-016,41,349.29,35.74,67,57.97,0.268,98.62,35.01,34.45
BATT-016,42,349.56,35.12,68,59.53,0.22,98.58,35.77,33.99
BATT-016,43,349.36,35.68,70,55.93,0.249,98.55,35.22,34.66
BATT-016,44,349.45,33.74,71,62.0,0.105,98.51,35.46,32.04
BATT-016,45,350.63,36.62,73,56.7,0.1,98.48,34.74,35.67
BATT-016,46,348.49,33.47,75,55.91,0.171,98.44,35.99,32.5
BATT-016,47,349.72,35.23,76,66.02,0.226,98.41,34.99,36.67
BATT-016,48,348.68,38.65,77,49.28,0.209,98.38,37.09,35.55
BATT-016,49,350.98,38.64,79,63.38,0.106,98.34,34.67,35.27
BATT-016,50,349.48,37.75,80,62.91,0.229,98.3,35.78,35.39
BATT-016,51,348.38,35.37,82,60.1,0.116,98.27,37.63,34.53
BATT-016,52,349.2,33.85,83,52.6,0.22,98.23,36.55,33.4
BATT-016,53,348.2,33.36,85,57.08,0.189,98.2,36.31,33.21
BATT-016,54,348.85,39.65,87,50.2,0.148,98.18,35.91,37.29
BATT-016,55,349.84,37.84,88,51.65,0.123,98.14,35.73,34.86
BATT-016,56,350.43,34.96,89,55.82,0.177,98.11,35.57,33.07
BATT-016,57,350.19,38.13,91,49.73,0.173,98.08,35.23,35.56
BATT-016,58,349.23,37.5,92,53.63,0.083,98.05,34.31,35.34
BATT-016,59,349.76,35.31,94,48.42,0.214,98.02,36.54,34.37
BATT-016,60,349.94,36.28,95,58.94,0.259,97.99,34.42,33.55
BATT-016,61,351.08,38.7,97,64.84,0.235,97.95,36.68,36.04
BATT-016,62,348.79,37.11,99,68.21,0.191,97.91,35.78,36.39
BATT-016,63,350.46,38.01,101,48.83,0.13,97.87,35.2,35.48
BATT-016,64,348.37,36.71,102,49.88,0.177,97.84,37.62,35.14
BATT-016,65,350.17,35.35,104,54.73,0.156,97.8,34.84,33.89
BATT-016,66,348.72,37.93,105,59.96,0.176,97.77,35.68,35.82
BATT-016,67,348.66,36.25,107,54.48,0.241,97.74,35.83,34.17
BATT-016,68,348.97,35.85,108,61.49,0.158,97.71,36.61,33.24
BATT-016,69,348.56,37.74,109,58.9,0.019,97.67,35.91,36.87
BATT-016,70,349.51,35.95,111,45.1,0.23,97.63,38.05,33.66
BATT-016,71,350.14,32.95,113,56.04,0.198,97.6,35.29,32.39
BATT-016,72,347.46,38.76,115,48.28,0.178,97.56,40.8,37.22
BATT-016,73,349.0,34.27,116,52.32,0.072,97.53,35.71,32.66
BATT-016,74,348.26,37.41,118,53.24,0.1,97.5,39.79,34.72
BATT-016,75,349.84,35.41,119,60.16,0.109,97.47,37.98,33.68
BATT-016,76,350.24,35.71,121,55.53,0.12,97.43,36.84,34.26
BATT-016,77,348.95,41.84,123,52.91,0.127,97.4,37.24,38.7
BATT-016,78,348.51,36.52,125,68.28,0.072,97.36,36.7,35.23
BATT-016,79,347.77,37.18,126,50.34,0.338,97.32,37.49,35.93
BATT-016,80,350.61,36.44,128,57.43,0.286,97.29,36.48,36.59
BATT-016,81,350.09,35.95,129,59.7,0.188,97.25,37.99,34.45
BATT-016,82,347.44,37.83,131,56.71,0.164,97.22,37.52,37.05
BATT-016,83,349.54,37.48,133,50.31,0.312,97.19,36.41,36.01
BATT-016,84,348.11,38.55,135,50.0,0.296,97.15,37.89,36.59
BATT-016,85,348.58,35.01,137,59.42,0.107,97.11,37.9,34.38
BATT-016,86,347.98,37.04,138,61.97,0.186,97.08,36.87,36.14
BATT-016,87,347.37,35.59,140,55.38,0.152,97.05,37.22,35.47
BATT-016,88,348.92,38.39,141,47.79,0.145,97.02,38.21,37.18
BATT-016,89,350.46,35.45,143,55.75,0.153,96.98,38.86,34.68
BATT-016,90,348.19,42.41,144,64.78,0.159,96.94,37.69,38.54
BATT-016,91,349.63,39.23,146,49.66,0.183,96.91,38.82,36.0
BATT-016,92,349.75,38.37,148,53.79,0.184,96.88,39.12,35.31
BATT-016,93,349.47,35.56,150,56.04,0.281,96.85,39.31,35.13
BATT-016,94,350.48,37.03,152,62.22,0.102,96.82,38.48,35.49
BATT-016,95,349.64,35.07,153,52.51,0.244,96.78,37.23,34.55
BATT-016,96,350.3,40.05,155,58.6,0.08,96.74,39.09,36.49
BATT-016,97,347.93,38.02,156,64.04,0.185,96.7,38.07,35.47
BATT-016,98,349.43,39.06,158,46.8,0.25,96.67,38.83,38.39
BATT-016,99,350.03,36.91,160,47.83,0.212,96.64,37.75,34.82
BATT-016,100,348.19,35.52,161,55.13,0.141,96.61,37.84,35.28
BATT-016,101,346.01,36.38,163,61.57,0.189,96.57,37.8,34.8
BATT-016,102,347.77,39.79,164,57.69,0.298,96.53,37.25,38.24
BATT-016,103,348.19,35.72,166,62.11,0.119,96.5,38.05,33.26
BATT-016,104,349.21,38.26,167,45.48,0.212,96.47,37.66,35.56
BATT-016,105,348.3,37.61,169,57.77,0.243,96.44,39.31,35.87
BATT-016,106,348.75,35.19,171,38.61,0.135,96.41,37.73,33.69
BATT-016,107,348.25,37.82,173,63.65,0.305,96.37,38.19,39.33
BATT-016,108,348.61,37.24,174,62.82,0.332,96.33,38.94,33.96
BATT-016,109,348.65,36.44,176,53.72,0.254,96.29,40.81,35.38
BATT-016,110,348.19,39.66,177,41.83,0.254,96.26,38.37,37.84
BATT-016,111,349.33,38.71,179,54.44,0.028,96.22,37.75,34.73
BATT-016,112,349.77,36.01,180,62.39,0.061,96.19,37.88,35.48
BATT-016,113,347.73,36.47,182,58.17,0.159,96.15,38.4,34.73
BATT-016,114,348.81,37.36,184,66.78,0.114,96.11,38.67,35.14
BATT-016,115,347.48,39.63,185,53.91,0.216,96.08,41.7,36.82
BATT-016,116,347.21,36.26,187,67.87,0.0,96.04,40.42,34.54
BATT-016,117,349.43,34.05,188,43.55,0.216,96.01,39.2,31.16
BATT-016,118,350.2,36.36,190,51.13,0.152,95.98,41.42,35.06
BATT-016,119,348.32,37.44,192,47.91,0.123,95.94,39.02,35.17
BATT-016,120,350.04,37.48,193,60.1,0.319,95.91,39.28,35.34
BATT-016,121,348.04,36.37,195,48.42,0.142,95.88,39.28,34.74
BATT-016,122,348.35,35.73,196,61.72,0.037,95.83,40.86,33.69
BATT-016,123,349.86,35.43,198,59.8,0.203,95.8,39.83,34.58
BATT-016,124,347.79,38.98,200,56.76,0.197,95.76,41.47,37.56
BATT-016,125,349.24,35.25,201,55.0,0.152,95.72,40.46,34.82
BATT-016,126,348.22,37.1,203,49.36,0.354,95.7,40.99,35.82
BATT-016,127,347.91,36.11,205,59.28,0.183,95.66,38.32,33.25
BATT-016,128,348.06,36.47,206,52.61,0.247,95.63,38.5,34.33
BATT-016,129,346.72,35.25,208,60.25,0.192,95.6,38.59,33.22
BATT-016,130,349.46,36.74,209,64.63,0.268,95.56,39.89,36.62
BATT-016,131,348.62,34.35,211,53.79,0.14,95.53,38.84,32.31
BATT-016,132,348.31,36.81,212,63.56,0.081,95.5,41.67,35.16
BATT-016,133,347.86,37.32,213,56.78,0.228,95.47,40.29,35.06
BATT-016,134,348.65,38.02,215,59.22,0.19,95.43,41.17,34.92
BATT-016,135,349.1,32.25,216,47.71,0.23,95.41,40.11,30.94
BATT-016,136,348.16,32.78,217,51.52,0.117,95.37,41.49,31.38
BATT-016,137,349.14,37.18,219,51.45,0.205,95.34,38.76,34.54
BATT-016,138,348.58,34.05,220,63.71,0.039,95.3,40.74,32.93
BATT-016,139,348.27,35.11,222,53.53,0.128,95.26,41.36,33.31
BATT-016,140,349.06,33.31,224,59.41,0.11,95.23,41.5,33.58
BATT-016,141,347.91,34.0,226,55.18,0.206,95.2,40.66,32.59
BATT-016,142,347.31,35.3,228,53.5,0.128,95.16,39.33,32.28
BATT-016,143,348.25,36.12,229,46.81,0.056,95.13,42.11,34.07
BATT-016,144,348.31,33.77,231,44.18,0.121,95.1,40.76,31.15
BATT-016,145,348.1,35.87,233,53.6,0.214,95.07,40.9,33.2
BATT-016,146,349.21,35.97,234,53.95,0.177,95.04,43.48,32.9
BATT-016,147,348.65,35.18,235,50.36,0.107,95.01,41.42,33.81
BATT-016,148,348.15,40.03,237,56.51,0.233,94.97,40.86,37.37
BATT-016,149,348.22,36.23,238,67.42,0.291,94.94,40.86,32.26
BATT-016,150,348.28,35.98,240,64.59,0.239,94.91,42.15,34.29
BATT-016,151,348.63,34.35,242,55.54,0.0,94.87,40.74,33.95
BATT-016,152,348.24,35.53,244,55.74,0.185,94.84,42.12,34.4
BATT-016,153,348.06,35.37,245,59.24,0.155,94.81,42.78,33.18
BATT-016,154,347.1,35.66,247,56.87,0.003,94.77,41.65,35.6
BATT-016,155,347.59,35.37,249,59.25,0.063,94.74,42.8,34.41
BATT-016,156,348.37,35.76,251,57.04,0.23,94.7,41.8,34.37
BATT-016,157,348.28,32.97,252,55.95,0.181,94.66,41.25,31.14
BATT-016,158,346.93,36.86,254,51.47,0.173,94.63,40.33,33.34
BATT-016,159,347.66,34.78,256,57.48,0.114,94.6,42.34,32.37
BATT-016,160,347.35,32.38,257,41.74,0.253,94.56,42.42,31.78
BATT-016,161,349.18,37.65,259,56.9,0.068,94.53,43.16,32.07
BATT-016,162,348.28,34.56,260,42.91,0.095,94.5,43.11,32.86
BATT-016,163,348.41,33.6,262,56.9,0.141,94.46,44.37,33.56
BATT-016,164,348.0,34.97,264,49.44,0.044,94.43,41.78,34.29
BATT-016,165,347.54,34.84,266,62.98,0.096,94.39,42.78,34.15
BATT-016,166,347.67,33.49,267,55.85,0.251,94.36,41.8,33.12
BATT-016,167,348.41,34.93,269,55.32,0.099,94.33,43.47,32.7
BATT-016,168,347.8,31.12,271,57.75,0.229,94.3,41.67,32.07
BATT-016,169,348.39,34.82,272,50.13,0.217,94.26,43.57,32.11
BATT-016,170,348.09,33.78,274,62.04,0.153,94.23,41.98,31.25
BATT-016,171,348.2,32.97,276,59.47,0.053,94.2,43.55,31.71
BATT-016,172,348.23,35.45,277,52.01,0.171,94.16,44.06,32.81
BATT-016,173,347.52,35.15,279,48.96,0.0,94.12,41.36,34.53
BATT-016,174,347.68,32.8,281,52.79,0.124,94.08,41.63,31.92
BATT-016,175,348.65,33.14,282,54.38,0.186,94.05,43.27,30.87
BATT-016,176,349.37,34.98,284,48.52,0.236,94.03,43.21,33.47
BATT-016,177,348.63,30.03,285,52.29,0.154,93.99,42.86,28.94
BATT-016,178,345.66,35.05,287,51.48,0.118,93.96,42.72,33.44
BATT-016,179,347.27,32.7,289,53.81,0.111,93.93,42.4,29.66
BATT-016,180,347.96,35.72,290,53.86,0.129,93.9,43.64,32.72
BATT-016,181,346.98,33.1,292,57.96,0.216,93.87,42.4,30.96
BATT-016,182,346.93,33.45,293,55.21,0.194,93.84,43.79,32.08
BATT-016,183,347.5,36.9,295,57.44,0.164,93.8,42.91,34.66
BATT-016,184,348.1,31.06,296,56.52,0.217,93.77,43.12,30.21
BATT-016,185,348.3,32.78,298,53.86,0.166,93.74,44.82,29.89
BATT-016,186,347.5,34.11,300,59.13,0.059,93.7,44.62,31.44
BATT-016,187,347.43,37.19,302,38.56,0.077,93.68,42.72,33.54
BATT-016,188,347.1,32.37,304,52.87,0.214,93.64,42.9,31.46
BATT-016,189,348.17,31.98,305,51.6,0.056,93.61,44.62,31.19
BATT-016,190,348.1,33.57,307,55.74,0.136,93.57,42.47,31.3
BATT-016,191,348.46,30.92,308,51.22,0.157,93.54,45.42,29.48
BATT-016,192,347.83,33.9,310,58.32,0.084,93.5,44.16,31.18
BATT-016,193,346.66,33.29,312,59.38,0.033,93.47,43.51,30.26
BATT-016,194,347.42,36.18,313,46.72,0.072,93.43,44.16,32.76
BATT-016,195,348.38,33.68,315,56.37,0.021,93.41,45.56,31.91
BATT-016,196,346.29,31.26,316,47.34,0.215,93.37,42.13,28.66
BATT-016,197,347.6,31.35,318,57.91,0.198,93.34,45.35,30.15
BATT-016,198,347.89,33.24,319,52.23,0.105,93.31,45.57,31.3
BATT-016,199,349.25,30.64,321,50.2,0.057,93.28,44.11,28.97
BATT-016,200,347.15,30.37,322,44.76,0.26,93.24,44.42,28.76
BATT-016,201,347.53,33.16,324,54.47,0.201,93.21,44.69,29.62
BATT-016,202,348.96,31.14,325,48.08,0.117,93.18,45.35,30.76
BATT-016,203,347.13,33.45,327,46.13,0.261,93.15,43.94,31.74
BATT-016,204,348.45,32.24,328,56.14,0.177,93.12,44.71,30.46
BATT-016,205,347.89,36.11,329,60.84,0.192,93.08,44.69,33.74
BATT-016,206,347.39,29.59,331,57.39,0.083,93.04,45.53,28.97
BATT-016,207,347.92,32.45,332,46.44,0.045,93.01,47.58,31.03
BATT-016,208,347.42,29.32,334,54.21,0.041,92.98,44.24,28.2
BATT-016,209,349.34,31.68,336,59.11,0.333,92.94,45.12,32.21
BATT-016,210,345.87,34.66,337,54.21,0.1,92.91,44.32,31.77
BATT-016,211,347.28,30.99,339,56.98,0.171,92.88,44.65,30.74
BATT-016,212,347.29,27.12,340,52.4,0.203,92.85,44.13,27.01
BATT-016,213,347.38,33.27,342,52.72,0.165,92.82,43.72,30.61
BATT-016,214,348.34,29.65,343,51.07,0.154,92.79,46.49,28.26
BATT-016,215,347.11,31.53,345,58.7,0.152,92.75,45.73,30.11
BATT-016,216,347.84,28.63,347,59.08,0.205,92.72,45.53,27.19
BATT-016,217,347.62,32.51,348,51.7,0.083,92.68,44.63,29.72
BATT-016,218,348.1,29.9,349,59.56,0.131,92.64,45.5,28.73
BATT-016,219,347.31,30.35,351,46.47,0.0,92.61,44.47,28.03
BATT-016,220,347.66,30.61,353,54.0,0.017,92.58,45.66,30.03
BATT-016,221,347.29,31.06,354,46.91,0.062,92.55,46.08,29.01
BATT-016,222,346.59,31.35,356,48.24,0.235,92.51,45.27,28.73
BATT-016,223,348.65,33.21,358,46.83,0.144,92.48,45.12,30.09
BATT-016,224,346.75,31.95,359,51.09,0.222,92.44,45.44,31.78
BATT-016,225,346.96,30.71,361,58.75,0.197,92.41,46.81,29.29
BATT-016,226,346.65,29.43,363,54.56,0.187,92.38,46.26,26.12
BATT-016,227,347.64,29.08,364,51.52,0.091,92.34,44.51,26.44
BATT-016,228,346.92,30.35,366,53.99,0.172,92.31,46.9,28.83
BATT-016,229,348.51,31.94,367,42.69,0.187,92.27,46.79,30.21
BATT-016,230,347.71,30.84,369,58.46,0.342,92.24,46.49,28.83
BATT-016,231,347.05,30.69,370,41.54,0.139,92.2,48.01,29.35
BATT-016,232,346.53,30.71,372,50.78,0.225,92.17,46.45,28.44
BATT-016,233,347.16,32.14,374,54.55,0.156,92.13,46.92,29.93
BATT-016,234,347.65,29.97,375,57.7,0.11,92.09,47.03,29.37
BATT-016,235,347.18,28.1,377,56.46,0.236,92.06,47.51,26.87
BATT-016,236,347.1,30.29,379,54.73,0.318,92.02,46.47,29.03
BATT-016,237,346.38,27.46,380,63.77,0.187,91.99,46.1,26.0
BATT-016,238,348.98,30.93,382,67.12,0.112,91.96,47.78,28.94
BATT-016,239,347.01,29.71,384,55.07,0.204,91.92,47.79,27.81
BATT-016,240,346.06,29.43,386,54.43,0.189,91.89,48.21,28.43
BATT-016,241,346.29,31.7,388,54.07,0.344,91.86,47.41,28.64
BATT-016,242,346.86,30.26,389,51.36,0.226,91.82,45.41,28.54
BATT-016,243,348.68,33.39,391,57.28,0.092,91.79,47.28,30.21
BATT-016,244,346.98,31.25,392,62.66,0.268,91.75,47.22,28.1
BATT-016,245,346.8,28.95,394,40.09,0.228,91.72,48.47,28.29
BATT-016,246,347.77,31.2,396,54.01,0.241,91.69,48.35,29.97
BATT-016,247,347.81,32.09,398,63.96,0.202,91.65,47.97,30.79
BATT-016,248,347.59,29.92,399,57.39,0.247,91.62,45.35,27.89
BATT-016,249,347.21,29.56,401,57.51,0.201,91.58,46.66,27.12
BATT-016,250,346.16,29.03,403,45.42,0.146,91.55,47.17,27.16
BATT-016,251,346.43,29.67,405,59.24,0.177,91.52,47.26,28.5
BATT-016,252,345.74,30.87,406,61.08,0.157,91.47,47.85,27.49
BATT-016,253,346.82,26.43,408,56.23,0.194,91.44,49.22,25.15
BATT-016,254,346.65,31.9,409,51.09,0.173,91.4,48.59,29.43
BATT-016,255,346.56,30.63,411,57.68,0.141,91.37,46.94,28.95
BATT-016,256,347.19,31.08,412,48.8,0.152,91.34,47.09,29.42
BATT-016,257,346.43,32.09,414,48.01,0.166,91.31,47.06,29.7
BATT-016,258,346.67,31.21,416,59.84,0.024,91.27,47.92,27.95
BATT-016,259,346.54,30.06,417,61.6,0.248,91.24,48.91,28.03
BATT-016,260,346.9,30.37,419,50.57,0.194,91.21,49.13,29.14
BATT-016,261,347.2,28.99,421,48.04,0.117,91.17,47.85,25.79
BATT-016,262,345.82,29.28,422,49.76,0.214,91.13,48.27,27.06
BATT-016,263,347.25,29.38,424,56.21,0.126,91.09,50.04,27.49
BATT-016,264,347.08,31.7,425,48.04,0.126,91.06,46.94,28.95
BATT-016,265,347.19,28.79,427,62.73,0.196,91.03,49.12,26.75
BATT-016,266,346.95,30.65,429,52.24,0.281,90.99,49.07,26.47
BATT-016,267,347.13,28.61,430,57.23,0.189,90.96,48.3,26.89
BATT-016,268,346.49,31.1,432,50.57,0.104,90.93,48.64,28.23
BATT-016,269,347.17,29.58,434,58.53,0.138,90.9,49.14,27.41
BATT-016,270,347.72,27.49,435,59.02,0.234,90.86,48.48,25.33
BATT-016,271,346.39,26.98,437,44.96,0.199,90.83,48.2,25.63
BATT-016,272,346.41,29.07,438,50.95,0.243,90.79,48.19,27.71
BATT-016,273,347.27,29.97,440,54.09,0.198,90.76,50.82,27.75
BATT-016,274,346.31,28.39,441,51.88,0.228,90.73,48.58,27.54
BATT-016,275,346.17,27.93,443,60.26,0.327,90.7,49.28,26.79
BATT-016,276,347.07,30.41,445,51.44,0.058,90.67,49.92,28.68
BATT-016,277,346.38,31.01,447,59.32,0.359,90.63,48.99,28.05
BATT-016,278,347.68,29.81,448,57.94,0.241,90.59,49.3,28.01
BATT-016,279,346.32,29.85,450,54.38,0.376,90.56,49.83,28.06
BATT-016,280,346.03,30.57,452,59.57,0.088,90.52,48.54,29.91
BATT-016,281,346.67,29.4,453,45.8,0.197,90.49,47.91,25.98
BATT-016,282,347.01,29.72,455,54.66,0.179,90.46,48.77,26.9
BATT-016,283,346.91,29.97,457,50.38,0.237,90.43,51.29,27.03
BATT-016,284,347.07,29.7,458,54.39,0.204,90.39,49.05,29.43
BATT-016,285,346.18,29.07,460,52.21,0.195,90.36,49.82,27.0
BATT-016,286,347.52,27.16,462,55.39,0.229,90.33,48.41,26.38
BATT-016,287,345.28,29.92,463,55.08,0.158,90.29,51.14,27.43
BATT-016,288,345.97,29.8,465,55.86,0.125,90.26,49.56,27.76
BATT-016,289,346.61,31.65,467,56.1,0.203,90.23,49.46,29.41
BATT-016,290,346.01,28.07,468,58.47,0.125,90.2,49.84,27.06
BATT-016,291,346.31,27.3,470,47.48,0.156,90.17,52.55,26.62
BATT-016,292,345.76,27.39,472,58.08,0.051,90.13,50.54,26.31
BATT-016,293,346.37,29.2,473,45.95,0.171,90.1,50.0,27.18
BATT-016,294,346.89,33.04,475,38.26,0.092,90.07,47.33,31.56
BATT-016,295,346.08,30.28,477,66.86,0.164,90.03,51.62,28.31
BATT-016,296,345.8,29.35,478,49.39,0.079,90.0,49.64,28.66
BATT-016,297,346.12,29.5,480,52.34,0.165,89.96,49.54,27.79
BATT-016,298,347.36,31.13,482,43.85,0.238,89.93,49.69,28.02
BATT-016,299,347.34,31.07,484,52.3,0.119,89.9,51.98,29.02
BATT-016,300,346.07,30.83,486,56.27,0.092,89.87,50.53,28.71
BATT-016,301,346.85,30.54,487,56.48,0.229,89.83,49.11,28.42
BATT-016,302,346.42,29.16,489,47.79,0.239,89.8,50.49,27.95
BATT-016,303,347.45,30.78,491,52.37,0.2,89.78,49.9,27.43
BATT-016,304,346.56,30.71,493,57.24,0.129,89.75,51.15,28.63
BATT-016,305,346.24,30.05,494,56.46,0.116,89.71,50.46,28.15
BATT-016,306,347.67,33.67,496,55.8,0.14,89.67,49.35,31.26
BATT-016,307,345.63,32.33,498,59.59,0.162,89.64,50.9,29.67
BATT-016,308,346.62,27.6,500,54.37,0.028,89.6,50.99,27.12
BATT-016,309,347.44,28.19,501,63.38,0.088,89.57,49.85,26.42
BATT-016,310,346.87,31.57,503,53.27,0.266,89.53,49.21,27.61
BATT-016,311,345.71,30.0,504,59.19,0.183,89.5,51.52,26.63
BATT-016,312,345.66,29.22,506,59.41,0.264,89.47,51.01,27.6
BATT-016,313,345.17,29.33,508,45.19,0.247,89.43,51.14,26.88
BATT-016,314,347.47,29.28,509,57.67,0.141,89.39,52.17,27.89
BATT-016,315,345.37,30.02,510,51.19,0.142,89.36,49.54,27.95
BATT-016,316,346.84,29.95,512,48.97,0.244,89.33,51.6,28.68
BATT-016,317,345.11,29.44,513,52.48,0.227,89.3,52.26,28.2
BATT-016,318,348.29,28.33,515,56.0,0.245,89.26,51.48,27.2
BATT-016,319,345.15,33.83,517,45.64,0.165,89.23,50.3,30.42
BATT-016,320,346.25,30.49,519,55.19,0.178,89.19,51.12,29.26
BATT-016,321,347.18,30.74,520,53.72,0.146,89.16,51.39,27.88
BATT-016,322,345.63,28.71,522,61.26,0.162,89.12,50.33,27.42
BATT-016,323,346.63,27.77,524,51.23,0.111,89.09,52.34,26.6
BATT-016,324,345.94,28.65,525,62.17,0.16,89.05,52.04,26.54
BATT-016,325,346.47,30.89,527,57.35,0.153,89.02,51.46,30.47
BATT-016,326,347.01,32.75,529,54.83,0.13,88.98,53.15,30.37
BATT-016,327,345.79,29.72,530,62.67,0.23,88.95,51.7,28.13
BATT-016,328,347.32,32.28,532,66.56,0.053,88.92,53.76,31.11
BATT-016,329,346.39,31.0,534,53.76,0.193,88.89,52.06,30.04
BATT-016,330,347.66,33.17,535,50.59,0.093,88.86,51.43,29.48
BATT-016,331,345.42,32.21,537,57.6,0.098,88.82,51.53,30.52
BATT-016,332,345.56,31.86,538,46.49,0.105,88.79,52.6,30.22
BATT-016,333,345.88,32.17,540,47.22,0.204,88.76,51.5,29.58
BATT-016,334,345.08,29.92,542,62.87,0.0,88.73,52.77,29.04
BATT-016,335,346.78,32.15,543,58.46,0.18,88.69,52.28,29.3
BATT-016,336,345.97,28.79,545,49.88,0.17,88.66,52.31,27.11
BATT-016,337,345.1,28.72,546,73.84,0.089,88.63,52.76,28.38
BATT-016,338,345.35,33.53,547,46.73,0.181,88.59,53.87,32.34
BATT-016,339,345.3,29.09,549,58.75,0.069,88.56,52.38,28.46
BATT-016,340,346.72,28.79,550,50.25,0.163,88.53,53.16,26.99
BATT-016,341,346.34,32.11,552,65.71,0.066,88.49,53.49,31.18
BATT-016,342,345.85,31.08,554,51.84,0.33,88.46,51.89,30.26
BATT-016,343,345.66,32.42,555,53.32,0.235,88.43,53.68,30.41
BATT-016,344,345.75,31.54,557,44.17,0.186,88.4,54.02,29.78
BATT-016,345,347.35,34.38,559,67.52,0.09,88.37,54.24,31.45
BATT-016,346,345.73,35.33,561,51.32,0.144,88.33,52.23,32.44
BATT-016,347,346.59,31.21,562,57.91,0.148,88.3,52.36,29.43
BATT-016,348,345.63,33.45,564,55.06,0.186,88.26,53.41,31.23
BATT-016,349,347.23,32.33,565,51.72,0.198,88.23,53.41,32.02
BATT-016,350,344.89,31.96,567,41.66,0.184,88.2,53.6,29.54
BATT-016,351,346.5,34.87,569,53.66,0.194,88.16,53.29,32.74
BATT-016,352,345.24,34.89,570,53.4,0.153,88.12,53.9,32.22
BATT-016,353,347.6,30.16,572,56.94,0.194,88.09,51.22,28.75
BATT-016,354,346.38,34.49,573,67.9,0.115,88.05,54.5,33.07
BATT-016,355,344.44,30.39,575,58.89,0.081,88.02,55.37,28.96
BATT-016,356,345.05,32.93,576,60.19,0.314,87.99,53.4,29.78
BATT-016,357,346.33,33.91,578,53.2,0.2,87.95,54.22,31.91
BATT-016,358,346.3,32.73,579,47.15,0.311,87.92,55.75,32.51
BATT-016,359,346.23,33.53,581,53.35,0.144,87.89,54.16,31.16
BATT-016,360,345.87,31.4,583,50.62,0.359,87.85,54.5,30.14
BATT-016,361,345.48,33.57,585,54.73,0.173,87.82,56.09,30.76
BATT-016,362,346.6,32.91,587,52.06,0.258,87.79,56.34,30.65
BATT-016,363,345.02,35.51,589,44.96,0.169,87.76,53.3,32.55
BATT-016,364,345.74,33.51,590,62.63,0.179,87.72,54.03,30.75
BATT-016,365,345.19,33.11,592,54.18,0.157,87.68,55.4,30.45
BATT-017,1,350.43,31.54,1,57.96,0.079,99.97,32.0,30.01
BATT-017,2,349.81,31.64,3,60.02,0.169,99.94,32.34,30.44
BATT-017,3,350.55,30.87,5,47.63,0.242,99.91,31.99,30.09
BATT-017,4,350.08,34.23,7,54.83,0.114,99.88,30.41,32.09
BATT-017,5,348.39,31.19,8,49.95,0.051,99.85,33.31,29.12
BATT-017,6,349.73,32.65,10,54.38,0.121,99.82,31.61,32.05
BATT-017,7,348.7,30.97,12,71.54,0.02,99.79,31.65,30.52
BATT-017,8,350.19,35.03,13,59.52,0.087,99.76,32.12,31.58
BATT-017,9,350.35,33.78,15,49.57,0.289,99.72,32.31,31.36
BATT-017,10,350.42,32.57,16,52.58,0.076,99.69,32.47,30.93
BATT-017,11,349.78,35.73,18,51.93,0.116,99.66,33.61,33.56
BATT-017,12,348.57,32.35,20,54.84,0.079,99.63,33.87,31.25
BATT-017,13,350.03,34.32,21,44.96,0.059,99.61,32.48,32.93
BATT-017,14,350.18,34.6,23,56.04,0.13,99.58,32.2,33.02
BATT-017,15,349.7,34.13,25,41.39,0.0,99.55,32.72,31.6
BATT-017,16,349.9,30.34,26,44.06,0.079,99.53,31.99,30.19
BATT-017,17,348.31,31.36,27,66.11,0.0,99.5,32.91,30.82
BATT-017,18,349.87,34.46,29,51.93,0.215,99.48,32.04,34.13
BATT-017,19,349.72,35.43,31,62.66,0.171,99.45,35.15,33.02
BATT-017,20,348.83,34.01,32,49.24,0.03,99.42,33.2,32.55
BATT-017,21,350.21,32.2,34,41.49,0.0,99.4,32.58,31.56
BATT-017,22,349.38,36.41,35,47.79,0.131,99.37,33.89,35.07
BATT-017,23,349.95,32.16,37,70.23,0.088,99.33,32.01,31.23
BATT-017,24,350.15,32.93,38,45.63,0.271,99.3,32.58,32.81
BATT-017,25,350.01,36.24,40,64.76,0.204,99.27,33.78,33.42
BATT-017,26,348.66,32.18,42,56.17,0.143,99.25,33.53,30.77
BATT-017,27,349.42,34.49,44,54.82,0.05,99.21,34.5,31.65
BATT-017,28,351.42,32.27,45,49.61,0.071,99.18,30.78,32.16
BATT-017,29,350.82,36.27,47,48.69,0.116,99.15,34.38,34.2
BATT-017,30,350.36,32.43,48,57.48,0.12,99.13,33.07,32.32
BATT-017,31,349.9,34.88,50,62.01,0.035,99.1,32.49,30.88
BATT-017,32,348.88,30.62,52,55.28,0.0,99.07,31.99,30.79
BATT-017,33,349.54,35.36,54,58.54,0.246,99.04,33.21,32.0
BATT-017,34,349.31,32.51,55,51.55,0.095,99.01,35.42,30.97
BATT-017,35,349.57,35.8,57,67.14,0.126,98.98,34.85,34.42
BATT-017,36,348.47,36.68,59,55.53,0.023,98.94,35.58,34.54
BATT-017,37,350.38,34.01,61,66.3,0.201,98.91,33.89,33.39
BATT-017,38,347.46,35.39,63,48.31,0.175,98.88,34.15,33.04
BATT-017,39,350.28,37.02,64,53.83,0.097,98.86,32.52,34.6
BATT-017,40,350.29,36.17,66,60.53,0.109,98.82,32.58,34.6
BATT-017,41,351.44,33.93,67,54.95,0.115,98.79,34.07,32.12
BATT-017,42,349.37,35.87,69,57.21,0.1,98.76,32.89,32.38
BATT-017,43,349.14,36.97,71,48.23,0.137,98.73,33.47,34.76
BATT-017,44,349.64,34.94,72,51.67,0.122,98.69,34.43,34.16
BATT-017,45,349.98,37.03,73,48.85,0.078,98.66,35.72,34.72
BATT-017,46,349.45,33.54,75,53.59,0.0,98.63,34.51,32.51
BATT-017,47,348.56,33.6,76,52.97,0.09,98.6,33.21,32.78
BATT-017,48,349.95,36.72,78,50.92,0.152,98.57,32.79,34.65
BATT-017,49,349.49,33.53,80,57.89,0.146,98.54,34.78,32.98
BATT-017,50,348.67,33.37,81,47.71,0.197,98.51,34.08,31.76
BATT-017,51,348.17,35.32,83,41.2,0.205,98.49,34.87,33.09
BATT-017,52,351.44,37.3,85,50.67,0.148,98.46,34.6,33.83
BATT-017,53,350.12,38.93,86,67.01,0.107,98.43,34.79,36.73
BATT-017,54,349.89,33.05,87,57.16,0.119,98.4,36.11,32.96
BATT-017,55,349.34,34.42,89,49.02,0.046,98.37,36.02,34.17
BATT-017,56,349.97,40.65,91,56.77,0.156,98.34,35.39,37.37
BATT-017,57,348.57,33.63,93,53.29,0.198,98.31,34.19,32.7
BATT-017,58,349.56,35.42,94,56.42,0.175,98.28,34.58,35.37
BATT-017,59,349.58,33.91,96,59.38,0.136,98.25,35.94,33.35
BATT-017,60,348.56,37.41,97,55.26,0.073,98.23,36.53,35.06
BATT-017,61,349.29,39.67,99,54.82,0.063,98.2,34.01,37.99
BATT-017,62,349.03,37.92,101,63.02,0.079,98.16,36.88,35.71
BATT-017,63,348.73,36.32,102,57.34,0.034,98.13,34.63,34.79
BATT-017,64,348.9,33.62,103,55.27,0.114,98.1,36.13,33.17
BATT-017,65,347.96,34.13,105,54.35,0.0,98.07,38.31,34.36
BATT-017,66,350.16,34.53,107,50.7,0.049,98.04,33.98,33.81
BATT-017,67,350.55,34.19,108,46.63,0.097,98.01,36.13,32.51
BATT-017,68,348.55,31.9,109,58.12,0.292,97.98,35.37,31.52
BATT-017,69,350.17,36.04,111,61.76,0.092,97.94,36.19,33.5
BATT-017,70,349.24,35.28,113,56.67,0.095,97.91,35.18,34.72
BATT-017,71,349.25,36.38,114,57.49,0.025,97.87,33.38,36.47
BATT-017,72,348.21,35.27,116,48.78,0.229,97.85,35.16,33.71
BATT-017,73,348.79,37.45,117,50.52,0.027,97.82,36.32,35.13
BATT-017,74,349.65,35.36,119,46.41,0.255,97.79,37.37,32.31
BATT-017,75,348.43,33.63,121,52.6,0.033,97.76,36.48,33.68
BATT-017,76,348.61,34.21,122,60.0,0.167,97.73,37.6,31.23
BATT-017,77,348.79,40.02,123,49.91,0.087,97.7,35.69,38.27
BATT-017,78,346.46,36.17,125,53.65,0.047,97.66,35.67,35.23
BATT-017,79,349.44,37.44,127,58.31,0.173,97.64,36.63,35.2
BATT-017,80,349.67,38.69,129,61.35,0.198,97.61,35.96,35.77
BATT-017,81,349.45,38.66,130,44.22,0.077,97.58,37.51,38.78
BATT-017,82,349.9,35.47,132,51.24,0.09,97.55,35.04,34.34
BATT-017,83,348.78,34.55,133,49.67,0.059,97.52,37.36,33.54
BATT-017,84,350.57,40.2,134,48.84,0.11,97.5,37.75,38.02
BATT-017,85,348.44,36.2,136,51.8,0.004,97.46,36.97,33.18
BATT-017,86,348.92,38.61,138,42.41,0.0,97.43,37.58,36.98
BATT-017,87,348.83,36.2,139,51.89,0.0,97.4,36.06,34.93
BATT-017,88,349.23,37.7,141,54.31,0.074,97.37,35.93,35.7
BATT-017,89,348.88,34.22,142,47.84,0.006,97.35,37.17,32.9
BATT-017,90,348.98,38.33,144,51.21,0.083,97.32,36.15,38.94
BATT-017,91,348.51,36.56,146,54.22,0.051,97.28,37.23,34.48
BATT-017,92,348.69,36.55,147,54.82,0.035,97.25,37.29,34.0
BATT-017,93,347.24,38.51,149,44.29,0.04,97.22,36.97,35.88
BATT-017,94,349.66,34.49,150,58.3,0.169,97.19,37.37,34.09
BATT-017,95,348.19,37.86,152,58.44,0.111,97.17,37.77,35.69
BATT-017,96,348.6,36.25,153,49.64,0.217,97.13,37.1,33.16
BATT-017,97,348.14,39.35,155,64.17,0.1,97.1,36.78,35.26
BATT-017,98,349.43,36.17,156,56.83,0.0,97.07,38.13,34.13
BATT-017,99,348.53,36.4,157,55.97,0.008,97.04,37.64,33.86
BATT-017,100,347.0,34.18,159,58.2,0.101,97.01,37.87,33.61
BATT-017,101,349.17,36.78,161,47.9,0.111,96.99,38.05,36.34
BATT-017,102,348.34,37.02,162,51.98,0.045,96.96,37.66,34.48
BATT-017,103,348.91,34.24,164,57.8,0.028,96.93,37.22,34.71
BATT-017,104,349.58,37.33,166,49.31,0.043,96.9,37.0,35.62
BATT-017,105,348.12,39.66,167,51.98,0.08,96.87,37.58,36.67
BATT-017,106,348.85,35.83,169,57.71,0.088,96.84,38.22,33.56
BATT-017,107,348.26,37.53,170,55.96,0.004,96.81,38.32,35.26
BATT-017,108,349.66,35.06,172,54.22,0.112,96.78,37.98,33.55
BATT-017,109,348.93,35.73,174,54.47,0.111,96.75,38.24,34.58
BATT-017,110,348.83,40.18,175,53.05,0.083,96.72,36.83,36.47
BATT-017,111,347.85,34.12,177,59.22,0.037,96.69,37.53,31.33
BATT-017,112,349.43,35.85,178,66.64,0.146,96.66,38.72,33.44
BATT-017,113,349.52,36.05,179,55.86,0.198,96.63,37.27,34.46
BATT-017,114,348.2,36.33,181,61.79,0.056,96.6,38.3,35.35
BATT-017,115,348.92,39.22,183,51.48,0.042,96.57,38.26,36.58
BATT-017,116,349.26,33.43,184,50.01,0.129,96.54,38.15,32.18
BATT-017,117,350.55,38.46,186,49.37,0.0,96.51,39.0,36.82
BATT-017,118,349.08,37.63,187,48.59,0.0,96.47,38.62,35.45
BATT-017,119,348.75,36.05,189,52.34,0.04,96.44,37.25,34.28
BATT-017,120,348.62,35.52,191,59.42,0.117,96.41,39.02,32.41
BATT-017,121,348.66,33.96,192,60.12,0.021,96.38,38.05,33.72
BATT-017,122,349.34,37.71,194,51.04,0.09,96.35,37.24,36.08
BATT-017,123,348.0,38.25,195,52.16,0.0,96.32,39.41,34.55
BATT-017,124,349.45,36.66,197,54.09,0.141,96.28,37.54,34.2
BATT-017,125,347.46,34.34,199,55.5,0.207,96.25,38.43,32.98
BATT-017,126,349.21,37.86,200,57.62,0.019,96.22,39.13,35.5
BATT-017,127,349.42,35.65,202,51.7,0.127,96.19,38.82,34.14
BATT-017,128,349.3,36.99,204,52.9,0.075,96.16,38.33,33.97
BATT-017,129,348.86,36.52,205,62.23,0.1,96.13,38.02,34.14
BATT-017,130,348.95,33.97,207,52.43,0.072,96.1,38.3,33.27
BATT-017,131,348.3,34.77,208,50.65,0.068,96.07,38.03,32.98
BATT-017,132,347.71,33.86,210,53.59,0.025,96.04,39.04,31.88
BATT-017,133,348.8,35.21,211,54.57,0.004,96.01,38.67,33.18
BATT-017,134,348.65,33.25,213,44.85,0.18,95.98,37.89,31.37
BATT-017,135,349.32,36.88,215,51.44,0.0,95.95,39.03,34.75
BATT-017,136,348.46,34.95,216,56.62,0.09,95.93,38.73,32.97
BATT-017,137,348.69,34.18,218,66.13,0.087,95.89,39.7,33.34
BATT-017,138,348.78,34.93,219,50.93,0.088,95.86,39.85,33.82
BATT-017,139,349.0,33.93,220,58.69,0.145,95.84,40.87,32.63
BATT-017,140,349.29,33.67,222,55.17,0.062,95.81,40.23,32.02
BATT-017,141,347.76,35.37,223,61.06,0.144,95.78,38.55,34.06
BATT-017,142,349.07,39.17,225,50.39,0.251,95.75,37.52,36.51
BATT-017,143,348.36,35.59,227,60.72,0.08,95.72,38.23,34.99
BATT-017,144,349.0,35.32,228,62.51,0.0,95.68,39.31,35.49
BATT-017,145,349.66,35.1,229,62.77,0.081,95.65,38.26,31.57
BATT-017,146,346.78,33.92,231,62.66,0.073,95.62,39.31,33.18
BATT-017,147,349.43,35.77,233,55.24,0.124,95.59,40.01,33.11
BATT-017,148,348.35,37.66,235,57.61,0.0,95.56,39.47,35.49
BATT-017,149,347.75,35.45,236,51.58,0.118,95.53,40.37,34.67
BATT-017,150,348.08,34.42,238,40.76,0.058,95.5,39.52,32.99
BATT-017,151,347.59,31.03,240,55.63,0.156,95.47,39.43,29.75
BATT-017,152,348.81,33.3,241,53.13,0.05,95.45,41.94,31.38
BATT-017,153,347.57,34.8,243,59.88,0.161,95.41,40.26,34.01
BATT-017,154,349.35,33.9,245,59.27,0.0,95.38,40.46,32.52
BATT-017,155,348.93,34.3,246,47.73,0.093,95.35,41.25,32.78
BATT-017,156,348.54,36.46,248,68.13,0.014,95.32,41.34,33.8
BATT-017,157,346.72,35.67,249,56.43,0.053,95.29,40.14,34.52
BATT-017,158,347.28,32.17,251,46.39,0.31,95.26,41.61,31.59
BATT-017,159,348.27,34.6,252,47.23,0.016,95.24,40.16,33.58
BATT-017,160,348.3,36.98,254,41.03,0.062,95.21,41.68,35.05
BATT-017,161,349.06,34.5,255,58.68,0.0,95.18,39.49,34.71
BATT-017,162,345.97,34.46,257,50.94,0.067,95.15,40.46,31.71
BATT-017,163,347.68,34.46,259,49.06,0.08,95.12,41.05,32.88
BATT-017,164,348.95,35.49,260,50.24,0.033,95.09,41.24,33.5
BATT-017,165,348.0,34.12,262,52.3,0.218,95.06,40.09,32.34
BATT-017,166,347.88,32.76,263,57.55,0.184,95.03,39.34,31.87
BATT-017,167,346.96,30.06,265,44.23,0.016,95.0,41.49,29.58
BATT-017,168,349.09,31.67,267,47.68,0.157,94.97,40.88,30.81
BATT-017,169,347.84,31.06,269,56.89,0.054,94.94,40.75,31.0
BATT-017,170,349.09,31.99,270,50.53,0.0,94.91,42.86,30.09
BATT-017,171,349.38,33.47,272,57.59,0.034,94.87,40.97,32.08
BATT-017,172,349.25,33.17,273,51.11,0.0,94.85,40.8,33.14
BATT-017,173,348.16,32.09,274,63.55,0.167,94.82,39.57,31.15
BATT-017,174,347.79,30.61,276,55.35,0.022,94.78,40.34,28.4
BATT-017,175,347.72,34.32,278,61.46,0.195,94.76,42.35,31.46
BATT-017,176,349.73,32.26,279,57.21,0.103,94.73,40.8,31.98
BATT-017,177,347.97,35.53,281,57.57,0.06,94.7,42.21,31.81
BATT-017,178,348.98,30.95,282,49.58,0.052,94.67,40.34,30.35
BATT-017,179,348.51,29.41,284,61.1,0.232,94.64,40.81,29.56
BATT-017,180,347.78,35.94,286,55.39,0.093,94.61,40.85,32.63
BATT-017,181,347.9,32.28,287,48.38,0.052,94.58,42.28,31.76
BATT-017,182,349.04,33.22,289,41.44,0.16,94.55,41.64,30.14
BATT-017,183,348.11,29.73,290,54.94,0.139,94.52,40.79,28.84
BATT-017,184,347.71,32.62,292,63.15,0.013,94.49,42.67,31.36
BATT-017,185,347.42,29.86,294,48.66,0.092,94.46,42.5,29.61
BATT-017,186,348.31,34.3,295,48.45,0.0,94.44,42.39,31.46
BATT-017,187,347.63,33.75,298,52.2,0.089,94.41,42.4,31.05
BATT-017,188,348.51,34.76,299,60.71,0.117,94.37,41.32,33.86
BATT-017,189,350.06,32.05,301,43.08,0.128,94.35,43.47,30.56
BATT-017,190,348.42,35.83,303,50.2,0.012,94.31,42.17,33.61
BATT-017,191,349.44,31.75,304,48.06,0.033,94.29,42.59,30.66
BATT-017,192,347.42,32.4,306,57.47,0.112,94.26,42.76,29.47
BATT-017,193,348.53,30.28,307,53.24,0.192,94.23,41.48,28.82
BATT-017,194,348.97,30.06,309,52.02,0.099,94.2,44.38,29.02
BATT-017,195,349.06,30.89,310,53.02,0.047,94.17,42.5,30.91
BATT-017,196,348.97,30.66,312,58.81,0.17,94.14,42.62,30.4
BATT-017,197,347.95,29.53,314,60.83,0.102,94.11,42.23,27.38
BATT-017,198,348.64,33.39,315,60.25,0.106,94.08,43.84,31.6
BATT-017,199,347.1,34.59,317,57.55,0.156,94.05,43.94,32.22
BATT-017,200,349.19,28.16,318,62.4,0.084,94.01,42.97,27.16
BATT-017,201,347.13,31.31,320,48.51,0.017,93.99,41.4,31.39
BATT-017,202,348.89,33.39,322,56.43,0.08,93.96,42.75,32.33
BATT-017,203,348.71,30.64,323,68.19,0.181,93.93,42.9,27.05
BATT-017,204,348.69,29.57,324,43.08,0.243,93.89,42.58,28.97
BATT-017,205,349.5,29.86,326,50.89,0.0,93.86,42.11,28.34
BATT-017,206,348.68,30.15,328,47.88,0.223,93.83,41.59,31.01
BATT-017,207,346.77,29.9,329,55.83,0.063,93.8,44.67,28.86
BATT-017,208,348.29,29.88,331,62.73,0.094,93.77,44.0,28.74
BATT-017,209,346.3,31.88,332,57.32,0.228,93.74,43.35,29.99
BATT-017,210,347.73,32.88,334,52.8,0.059,93.71,42.71,31.63
BATT-017,211,347.45,29.18,335,57.37,0.07,93.69,43.76,29.14
BATT-017,212,348.29,29.36,337,52.36,0.041,93.66,43.66,28.47
BATT-017,213,347.11,30.04,339,55.27,0.095,93.63,43.11,28.69
BATT-017,214,347.12,30.6,341,57.81,0.117,93.6,43.95,30.04
BATT-017,215,348.15,27.7,342,64.62,0.037,93.56,44.14,27.0
BATT-017,216,348.68,31.47,344,56.8,0.208,93.53,44.37,28.91
BATT-017,217,347.73,28.4,345,55.41,0.032,93.51,42.84,27.47
BATT-017,218,349.57,29.01,347,66.31,0.132,93.48,44.21,27.01
BATT-017,219,347.43,27.23,348,42.36,0.094,93.44,45.02,25.84
BATT-017,220,348.24,28.26,349,53.55,0.191,93.41,44.2,27.93
BATT-017,221,347.95,31.5,351,49.65,0.028,93.38,46.17,30.27
BATT-017,222,347.4,27.47,352,52.67,0.138,93.34,43.84,25.62
BATT-017,223,348.71,32.65,354,57.72,0.286,93.31,42.36,29.36
BATT-017,224,346.94,28.3,356,59.98,0.0,93.28,43.29,27.52
BATT-017,225,345.98,28.32,357,50.98,0.02,93.25,43.51,26.84
BATT-017,226,347.53,31.37,359,58.11,0.259,93.22,44.8,28.9
BATT-017,227,347.41,33.12,361,48.71,0.081,93.19,45.13,30.3
BATT-017,228,348.46,31.44,363,46.42,0.101,93.16,44.48,30.53
BATT-017,229,346.6,30.06,364,54.52,0.065,93.13,44.69,28.66
BATT-017,230,348.01,30.75,366,52.79,0.224,93.11,46.36,28.08
BATT-017,231,347.9,30.8,368,63.04,0.0,93.07,43.67,28.73
BATT-017,232,347.82,34.4,369,66.87,0.191,93.04,44.48,31.81
BATT-017,233,348.39,30.34,371,50.45,0.0,93.01,44.16,27.61
BATT-017,234,347.53,31.82,372,43.23,0.0,92.99,43.49,29.7
BATT-017,235,347.58,28.77,374,45.9,0.005,92.96,42.68,27.07
BATT-017,236,347.89,27.56,376,49.08,0.082,92.93,46.05,26.67
BATT-017,237,347.44,31.84,377,55.34,0.035,92.9,44.05,30.53
BATT-017,238,346.42,29.22,379,52.53,0.03,92.87,44.62,27.84
BATT-017,239,347.17,30.89,380,46.55,0.018,92.84,45.35,28.13
BATT-017,240,347.28,30.31,382,64.82,0.019,92.81,43.79,28.57
BATT-017,241,347.02,28.12,383,58.08,0.017,92.78,44.21,26.37
BATT-017,242,347.21,27.58,385,64.65,0.111,92.74,45.08,27.02
BATT-017,243,347.59,29.44,386,43.29,0.041,92.71,44.72,26.68
BATT-017,244,347.22,28.9,387,61.74,0.0,92.68,43.95,28.1
BATT-017,245,348.11,29.4,389,53.2,0.089,92.64,45.9,28.12
BATT-017,246,348.11,29.51,390,51.75,0.152,92.61,44.88,26.64
BATT-017,247,345.5,32.99,392,54.25,0.07,92.58,45.54,30.55
BATT-017,248,346.24,28.14,394,49.9,0.0,92.55,45.51,27.43
BATT-017,249,345.46,28.08,395,53.24,0.152,92.52,46.48,27.6
BATT-017,250,347.15,30.79,397,59.78,0.0,92.48,45.92,29.43
BATT-017,251,347.09,27.06,398,42.32,0.066,92.46,44.75,26.07
BATT-017,252,347.47,26.67,400,63.08,0.09,92.42,46.84,26.58
BATT-017,253,348.01,28.57,401,56.45,0.178,92.39,45.26,27.76
BATT-017,254,347.29,23.91,402,53.44,0.138,92.36,44.97,25.1
BATT-017,255,346.83,29.39,404,59.71,0.111,92.33,44.88,26.93
BATT-017,256,347.3,32.74,405,56.28,0.166,92.3,43.55,30.34
BATT-017,257,346.9,32.96,407,51.22,0.0,92.27,45.34,29.99
BATT-017,258,346.1,30.48,408,49.46,0.218,92.24,46.39,28.57
BATT-017,259,348.04,30.09,410,63.1,0.0,92.21,44.7,28.98
BATT-017,260,347.6,30.51,411,45.22,0.206,92.18,47.82,27.93
BATT-017,261,348.41,27.38,413,52.92,0.025,92.15,43.92,26.52
BATT-017,262,346.25,29.85,414,45.64,0.122,92.12,45.44,29.62
BATT-017,263,345.94,27.13,416,57.03,0.208,92.09,44.79,25.72
BATT-017,264,346.47,30.55,417,53.52,0.137,92.06,47.25,28.58
BATT-017,265,347.53,27.1,419,46.6,0.122,92.03,47.03,26.35
BATT-017,266,347.89,26.94,420,48.89,0.161,92.0,46.17,26.43
BATT-017,267,347.42,29.04,422,54.37,0.0,91.98,45.05,27.9
BATT-017,268,347.3,32.11,424,55.81,0.0,91.94,45.34,30.13
BATT-017,269,347.86,30.63,425,42.48,0.114,91.92,46.83,29.22
BATT-017,270,346.79,31.77,427,49.87,0.076,91.89,45.97,27.58
BATT-017,271,347.99,28.58,429,55.06,0.067,91.86,46.14,27.16
BATT-017,272,348.73,30.54,430,61.36,0.191,91.82,46.69,28.23
BATT-017,273,346.28,29.22,431,59.13,0.184,91.79,46.41,29.11
BATT-017,274,346.91,26.56,433,51.37,0.018,91.75,45.13,24.42
BATT-017,275,345.99,27.96,435,60.09,0.127,91.72,45.61,26.87
BATT-017,276,346.32,27.03,436,52.21,0.0,91.7,45.68,25.48
BATT-017,277,347.4,29.98,437,35.36,0.0,91.67,46.3,26.73
BATT-017,278,345.73,26.36,439,62.74,0.02,91.64,47.18,25.18
BATT-017,279,346.44,24.61,440,56.84,0.088,91.61,47.19,24.36
BATT-017,280,347.9,25.5,442,55.23,0.04,91.58,48.38,25.09
BATT-017,281,347.22,27.98,443,54.15,0.128,91.55,45.84,26.25
BATT-017,282,347.65,29.65,445,55.92,0.091,91.53,47.59,27.97
BATT-017,283,345.99,27.51,446,54.14,0.181,91.5,46.55,25.88
BATT-017,284,347.07,26.08,448,52.36,0.136,91.47,49.36,25.81
BATT-017,285,348.52,31.3,449,50.18,0.009,91.45,47.33,27.71
BATT-017,286,346.47,30.59,451,54.56,0.164,91.42,46.93,27.56
BATT-017,287,346.59,31.39,453,48.81,0.023,91.39,47.82,29.7
BATT-017,288,347.44,28.6,454,47.24,0.125,91.35,47.8,28.56
BATT-017,289,346.24,28.78,456,55.72,0.053,91.32,47.28,25.64
BATT-017,290,347.52,28.88,457,59.98,0.198,91.29,48.31,26.19
BATT-017,291,345.5,29.99,459,49.32,0.15,91.26,49.28,28.33
BATT-017,292,344.99,28.66,461,50.37,0.037,91.23,48.74,25.9
BATT-017,293,347.17,27.83,462,43.92,0.061,91.19,47.74,26.77
BATT-017,294,346.12,25.31,464,46.2,0.353,91.16,49.72,24.71
BATT-017,295,346.44,27.05,465,46.43,0.0,91.13,48.48,25.34
BATT-017,296,347.59,29.22,467,59.94,0.034,91.1,46.96,29.21
BATT-017,297,347.37,28.05,469,43.68,0.038,91.07,48.16,27.6
BATT-017,298,345.88,28.53,471,56.85,0.0,91.04,47.94,26.43
BATT-017,299,347.27,28.47,472,52.51,0.008,91.01,47.67,26.67
BATT-017,300,346.6,30.18,474,57.73,0.083,90.98,48.59,30.0
BATT-017,301,347.17,27.62,475,61.1,0.13,90.95,46.45,26.47
BATT-017,302,346.81,28.42,477,53.92,0.0,90.92,49.99,28.2
BATT-017,303,345.61,29.9,479,60.9,0.052,90.89,49.04,28.83
BATT-017,304,346.23,30.68,480,63.4,0.028,90.86,46.64,29.72
BATT-017,305,344.86,28.86,482,62.18,0.0,90.83,49.14,26.31
BATT-017,306,346.93,26.93,483,50.07,0.172,90.81,49.03,25.52
BATT-017,307,347.09,27.32,485,42.28,0.031,90.78,50.1,26.0
BATT-017,308,346.2,29.96,487,53.35,0.0,90.75,50.41,28.79
BATT-017,309,346.66,30.56,488,55.17,0.162,90.72,50.64,30.72
BATT-017,310,345.96,30.38,490,42.38,0.192,90.69,48.52,28.92
BATT-017,311,347.74,28.86,491,54.47,0.111,90.66,49.39,26.82
BATT-017,312,345.69,31.42,493,38.66,0.017,90.64,48.41,29.63
BATT-017,313,346.46,29.44,494,63.37,0.07,90.61,49.92,27.19
BATT-017,314,345.66,28.99,496,56.96,0.04,90.58,46.84,26.69
BATT-017,315,346.88,31.24,497,49.19,0.088,90.55,47.77,27.48
BATT-017,316,347.51,27.58,499,54.86,0.149,90.51,48.68,27.15
BATT-017,317,345.01,28.81,500,55.6,0.09,90.49,49.1,27.02
BATT-017,318,347.18,31.85,502,57.0,0.092,90.46,49.38,29.95
BATT-017,319,347.95,28.63,503,54.52,0.051,90.43,50.54,27.39
BATT-017,320,346.74,26.76,505,59.77,0.145,90.4,48.67,25.83
BATT-017,321,346.09,31.2,506,46.49,0.121,90.37,48.07,29.14
BATT-017,322,346.59,28.84,508,53.32,0.0,90.34,49.03,26.88
BATT-017,323,346.17,27.48,509,64.82,0.0,90.31,48.87,26.98
BATT-017,324,348.17,29.22,511,51.99,0.065,90.28,50.09,29.46
BATT-017,325,347.25,28.44,513,55.55,0.17,90.25,51.12,27.37
BATT-017,326,347.3,28.72,515,48.13,0.185,90.21,51.09,27.84
BATT-017,327,348.29,30.79,516,67.04,0.153,90.19,50.79,28.63
BATT-017,328,347.63,28.83,518,55.81,0.08,90.16,49.18,28.19
BATT-017,329,346.45,29.42,520,46.55,0.209,90.12,49.66,28.03
BATT-017,330,346.55,25.07,522,60.64,0.034,90.09,50.3,25.22
BATT-017,331,348.41,28.54,523,47.66,0.065,90.06,49.15,28.53
BATT-017,332,345.92,32.06,525,58.2,0.0,90.03,49.3,31.27
BATT-017,333,346.36,31.16,526,60.28,0.064,90.0,50.4,29.85
BATT-017,334,345.68,29.14,528,66.26,0.023,89.97,48.72,28.4
BATT-017,335,345.02,31.43,529,55.44,0.215,89.94,51.24,29.73
BATT-017,336,345.76,29.88,531,54.39,0.199,89.9,49.81,30.02
BATT-017,337,345.77,29.22,533,41.94,0.097,89.88,50.79,27.88
BATT-017,338,345.95,32.44,535,51.36,0.129,89.85,50.51,31.09
BATT-017,339,346.93,29.62,536,49.81,0.044,89.82,51.61,29.51
BATT-017,340,346.42,30.65,537,53.01,0.0,89.79,48.28,28.86
BATT-017,341,347.23,31.16,539,50.98,0.031,89.76,51.72,31.77
BATT-017,342,346.53,27.22,540,58.82,0.152,89.74,51.75,26.35
BATT-017,343,346.54,30.1,542,50.74,0.127,89.71,50.85,27.75
BATT-017,344,346.15,29.88,543,56.95,0.061,89.68,51.14,30.54
BATT-017,345,347.94,32.88,545,53.41,0.151,89.65,51.26,30.65
BATT-017,346,346.03,32.57,546,50.36,0.054,89.62,49.82,32.18
BATT-017,347,347.09,27.36,548,49.82,0.001,89.59,50.83,26.39
BATT-017,348,345.4,34.09,550,55.5,0.151,89.56,51.72,31.13
BATT-017,349,346.14,28.97,551,62.32,0.043,89.52,49.11,28.04
BATT-017,350,347.93,33.77,553,49.71,0.174,89.49,51.42,30.6
BATT-017,351,346.86,31.19,555,54.38,0.0,89.46,51.09,29.94
BATT-017,352,345.18,32.85,556,57.0,0.046,89.43,51.69,31.38
BATT-017,353,345.46,32.22,558,53.98,0.14,89.4,49.85,29.82
BATT-017,354,347.56,33.86,560,43.54,0.131,89.36,50.44,31.75
BATT-017,355,346.34,30.78,562,56.97,0.074,89.34,49.83,29.06
BATT-017,356,346.04,31.35,563,45.06,0.115,89.31,49.88,30.25
BATT-017,357,345.62,30.74,565,45.14,0.103,89.27,52.18,30.73
BATT-017,358,345.98,33.08,567,46.27,0.0,89.24,50.82,33.02
BATT-017,359,347.36,34.7,568,53.13,0.063,89.21,50.79,31.83
BATT-017,360,345.65,34.21,570,48.32,0.11,89.18,52.6,30.95
BATT-017,361,345.72,33.36,571,45.49,0.132,89.15,51.22,31.67
BATT-017,362,346.67,32.2,573,56.38,0.087,89.12,52.59,32.41
BATT-017,363,345.35,32.2,574,53.94,0.048,89.09,50.63,31.41
BATT-017,364,345.42,30.12,575,58.64,0.0,89.05,51.41,29.38
BATT-017,365,346.16,32.93,577,49.72,0.152,89.02,50.89,31.93
BATT-018,1,351.05,31.29,2,58.24,0.4,99.97,30.29,28.67
BATT-018,2,349.01,30.6,3,61.54,0.364,99.94,33.83,27.48
BATT-018,3,349.85,32.66,5,64.74,0.238,99.91,30.3,29.47
BATT-018,4,351.04,31.61,7,64.97,0.29,99.89,28.94,29.16
BATT-018,5,350.73,26.04,9,64.86,0.27,99.86,31.03,25.94
BATT-018,6,349.72,33.49,11,57.33,0.353,99.83,31.77,30.14
BATT-018,7,349.87,29.78,12,69.46,0.285,99.8,31.25,28.18
BATT-018,8,350.29,33.02,14,62.27,0.267,99.77,31.03,30.32
BATT-018,9,350.3,34.57,16,40.92,0.419,99.75,30.49,32.3
BATT-018,10,351.0,33.78,18,58.94,0.26,99.72,30.64,29.14
BATT-018,11,350.8,32.8,20,56.45,0.236,99.69,28.65,28.34
BATT-018,12,348.78,33.38,21,56.86,0.254,99.66,31.89,31.45
BATT-018,13,348.59,29.24,24,62.56,0.372,99.63,30.7,28.19
BATT-018,14,349.43,33.48,26,60.58,0.301,99.6,32.28,32.35
BATT-018,15,348.37,31.55,27,54.68,0.323,99.57,30.65,28.89
BATT-018,16,350.89,30.56,30,67.76,0.305,99.54,31.19,28.71
BATT-018,17,348.63,34.55,31,51.03,0.111,99.51,32.54,33.26
BATT-018,18,349.58,32.2,33,50.63,0.201,99.49,32.68,30.32
BATT-018,19,349.11,35.13,35,52.22,0.264,99.46,32.23,32.28
BATT-018,20,348.53,32.19,37,61.41,0.311,99.44,29.56,29.87
BATT-018,21,350.74,31.74,38,60.95,0.207,99.41,30.2,29.83
BATT-018,22,349.32,27.69,41,53.87,0.205,99.39,32.22,25.65
BATT-018,23,351.3,33.86,43,55.17,0.261,99.36,30.87,31.62
BATT-018,24,350.89,33.37,45,58.72,0.392,99.33,31.69,30.75
BATT-018,25,349.76,32.74,46,52.33,0.114,99.31,31.87,30.06
BATT-018,26,348.07,31.93,48,63.53,0.074,99.28,31.96,31.18
BATT-018,27,349.47,32.98,50,68.14,0.425,99.25,30.71,30.42
BATT-018,28,351.56,31.04,52,57.68,0.164,99.22,32.84,29.0
BATT-018,29,350.06,32.41,54,60.82,0.254,99.19,31.34,31.02
BATT-018,30,349.57,32.28,56,59.39,0.166,99.16,32.52,30.26
BATT-018,31,349.2,35.27,58,66.95,0.262,99.12,31.79,31.71
BATT-018,32,350.39,33.45,60,70.39,0.275,99.09,33.97,30.24
BATT-018,33,349.97,32.51,62,56.6,0.415,99.06,33.56,30.02
BATT-018,34,349.89,31.46,64,58.94,0.344,99.03,34.29,29.96
BATT-018,35,350.56,30.55,66,63.89,0.183,99.0,33.87,29.51
BATT-018,36,350.51,31.56,67,60.81,0.133,98.98,32.12,30.11
BATT-018,37,349.99,34.01,70,53.27,0.326,98.96,31.76,31.6
BATT-018,38,348.36,32.31,71,47.89,0.245,98.94,31.19,29.88
BATT-018,39,348.83,31.04,73,55.16,0.228,98.91,32.64,29.3
BATT-018,40,349.11,35.57,75,60.71,0.381,98.88,32.46,32.3
BATT-018,41,349.57,33.74,76,56.38,0.146,98.85,32.44,30.96
BATT-018,42,350.79,32.12,78,52.41,0.257,98.83,31.7,32.37
BATT-018,43,351.22,33.45,80,55.26,0.337,98.8,32.95,30.94
BATT-018,44,349.88,33.62,82,69.73,0.192,98.77,32.26,30.47
BATT-018,45,350.0,31.36,84,51.97,0.39,98.74,32.2,28.76
BATT-018,46,348.34,32.71,86,56.85,0.205,98.71,32.9,29.73
BATT-018,47,349.2,32.3,88,55.65,0.28,98.68,32.71,30.16
BATT-018,48,349.08,34.27,90,70.48,0.231,98.65,31.43,31.94
BATT-018,49,349.01,33.76,91,49.91,0.067,98.62,32.11,31.4
BATT-018,50,349.97,32.66,93,54.03,0.252,98.59,33.49,30.08
BATT-018,51,349.14,29.31,95,59.13,0.349,98.56,32.96,27.49
BATT-018,52,347.97,35.89,97,59.76,0.203,98.52,31.13,32.4
BATT-018,53,350.15,36.88,99,65.48,0.236,98.5,33.82,33.06
BATT-018,54,350.43,35.1,101,64.86,0.245,98.47,33.13,33.24
BATT-018,55,349.68,31.61,103,54.53,0.329,98.44,32.17,30.38
BATT-018,56,349.31,34.46,104,60.63,0.257,98.41,32.62,33.41
BATT-018,57,348.71,35.56,106,57.71,0.288,98.37,33.51,32.76
BATT-018,58,348.75,35.78,108,56.01,0.289,98.35,31.18,32.79
BATT-018,59,350.27,33.88,110,64.85,0.244,98.32,33.86,31.07
BATT-018,60,348.8,34.72,111,60.28,0.421,98.29,34.49,31.83
BATT-018,61,351.0,36.64,113,68.32,0.204,98.26,34.45,34.81
BATT-018,62,350.14,35.02,115,61.61,0.342,98.22,34.77,34.61
BATT-018,63,349.64,33.96,117,64.32,0.388,98.2,32.88,32.06
BATT-018,64,351.53,36.5,119,42.47,0.275,98.17,34.74,32.45
BATT-018,65,350.37,31.56,121,59.3,0.291,98.15,34.02,28.9
BATT-018,66,349.0,36.85,123,61.36,0.329,98.12,32.97,34.03
BATT-018,67,348.51,36.67,125,61.91,0.256,98.09,34.33,33.37
BATT-018,68,348.98,34.36,126,68.04,0.134,98.05,34.36,32.8
BATT-018,69,349.23,34.03,128,62.48,0.266,98.03,35.51,31.41
BATT-018,70,348.69,35.35,130,51.5,0.418,98.0,35.22,32.44
BATT-018,71,348.39,36.02,132,62.01,0.332,97.97,33.38,34.56
BATT-018,72,349.47,35.69,133,63.81,0.292,97.95,34.45,32.93
BATT-018,73,349.98,40.05,135,55.12,0.347,97.92,34.49,36.36
BATT-018,74,350.75,35.64,136,56.32,0.275,97.89,34.47,33.65
BATT-018,75,349.31,31.75,138,63.51,0.288,97.85,33.98,31.07
BATT-018,76,349.72,34.42,140,58.82,0.252,97.83,36.09,31.85
BATT-018,77,347.75,33.16,141,65.37,0.324,97.79,33.77,31.42
BATT-018,78,349.9,36.37,143,59.92,0.243,97.76,36.11,33.79
BATT-018,79,348.4,35.81,145,45.72,0.261,97.74,33.06,34.25
BATT-018,80,349.44,37.57,147,59.16,0.356,97.71,34.15,35.11
BATT-018,81,349.16,35.68,148,56.43,0.271,97.69,35.35,32.05
BATT-018,82,348.99,35.64,150,62.52,0.331,97.66,33.58,33.27
BATT-018,83,347.98,35.24,152,61.36,0.338,97.63,33.95,34.5
BATT-018,84,348.56,37.68,154,53.17,0.28,97.6,35.27,34.91
BATT-018,85,348.39,33.17,156,60.02,0.258,97.57,33.06,30.75
BATT-018,86,348.67,36.14,157,62.04,0.18,97.55,35.93,33.53
BATT-018,87,350.08,34.19,159,61.49,0.198,97.52,36.37,30.82
BATT-018,88,348.84,33.58,161,64.69,0.335,97.49,36.45,31.71
BATT-018,89,348.57,32.77,162,52.69,0.333,97.46,35.31,30.66
BATT-018,90,349.62,33.06,164,57.89,0.207,97.44,34.6,31.69
BATT-018,91,349.36,33.04,166,45.46,0.318,97.41,34.71,30.45
BATT-018,92,350.71,33.42,168,65.91,0.303,97.39,35.41,30.85
BATT-018,93,349.89,33.41,170,59.56,0.361,97.36,35.3,31.27
BATT-018,94,347.48,36.22,172,58.31,0.459,97.33,34.84,33.08
BATT-018,95,349.7,34.03,173,58.21,0.332,97.31,36.85,32.67
BATT-018,96,349.6,32.68,175,61.86,0.231,97.28,35.08,30.15
BATT-018,97,350.37,39.72,176,65.22,0.346,97.25,36.8,36.73
BATT-018,98,348.87,33.73,178,57.23,0.203,97.22,35.53,31.87
BATT-018,99,349.89,31.63,180,61.44,0.464,97.19,35.51,30.61
BATT-018,100,348.73,34.17,182,61.37,0.188,97.17,36.03,33.46
BATT-018,101,349.23,35.13,183,45.79,0.321,97.14,36.06,32.57
BATT-018,102,348.15,35.44,185,54.73,0.286,97.12,35.46,31.35
BATT-018,103,347.88,34.93,187,61.59,0.253,97.09,36.22,33.14
BATT-018,104,349.67,34.38,189,66.38,0.248,97.06,36.4,31.54
BATT-018,105,348.96,32.06,190,67.14,0.395,97.03,37.42,32.09
BATT-018,106,347.92,37.48,192,51.63,0.331,97.0,35.89,34.71
BATT-018,107,349.59,33.99,194,64.98,0.274,96.97,35.09,32.68
BATT-018,108,346.74,35.4,196,65.18,0.425,96.94,35.25,33.4
BATT-018,109,348.27,34.15,198,61.46,0.277,96.91,38.34,31.68
BATT-018,110,347.58,33.41,199,46.86,0.345,96.89,34.14,32.67
BATT-018,111,349.86,36.81,201,55.76,0.179,96.86,34.89,31.26
BATT-018,112,348.54,32.97,203,59.63,0.183,96.82,36.16,31.17
BATT-018,113,348.94,34.76,205,57.57,0.343,96.8,35.56,31.76
BATT-018,114,349.11,35.2,207,45.97,0.311,96.77,37.04,31.31
BATT-018,115,349.51,36.57,209,57.41,0.458,96.75,37.0,33.88
BATT-018,116,349.41,34.33,211,53.4,0.23,96.72,35.79,33.17
BATT-018,117,349.48,31.33,214,62.53,0.34,96.69,37.87,28.83
BATT-018,118,348.62,35.39,215,61.86,0.266,96.67,35.31,34.83
BATT-018,119,349.51,35.24,217,62.12,0.354,96.64,35.73,33.17
BATT-018,120,348.29,37.97,219,56.76,0.348,96.61,38.09,33.9
BATT-018,121,348.48,32.88,221,59.1,0.284,96.59,35.26,31.89
BATT-018,122,347.57,31.44,222,58.48,0.227,96.56,36.96,29.87
BATT-018,123,350.13,34.34,224,64.46,0.259,96.53,38.23,30.09
BATT-018,124,347.98,36.83,226,55.78,0.197,96.51,34.11,34.6
BATT-018,125,349.9,31.07,228,54.44,0.315,96.48,36.41,29.57
BATT-018,126,349.19,32.59,230,64.75,0.061,96.46,37.74,29.8
BATT-018,127,348.91,33.21,231,63.91,0.24,96.43,36.58,31.28
BATT-018,128,349.03,29.5,233,61.78,0.358,96.4,36.96,29.82
BATT-018,129,347.88,33.69,234,68.46,0.356,96.37,37.14,32.65
BATT-018,130,350.0,37.18,236,71.51,0.157,96.34,37.32,32.73
BATT-018,131,348.42,35.11,238,66.36,0.333,96.3,36.26,32.39
BATT-018,132,349.51,34.67,240,54.5,0.195,96.28,37.89,30.8
BATT-018,133,348.25,33.48,242,63.97,0.256,96.24,37.43,32.12
BATT-018,134,347.53,36.65,244,59.64,0.347,96.22,36.08,34.31
BATT-018,135,350.25,31.67,246,55.61,0.208,96.19,36.81,29.44
BATT-018,136,348.17,35.07,247,54.53,0.4,96.16,35.91,33.22
BATT-018,137,349.02,35.32,249,60.6,0.307,96.13,37.59,32.71
BATT-018,138,346.21,32.57,251,63.88,0.323,96.1,37.93,31.29
BATT-018,139,348.57,35.26,253,67.26,0.372,96.08,37.69,31.65
BATT-018,140,349.1,34.75,254,63.03,0.357,96.05,38.08,31.88
BATT-018,141,348.72,32.06,256,62.42,0.35,96.02,37.71,29.83
BATT-018,142,348.52,31.33,258,57.75,0.233,96.0,38.39,28.8
BATT-018,143,348.42,34.65,260,60.28,0.197,95.97,37.55,32.55
BATT-018,144,349.28,29.95,262,50.01,0.263,95.94,38.43,29.27
BATT-018,145,347.53,30.85,264,62.37,0.324,95.91,36.49,29.45
BATT-018,146,348.37,32.48,265,61.57,0.183,95.88,36.43,30.26
BATT-018,147,349.7,33.45,267,70.47,0.333,95.85,37.97,31.4
BATT-018,148,347.35,33.22,269,58.74,0.316,95.82,38.62,30.17
BATT-018,149,348.44,32.74,271,66.13,0.272,95.79,37.72,29.78
BATT-018,150,347.63,34.07,273,56.13,0.291,95.76,38.68,32.24
BATT-018,151,348.75,31.69,275,69.16,0.291,95.73,38.41,30.25
BATT-018,152,348.52,32.64,277,67.68,0.321,95.7,36.11,29.49
BATT-018,153,347.73,33.81,278,65.77,0.346,95.67,40.53,31.22
BATT-018,154,348.49,32.43,280,59.34,0.516,95.64,37.0,30.66
BATT-018,155,348.52,31.81,282,57.65,0.3,95.61,37.37,30.55
BATT-018,156,347.97,32.84,284,56.76,0.235,95.59,39.51,31.12
BATT-018,157,348.11,32.97,286,53.14,0.134,95.57,38.42,30.18
BATT-018,158,347.92,35.68,287,61.79,0.173,95.54,37.69,31.59
BATT-018,159,346.6,30.31,289,57.49,0.225,95.5,38.04,28.12
BATT-018,160,349.16,33.63,290,61.28,0.341,95.47,37.69,32.06
BATT-018,161,349.36,33.32,293,60.0,0.254,95.44,37.82,28.77
BATT-018,162,346.99,29.64,295,52.54,0.319,95.41,39.46,27.62
BATT-018,163,349.35,30.43,296,65.35,0.228,95.38,38.23,28.83
BATT-018,164,348.7,31.41,298,59.56,0.323,95.36,37.7,29.42
BATT-018,165,347.49,30.72,300,64.15,0.356,95.33,38.06,28.78
BATT-018,166,348.19,32.03,301,51.99,0.254,95.31,38.71,28.37
BATT-018,167,347.78,31.99,303,54.4,0.321,95.28,38.17,31.26
BATT-018,168,349.08,31.37,305,56.63,0.251,95.25,38.66,28.38
BATT-018,169,347.59,28.61,307,60.44,0.188,95.22,39.37,26.23
BATT-018,170,350.02,30.86,309,58.36,0.33,95.19,38.59,29.02
BATT-018,171,349.23,34.61,311,67.17,0.319,95.16,38.26,32.55
BATT-018,172,347.32,29.96,313,65.19,0.334,95.14,38.48,27.82
BATT-018,173,349.6,30.48,314,54.6,0.363,95.11,40.62,28.0
BATT-018,174,348.86,30.62,317,76.66,0.266,95.08,41.45,28.67
BATT-018,175,348.15,33.86,318,58.47,0.272,95.05,39.38,31.53
BATT-018,176,348.8,30.22,320,66.73,0.263,95.02,40.11,28.6
BATT-018,177,348.99,32.12,322,57.27,0.314,94.99,38.5,27.54
BATT-018,178,347.63,32.96,324,62.73,0.275,94.96,38.9,29.55
BATT-018,179,348.89,32.25,326,64.68,0.296,94.93,40.0,29.37
BATT-018,180,347.87,31.55,327,49.96,0.228,94.9,37.24,29.6
BATT-018,181,348.86,30.42,329,69.46,0.204,94.87,40.43,27.21
BATT-018,182,348.08,30.58,330,54.29,0.213,94.84,39.14,27.88
BATT-018,183,347.38,32.87,332,56.89,0.319,94.81,38.69,30.35
BATT-018,184,348.68,31.07,334,55.35,0.283,94.78,40.21,29.21
BATT-018,185,347.86,32.41,336,55.58,0.247,94.75,41.31,29.74
BATT-018,186,348.28,32.45,337,55.86,0.339,94.72,39.61,28.37
BATT-018,187,348.47,32.45,339,51.82,0.403,94.7,40.25,29.97
BATT-018,188,349.31,30.89,341,63.55,0.246,94.67,40.46,28.76
BATT-018,189,347.78,29.96,343,59.67,0.199,94.64,40.31,27.46
BATT-018,190,347.44,31.74,344,58.15,0.362,94.61,39.12,29.3
BATT-018,191,349.42,28.65,346,65.08,0.287,94.58,40.4,26.8
BATT-018,192,348.09,32.01,348,69.58,0.271,94.54,40.42,30.36
BATT-018,193,347.64,32.68,350,49.62,0.367,94.52,37.56,29.49
BATT-018,194,348.36,31.07,351,68.72,0.265,94.48,41.2,27.47
BATT-018,195,347.78,32.22,353,58.84,0.318,94.45,38.9,27.56
BATT-018,196,347.84,30.83,355,50.88,0.299,94.43,40.58,27.97
BATT-018,197,350.1,29.96,357,61.46,0.546,94.4,42.02,27.45
BATT-018,198,347.24,32.92,359,58.28,0.275,94.38,40.29,29.62
BATT-018,199,346.87,28.25,360,64.14,0.361,94.35,39.55,26.76
BATT-018,200,348.99,28.29,362,59.85,0.266,94.32,41.21,25.25
BATT-018,201,347.7,30.49,364,61.12,0.322,94.29,42.09,27.05
BATT-018,202,348.25,31.92,366,56.37,0.27,94.27,39.63,28.5
BATT-018,203,348.49,32.89,367,52.81,0.35,94.23,38.44,28.83
BATT-018,204,346.57,29.21,369,63.43,0.278,94.2,42.03,27.41
BATT-018,205,348.87,28.13,371,55.83,0.326,94.18,41.76,26.23
BATT-018,206,347.5,29.23,373,61.4,0.226,94.14,41.35,27.05
BATT-018,207,349.46,27.35,375,67.9,0.222,94.11,39.22,26.07
BATT-018,208,347.29,26.47,377,58.02,0.136,94.08,41.67,23.53
BATT-018,209,349.17,28.72,378,63.18,0.315,94.06,42.15,25.65
BATT-018,210,349.31,30.59,380,58.8,0.234,94.03,43.33,27.63
BATT-018,211,347.51,28.94,381,56.79,0.462,94.0,40.93,26.4
BATT-018,212,347.74,29.68,383,49.61,0.248,93.97,41.43,26.28
BATT-018,213,347.63,31.31,385,58.74,0.386,93.94,39.16,28.34
BATT-018,214,349.09,26.97,387,58.0,0.378,93.92,42.34,25.18
BATT-018,215,348.0,24.71,389,53.76,0.266,93.89,42.37,25.26
BATT-018,216,348.28,29.07,390,46.77,0.227,93.86,41.87,27.0
BATT-018,217,347.73,27.81,392,48.96,0.275,93.84,42.7,25.38
BATT-018,218,348.21,27.76,394,69.69,0.377,93.81,40.78,25.31
BATT-018,219,348.25,30.87,396,59.21,0.469,93.78,41.4,28.66
BATT-018,220,347.33,26.53,398,50.36,0.187,93.75,41.49,24.67
BATT-018,221,349.22,26.67,400,55.37,0.287,93.72,42.82,25.12
BATT-018,222,347.63,28.19,402,59.04,0.238,93.7,42.89,26.82
BATT-018,223,348.61,28.87,403,61.67,0.257,93.67,42.13,26.04
BATT-018,224,346.77,27.48,405,57.58,0.423,93.65,42.12,24.0
BATT-018,225,348.31,29.83,407,71.11,0.225,93.62,42.46,28.68
BATT-018,226,348.61,27.1,409,71.39,0.157,93.58,41.63,24.76
BATT-018,227,347.96,28.72,411,61.28,0.302,93.56,43.38,25.54
BATT-018,228,348.6,28.72,412,56.78,0.316,93.53,41.62,26.51
BATT-018,229,347.16,32.16,414,61.28,0.252,93.5,42.55,29.05
BATT-018,230,348.09,28.62,416,51.01,0.232,93.47,41.57,25.14
BATT-018,231,346.49,27.12,418,64.98,0.299,93.45,43.16,24.33
BATT-018,232,347.82,28.31,419,60.01,0.178,93.42,42.16,26.41
BATT-018,233,347.05,32.46,421,51.74,0.32,93.39,44.38,28.75
BATT-018,234,347.62,27.9,423,55.48,0.258,93.36,42.25,25.77
BATT-018,235,348.77,27.23,425,62.42,0.397,93.33,43.36,25.1
BATT-018,236,349.05,28.98,427,48.99,0.312,93.3,41.85,26.07
BATT-018,237,346.62,24.42,429,53.62,0.274,93.27,42.23,22.33
BATT-018,238,348.63,26.65,430,56.19,0.268,93.24,42.54,24.48
BATT-018,239,348.74,24.65,432,64.83,0.131,93.21,42.98,22.62
BATT-018,240,347.87,27.0,434,69.27,0.276,93.18,41.94,24.78
BATT-018,241,348.69,27.11,436,61.25,0.27,93.15,42.17,24.51
BATT-018,242,347.26,21.71,438,40.02,0.29,93.13,42.87,21.29
BATT-018,243,347.17,27.78,439,52.28,0.271,93.1,43.23,25.48
BATT-018,244,347.17,26.73,441,79.95,0.4,93.07,42.85,26.1
BATT-018,245,348.14,26.84,442,59.93,0.265,93.04,42.76,24.85
BATT-018,246,347.48,25.55,444,43.34,0.219,93.01,41.67,22.81
BATT-018,247,346.97,29.04,445,73.22,0.153,92.98,43.56,26.97
BATT-018,248,347.0,30.99,448,50.96,0.25,92.95,43.96,27.89
BATT-018,249,347.52,28.36,450,62.42,0.202,92.92,44.12,25.61
BATT-018,250,346.83,24.69,452,52.1,0.182,92.89,43.36,24.45
BATT-018,251,348.04,28.04,453,72.19,0.261,92.86,42.66,24.44
BATT-018,252,348.45,28.23,455,50.48,0.377,92.83,43.0,25.58
BATT-018,253,348.26,26.87,457,55.47,0.361,92.81,43.52,25.04
BATT-018,254,349.8,27.46,459,65.27,0.184,92.78,43.4,25.53
BATT-018,255,347.8,25.84,460,55.66,0.289,92.76,42.6,25.53
BATT-018,256,348.81,26.34,462,61.9,0.32,92.74,41.8,23.73
BATT-018,257,347.6,26.63,464,63.97,0.333,92.71,42.98,23.58
BATT-018,258,347.22,26.09,466,60.04,0.414,92.68,43.31,24.37
BATT-018,259,347.52,26.97,468,52.31,0.193,92.66,43.95,25.47
BATT-018,260,347.55,24.95,470,54.26,0.215,92.63,43.28,22.42
BATT-018,261,347.31,27.99,471,56.68,0.233,92.59,43.5,24.4
BATT-018,262,346.53,28.16,473,62.51,0.315,92.56,43.91,24.67
BATT-018,263,346.61,27.2,476,63.85,0.068,92.54,45.41,23.98
BATT-018,264,348.29,31.22,478,60.21,0.268,92.52,43.72,26.8
BATT-018,265,348.04,29.85,480,63.19,0.143,92.48,42.4,26.53
BATT-018,266,348.78,28.85,482,49.43,0.286,92.46,43.31,25.3
BATT-018,267,347.03,29.8,484,60.77,0.452,92.42,45.86,27.32
BATT-018,268,346.95,28.02,486,58.59,0.358,92.4,45.54,25.97
BATT-018,269,346.41,28.38,488,61.95,0.188,92.37,45.09,24.85
BATT-018,270,348.17,25.34,489,63.49,0.253,92.35,44.9,23.92
BATT-018,271,346.6,26.86,491,52.67,0.215,92.32,44.95,24.04
BATT-018,272,347.28,26.99,493,58.32,0.39,92.29,44.05,25.2
BATT-018,273,347.54,26.81,495,66.99,0.11,92.26,45.22,24.07
BATT-018,274,346.03,25.02,497,60.8,0.251,92.23,45.31,22.35
BATT-018,275,347.89,26.62,498,58.38,0.23,92.2,45.31,24.06
BATT-018,276,348.07,28.55,500,51.67,0.192,92.17,43.91,26.17
BATT-018,277,347.47,23.7,502,62.24,0.419,92.14,44.24,20.77
BATT-018,278,347.17,29.83,504,50.64,0.161,92.11,43.97,26.74
BATT-018,279,347.2,26.5,505,57.91,0.191,92.09,45.66,25.5
BATT-018,280,348.34,26.64,507,56.03,0.414,92.06,45.02,24.29
BATT-018,281,347.25,27.06,509,61.34,0.278,92.03,45.16,25.08
BATT-018,282,347.18,28.69,511,55.39,0.272,92.0,45.4,26.1
BATT-018,283,346.64,26.7,512,57.01,0.236,91.97,43.46,24.72
BATT-018,284,344.94,29.77,514,53.52,0.286,91.95,45.8,26.1
BATT-018,285,348.05,28.29,516,57.49,0.252,91.92,44.42,25.96
BATT-018,286,347.16,28.35,518,60.27,0.227,91.89,44.56,24.96
BATT-018,287,346.45,24.49,519,56.9,0.174,91.87,44.22,23.05
BATT-018,288,348.83,26.7,521,57.1,0.289,91.84,45.19,24.58
BATT-018,289,347.49,23.47,523,59.97,0.238,91.82,45.08,21.68
BATT-018,290,346.96,28.22,525,64.99,0.249,91.79,43.81,25.43
BATT-018,291,347.93,25.36,527,63.45,0.339,91.76,43.46,24.15
BATT-018,292,347.4,24.57,529,51.22,0.246,91.73,45.1,23.88
BATT-018,293,347.38,27.58,531,63.59,0.277,91.7,46.16,25.81
BATT-018,294,346.6,25.9,533,67.19,0.42,91.68,46.12,22.94
BATT-018,295,347.63,26.62,535,63.22,0.317,91.65,46.46,25.04
BATT-018,296,347.82,27.04,536,44.5,0.243,91.62,45.3,24.38
BATT-018,297,346.58,26.4,538,60.57,0.198,91.6,45.19,24.65
BATT-018,298,345.53,26.01,540,67.28,0.275,91.57,45.48,25.37
BATT-018,299,347.8,30.95,542,56.29,0.349,91.55,46.44,27.71
BATT-018,300,347.53,28.64,544,76.38,0.239,91.51,47.3,25.6
BATT-018,301,347.69,29.42,545,45.9,0.283,91.49,45.28,27.07
BATT-018,302,347.05,29.59,547,59.86,0.237,91.46,45.53,27.15
BATT-018,303,347.77,28.43,549,63.32,0.253,91.43,45.88,26.24
BATT-018,304,346.47,23.72,551,60.01,0.184,91.4,45.64,22.36
BATT-018,305,346.83,28.5,553,59.9,0.303,91.37,45.37,24.8
BATT-018,306,346.14,25.85,555,52.74,0.293,91.35,45.86,23.56
BATT-018,307,347.89,32.28,556,55.53,0.399,91.33,45.23,29.52
BATT-018,308,346.92,25.66,558,62.42,0.29,91.3,46.8,23.76
BATT-018,309,347.13,25.9,560,46.3,0.224,91.27,47.6,23.06
BATT-018,310,347.28,24.73,562,64.41,0.397,91.24,45.89,21.19
BATT-018,311,346.73,26.39,564,58.3,0.31,91.22,47.89,23.83
BATT-018,312,347.57,28.36,566,62.29,0.296,91.18,46.18,25.61
BATT-018,313,348.23,30.37,568,64.06,0.28,91.15,45.64,27.09
BATT-018,314,347.68,27.0,569,81.36,0.293,91.12,47.09,23.9
BATT-018,315,345.5,30.75,571,67.37,0.212,91.09,45.54,27.31
BATT-018,316,346.96,28.22,572,51.77,0.274,91.06,47.13,25.5
BATT-018,317,346.98,27.63,574,71.95,0.263,91.03,46.82,24.91
BATT-018,318,347.85,28.58,576,42.7,0.309,91.01,46.19,25.94
BATT-018,319,346.41,31.12,577,56.32,0.37,90.99,46.13,27.86
BATT-018,320,346.0,27.82,579,60.02,0.358,90.96,45.82,25.86
BATT-018,321,347.5,27.09,581,57.04,0.321,90.94,47.76,24.17
BATT-018,322,346.8,31.21,583,60.67,0.143,90.91,46.56,26.51
BATT-018,323,346.31,29.3,584,57.97,0.246,90.88,47.14,26.54
BATT-018,324,346.59,26.89,586,66.69,0.135,90.85,46.88,25.69
BATT-018,325,345.66,29.67,588,56.09,0.367,90.82,46.73,27.56
BATT-018,326,346.91,25.67,589,58.29,0.271,90.79,47.32,22.65
BATT-018,327,346.52,28.4,591,69.61,0.269,90.76,47.57,26.67
BATT-018,328,347.18,28.79,593,64.79,0.226,90.73,47.25,27.37
BATT-018,329,346.58,25.09,595,57.96,0.382,90.7,46.97,24.07
BATT-018,330,346.76,26.27,597,61.81,0.289,90.67,46.13,24.08
BATT-018,331,346.36,31.87,599,70.22,0.271,90.64,46.66,27.86
BATT-018,332,346.51,30.04,601,50.67,0.29,90.62,47.0,28.18
BATT-018,333,345.8,31.79,603,52.46,0.297,90.59,47.37,28.51
BATT-018,334,347.52,27.61,605,55.53,0.27,90.57,45.66,25.49
BATT-018,335,346.66,28.9,606,60.28,0.381,90.54,48.07,26.89
BATT-018,336,345.09,30.06,608,64.79,0.381,90.52,47.81,27.15
BATT-018,337,345.4,25.01,610,54.39,0.288,90.49,46.96,24.15
BATT-018,338,347.49,31.07,611,53.33,0.218,90.46,46.67,27.01
BATT-018,339,346.62,29.98,613,51.11,0.307,90.44,46.95,27.04
BATT-018,340,346.63,31.46,615,53.33,0.233,90.41,46.36,28.01
BATT-018,341,346.63,28.24,617,55.05,0.395,90.38,47.39,26.1
BATT-018,342,347.01,31.79,619,46.0,0.406,90.36,47.6,28.9
BATT-018,343,347.84,30.53,620,55.61,0.338,90.33,48.74,27.2
BATT-018,344,346.96,32.02,622,52.68,0.188,90.3,48.34,29.71
BATT-018,345,346.84,29.86,624,58.0,0.243,90.28,49.17,28.33
BATT-018,346,346.13,29.15,626,69.17,0.264,90.25,48.08,27.69
BATT-018,347,345.34,27.54,627,49.42,0.213,90.22,47.1,25.57
BATT-018,348,346.95,28.05,629,65.06,0.256,90.19,49.81,25.43
BATT-018,349,347.0,32.11,631,68.99,0.299,90.17,47.8,29.87
BATT-018,350,347.43,30.76,632,64.77,0.323,90.14,46.61,28.86
BATT-018,351,347.91,30.25,634,61.04,0.384,90.11,48.44,27.18
BATT-018,352,345.6,28.98,636,66.86,0.279,90.08,46.68,27.05
BATT-018,353,346.03,29.87,637,62.78,0.257,90.06,48.23,28.07
BATT-018,354,347.04,29.12,639,65.65,0.178,90.03,47.9,25.79
BATT-018,355,346.5,30.12,640,59.69,0.308,90.0,48.95,27.17
BATT-018,356,347.64,30.03,642,52.62,0.244,89.97,49.43,28.86
BATT-018,357,346.32,30.19,644,65.96,0.264,89.94,48.2,29.13
BATT-018,358,348.07,28.81,646,74.64,0.235,89.91,48.18,27.53
BATT-018,359,346.5,32.91,647,56.94,0.238,89.88,49.39,30.55
BATT-018,360,347.75,33.36,649,59.12,0.338,89.85,47.91,29.78
BATT-018,361,344.51,30.97,651,59.65,0.276,89.83,48.8,27.13
BATT-018,362,346.82,29.58,653,50.17,0.406,89.8,49.32,26.44
BATT-018,363,346.44,33.62,654,53.89,0.191,89.78,48.03,29.31
BATT-018,364,344.74,30.41,657,60.81,0.381,89.75,48.57,27.81
BATT-018,365,346.39,31.1,659,58.42,0.241,89.72,49.03,27.6
BATT-019,1,350.61,29.34,2,70.49,0.387,99.96,32.87,29.28
BATT-019,2,350.99,33.05,4,49.65,0.223,99.93,30.94,30.43
BATT-019,3,348.91,31.93,6,50.19,0.335,99.9,32.31,31.73
BATT-019,4,349.18,34.83,7,58.87,0.344,99.86,34.56,31.16
BATT-019,5,349.98,34.63,9,60.11,0.296,99.83,31.62,31.95
BATT-019,6,350.91,31.9,10,50.97,0.196,99.79,31.78,31.72
BATT-019,7,350.9,36.73,12,66.97,0.208,99.76,33.36,35.08
BATT-019,8,349.86,34.35,13,58.8,0.326,99.72,32.72,32.01
BATT-019,9,350.69,31.9,15,55.33,0.325,99.68,34.56,31.86
BATT-019,10,349.54,34.37,17,59.13,0.261,99.65,32.48,32.39
BATT-019,11,349.2,34.29,19,64.08,0.389,99.61,32.86,31.78
BATT-019,12,348.79,29.47,20,66.47,0.404,99.57,33.18,29.52
BATT-019,13,349.73,35.77,22,57.98,0.403,99.54,31.85,33.0
BATT-019,14,349.55,35.86,24,49.17,0.403,99.5,31.69,33.96
BATT-019,15,350.62,37.37,25,49.27,0.283,99.47,31.66,34.43
BATT-019,16,350.25,34.99,27,48.33,0.177,99.43,29.81,33.19
BATT-019,17,349.83,32.79,28,52.96,0.258,99.39,33.1,31.82
BATT-019,18,349.82,33.56,30,57.05,0.275,99.35,31.95,32.69
BATT-019,19,349.43,36.75,31,58.1,0.234,99.32,32.78,35.04
BATT-019,20,348.32,33.93,33,63.58,0.254,99.28,34.41,32.09
BATT-019,21,348.79,33.79,35,44.38,0.192,99.24,32.51,30.7
BATT-019,22,350.35,37.61,36,56.75,0.341,99.2,34.21,35.87
BATT-019,23,349.6,31.56,38,59.58,0.414,99.17,32.01,31.09
BATT-019,24,348.65,31.89,40,39.97,0.475,99.13,32.97,30.32
BATT-019,25,350.78,33.73,42,59.54,0.304,99.09,35.47,33.22
BATT-019,26,351.03,35.8,43,73.2,0.27,99.05,33.38,33.42
BATT-019,27,350.62,36.16,45,61.46,0.281,99.02,35.15,33.56
BATT-019,28,349.98,37.03,47,58.67,0.393,98.98,36.29,34.25
BATT-019,29,349.86,34.47,48,55.18,0.392,98.94,33.57,32.75
BATT-019,30,349.6,34.16,50,58.22,0.265,98.91,33.4,32.83
BATT-019,31,349.73,33.77,52,66.04,0.38,98.87,31.97,32.25
BATT-019,32,350.09,35.31,53,54.74,0.297,98.83,34.49,33.38
BATT-019,33,350.14,35.56,55,63.98,0.225,98.8,34.64,34.05
BATT-019,34,349.93,38.29,57,59.6,0.272,98.76,35.1,34.65
BATT-019,35,346.93,33.66,58,66.58,0.42,98.72,35.78,32.0
BATT-019,36,350.46,33.46,60,63.35,0.342,98.69,33.43,31.54
BATT-019,37,349.69,36.06,62,57.96,0.244,98.65,36.39,34.79
BATT-019,38,348.43,34.02,63,57.57,0.359,98.61,34.3,32.72
BATT-019,39,349.66,32.85,65,54.94,0.341,98.58,35.01,32.09
BATT-019,40,349.73,31.85,67,62.68,0.259,98.55,34.64,30.85
BATT-019,41,348.22,39.69,69,53.28,0.224,98.5,34.01,35.79
BATT-019,42,348.95,36.72,70,57.5,0.195,98.46,33.66,34.15
BATT-019,43,348.56,36.29,72,55.66,0.153,98.42,35.14,34.6
BATT-019,44,348.66,35.86,74,48.77,0.232,98.39,34.03,34.49
BATT-019,45,349.88,37.47,75,58.14,0.27,98.35,34.85,34.21
BATT-019,46,348.91,35.09,77,47.67,0.385,98.31,34.72,33.9
BATT-019,47,349.47,34.2,79,54.13,0.35,98.29,34.82,33.88
BATT-019,48,349.98,35.07,80,60.82,0.3,98.25,33.44,32.57
BATT-019,49,349.03,32.53,82,57.83,0.134,98.21,32.14,31.43
BATT-019,50,349.98,38.24,84,57.74,0.308,98.18,36.21,37.49
BATT-019,51,350.43,35.16,86,51.63,0.153,98.14,36.57,34.23
BATT-019,52,350.01,36.0,87,63.11,0.354,98.1,32.95,33.56
BATT-019,53,349.8,34.98,89,51.5,0.356,98.06,36.0,33.06
BATT-019,54,349.99,36.92,90,61.06,0.288,98.03,35.86,35.88
BATT-019,55,349.61,37.06,92,64.61,0.35,97.99,34.39,34.56
BATT-019,56,349.96,34.29,94,47.64,0.365,97.95,36.67,33.09
BATT-019,57,348.33,34.36,95,54.38,0.293,97.92,36.98,33.97
BATT-019,58,349.2,35.65,97,53.83,0.273,97.88,36.96,34.93
BATT-019,59,349.56,35.97,99,58.46,0.178,97.85,37.72,33.92
BATT-019,60,349.17,37.0,101,51.16,0.256,97.81,37.03,35.76
BATT-019,61,351.22,39.89,102,49.83,0.204,97.78,35.26,37.76
BATT-019,62,349.06,37.11,104,56.5,0.204,97.74,36.17,33.98
BATT-019,63,347.77,35.61,106,53.45,0.226,97.71,36.6,34.21
BATT-019,64,349.23,38.12,107,55.94,0.127,97.67,37.8,33.43
BATT-019,65,349.84,36.78,109,62.17,0.363,97.64,36.1,34.48
BATT-019,66,348.46,33.65,110,47.11,0.302,97.6,35.78,31.8
BATT-019,67,349.12,37.11,112,56.14,0.377,97.57,34.82,36.42
BATT-019,68,349.08,34.47,113,53.27,0.348,97.53,37.41,32.79
BATT-019,69,349.08,35.39,115,56.96,0.324,97.5,36.81,33.61
BATT-019,70,348.63,37.76,117,53.3,0.348,97.46,35.81,34.97
BATT-019,71,349.97,38.37,119,49.74,0.296,97.42,37.51,36.94
BATT-019,72,350.82,36.08,121,59.18,0.389,97.38,36.46,33.62
BATT-019,73,348.4,36.71,122,73.45,0.243,97.34,35.55,34.64
BATT-019,74,348.01,38.38,124,56.22,0.283,97.31,38.27,35.38
BATT-019,75,348.7,37.04,125,52.46,0.262,97.27,34.94,33.96
BATT-019,76,350.16,37.16,127,52.44,0.446,97.23,37.21,34.8
BATT-019,77,348.81,35.41,128,62.43,0.234,97.2,37.02,32.62
BATT-019,78,349.3,37.38,129,51.56,0.387,97.17,35.55,34.23
BATT-019,79,348.27,39.44,131,64.62,0.175,97.13,37.59,36.88
BATT-019,80,350.41,38.58,133,47.0,0.292,97.09,36.63,36.27
BATT-019,81,348.73,36.83,134,57.97,0.27,97.06,39.07,34.4
BATT-019,82,349.16,37.19,136,60.8,0.203,97.02,38.45,33.56
BATT-019,83,348.31,36.91,138,61.39,0.231,96.99,37.73,34.77
BATT-019,84,348.22,35.66,139,60.97,0.324,96.95,35.1,32.9
BATT-019,85,348.91,36.16,141,58.41,0.257,96.91,37.11,34.81
BATT-019,86,348.99,38.03,143,63.74,0.207,96.87,37.09,34.5
BATT-019,87,349.58,36.93,144,50.87,0.356,96.84,39.0,34.45
BATT-019,88,347.53,36.6,146,52.95,0.283,96.8,38.03,34.92
BATT-019,89,348.11,37.89,148,54.4,0.311,96.76,38.23,35.94
BATT-019,90,348.31,35.39,150,65.72,0.372,96.73,39.0,33.58
BATT-019,91,348.94,38.61,151,59.62,0.408,96.69,39.68,36.57
BATT-019,92,347.93,39.06,153,60.91,0.101,96.66,39.57,36.83
BATT-019,93,348.74,40.27,154,55.74,0.276,96.62,38.73,38.44
BATT-019,94,348.29,36.02,156,61.72,0.15,96.58,37.97,35.58
BATT-019,95,348.68,41.14,158,47.51,0.502,96.55,38.74,37.34
BATT-019,96,348.16,38.89,160,54.37,0.296,96.51,38.34,36.59
BATT-019,97,347.96,37.71,162,55.51,0.362,96.47,39.23,35.41
BATT-019,98,348.98,35.27,164,53.97,0.234,96.43,37.94,33.29
BATT-019,99,349.63,39.39,165,54.89,0.256,96.39,39.49,36.45
BATT-019,100,349.38,37.54,167,60.1,0.372,96.36,38.7,35.46
BATT-019,101,349.6,39.49,169,58.25,0.325,96.32,39.1,37.77
BATT-019,102,349.68,37.97,171,63.98,0.418,96.28,37.59,36.19
BATT-019,103,348.56,39.93,172,44.3,0.217,96.24,38.59,36.65
BATT-019,104,350.17,36.42,174,65.75,0.267,96.2,39.38,34.19
BATT-019,105,349.26,37.4,176,52.92,0.325,96.16,38.82,35.41
BATT-019,106,347.88,33.73,178,64.71,0.337,96.12,36.73,32.14
BATT-019,107,348.1,37.55,179,54.31,0.318,96.09,37.9,35.84
BATT-019,108,348.74,39.93,181,59.04,0.178,96.05,39.54,36.82
BATT-019,109,349.31,38.17,182,50.36,0.209,96.01,40.77,37.06
BATT-019,110,348.41,37.12,184,49.52,0.312,95.98,39.09,34.42
BATT-019,111,347.8,34.94,186,60.31,0.161,95.94,38.9,32.21
BATT-019,112,349.2,36.34,188,40.83,0.213,95.91,40.51,34.1
BATT-019,113,347.66,36.61,189,49.53,0.287,95.87,39.53,34.77
BATT-019,114,348.79,36.02,191,61.42,0.222,95.84,40.33,35.47
BATT-019,115,348.57,34.48,193,54.33,0.303,95.8,39.35,31.79
BATT-019,116,347.44,35.08,194,51.53,0.277,95.76,39.32,34.65
BATT-019,117,349.92,35.42,196,65.96,0.221,95.72,40.62,33.22
BATT-019,118,348.5,39.0,198,68.06,0.223,95.68,40.54,36.92
BATT-019,119,347.53,34.01,200,56.82,0.386,95.64,39.62,31.22
BATT-019,120,348.5,37.34,202,64.46,0.315,95.6,38.89,36.21
BATT-019,121,347.06,35.5,203,65.92,0.304,95.56,38.41,34.42
BATT-019,122,348.72,34.12,205,56.72,0.289,95.53,38.61,31.56
BATT-019,123,349.11,38.96,207,53.75,0.212,95.49,39.58,37.11
BATT-019,124,350.57,36.59,208,57.35,0.239,95.46,40.59,36.58
BATT-019,125,348.48,38.41,210,48.09,0.092,95.42,38.67,36.39
BATT-019,126,347.86,38.46,211,60.23,0.233,95.38,38.8,34.62
BATT-019,127,348.54,36.01,213,54.84,0.235,95.35,40.84,33.44
BATT-019,128,349.51,35.34,215,57.16,0.328,95.32,42.09,34.5
BATT-019,129,348.75,37.68,216,57.07,0.236,95.28,41.68,35.18
BATT-019,130,349.0,36.52,218,51.73,0.347,95.24,38.82,33.51
BATT-019,131,348.93,33.3,219,56.6,0.263,95.21,41.11,32.99
BATT-019,132,348.72,36.72,221,48.66,0.296,95.18,41.73,34.98
BATT-019,133,347.18,37.81,223,53.92,0.282,95.14,40.34,34.49
BATT-019,134,347.12,36.04,224,50.14,0.34,95.1,40.67,35.54
BATT-019,135,347.01,38.13,226,51.56,0.381,95.07,41.3,36.39
BATT-019,136,347.3,37.15,228,43.27,0.205,95.03,41.52,35.34
BATT-019,137,347.38,33.89,230,54.24,0.425,95.0,41.48,32.28
BATT-019,138,349.72,37.34,231,59.73,0.216,94.96,41.89,33.94
BATT-019,139,347.66,37.74,233,57.89,0.269,94.92,41.46,34.49
BATT-019,140,348.29,36.8,235,63.32,0.242,94.88,40.68,35.08
BATT-019,141,348.0,36.11,236,51.1,0.405,94.85,40.92,35.1
BATT-019,142,348.34,36.97,238,53.95,0.199,94.81,40.65,33.67
BATT-019,143,348.23,35.77,240,62.32,0.342,94.77,41.04,32.97
BATT-019,144,347.15,37.18,242,56.3,0.108,94.74,42.12,35.17
BATT-019,145,348.62,36.85,243,57.93,0.349,94.7,40.86,34.17
BATT-019,146,347.59,36.64,245,69.5,0.269,94.66,42.77,33.97
BATT-019,147,347.55,33.58,247,55.29,0.254,94.63,40.78,32.43
BATT-019,148,347.86,38.02,249,53.91,0.229,94.59,42.03,36.58
BATT-019,149,348.74,35.78,250,50.86,0.279,94.56,42.71,33.75
BATT-019,150,347.58,33.28,252,55.08,0.256,94.53,42.39,33.19
BATT-019,151,348.14,35.32,254,62.95,0.165,94.49,40.17,33.64
BATT-019,152,348.38,34.24,255,60.26,0.221,94.45,42.21,33.01
BATT-019,153,348.25,33.41,256,65.41,0.348,94.42,41.4,31.21
BATT-019,154,348.2,34.43,258,58.98,0.252,94.38,40.88,33.53
BATT-019,155,346.9,33.3,260,43.37,0.221,94.35,42.49,30.85
BATT-019,156,348.11,35.37,261,60.59,0.288,94.31,41.09,33.12
BATT-019,157,347.26,32.44,263,57.44,0.323,94.27,42.65,30.51
BATT-019,158,346.58,32.1,264,56.83,0.336,94.24,43.92,29.61
BATT-019,159,347.6,36.31,266,64.13,0.311,94.2,42.84,33.7
BATT-019,160,347.54,32.85,267,55.17,0.381,94.17,42.36,31.06
BATT-019,161,350.31,35.36,269,60.3,0.288,94.13,42.5,33.3
BATT-019,162,348.71,34.19,271,50.36,0.265,94.09,43.64,32.84
BATT-019,163,348.55,34.08,272,47.71,0.354,94.06,42.48,32.74
BATT-019,164,347.58,35.12,274,53.23,0.228,94.02,42.39,31.52
BATT-019,165,347.75,34.02,276,54.94,0.252,93.98,41.99,32.19
BATT-019,166,349.94,33.36,277,60.11,0.157,93.94,42.1,31.34
BATT-019,167,347.36,35.63,279,50.23,0.429,93.91,43.95,33.68
BATT-019,168,348.06,33.87,280,65.86,0.451,93.87,42.64,31.47
BATT-019,169,349.31,33.24,282,51.03,0.27,93.83,43.75,31.75
BATT-019,170,347.25,34.76,284,56.29,0.345,93.8,43.9,33.18
BATT-019,171,347.93,34.02,285,56.89,0.34,93.76,42.38,31.06
BATT-019,172,347.79,29.78,287,58.61,0.299,93.72,42.6,29.24
BATT-019,173,347.08,32.48,289,59.52,0.381,93.69,44.03,30.27
BATT-019,174,348.4,34.58,291,70.39,0.183,93.65,43.66,33.37
BATT-019,175,346.87,31.86,293,53.2,0.269,93.62,43.4,31.85
BATT-019,176,348.37,34.04,294,58.7,0.117,93.58,44.11,32.09
BATT-019,177,348.09,32.9,296,56.32,0.203,93.55,44.72,32.03
BATT-019,178,348.45,34.89,297,62.72,0.154,93.51,43.73,34.2
BATT-019,179,347.56,32.96,299,59.51,0.137,93.48,43.27,28.34
BATT-019,180,348.02,33.76,301,58.14,0.245,93.44,44.01,31.19
BATT-019,181,348.51,33.95,303,47.86,0.313,93.4,43.16,31.36
BATT-019,182,346.55,33.18,304,54.1,0.231,93.37,44.18,31.21
BATT-019,183,346.7,33.2,306,50.96,0.241,93.32,44.11,32.37
BATT-019,184,348.12,34.2,308,54.14,0.225,93.29,43.36,32.34
BATT-019,185,348.3,32.38,310,51.86,0.295,93.25,43.83,30.71
BATT-019,186,347.74,28.53,312,53.71,0.236,93.22,43.97,28.43
BATT-019,187,348.35,38.48,314,54.35,0.204,93.19,45.09,34.66
BATT-019,188,347.31,32.76,315,54.46,0.359,93.15,43.54,30.82
BATT-019,189,348.6,32.08,317,55.05,0.214,93.12,43.67,30.89
BATT-019,190,347.52,34.73,319,51.25,0.182,93.09,44.17,32.59
BATT-019,191,346.94,30.68,320,57.04,0.343,93.05,45.17,30.03
BATT-019,192,348.7,33.58,322,51.41,0.15,93.02,45.39,32.49
BATT-019,193,348.2,33.59,324,53.23,0.383,92.98,44.99,30.03
BATT-019,194,347.17,34.67,326,56.52,0.202,92.94,45.52,33.16
BATT-019,195,347.17,33.04,328,41.33,0.291,92.91,46.02,31.03
BATT-019,196,347.98,31.4,329,71.77,0.205,92.86,45.09,29.27
BATT-019,197,346.69,35.34,331,59.97,0.285,92.83,44.2,33.49
BATT-019,198,347.73,32.54,333,58.74,0.243,92.79,45.0,31.05
BATT-019,199,347.33,33.47,334,53.69,0.206,92.76,43.77,29.17
BATT-019,200,347.63,29.19,336,57.38,0.156,92.73,45.58,27.91
BATT-019,201,345.82,32.13,338,49.56,0.241,92.69,44.77,31.0
BATT-019,202,346.7,34.48,340,59.76,0.322,92.65,45.44,31.96
BATT-019,203,347.61,31.14,342,46.72,0.338,92.61,45.32,30.4
BATT-019,204,348.24,33.3,343,49.21,0.227,92.56,45.09,30.25
BATT-019,205,347.28,33.85,345,52.56,0.227,92.52,45.77,32.03
BATT-019,206,347.95,32.68,347,65.88,0.27,92.49,45.49,30.53
BATT-019,207,346.17,30.9,348,50.21,0.284,92.45,45.05,28.58
BATT-019,208,346.99,30.27,350,58.82,0.284,92.41,44.65,28.58
BATT-019,209,347.56,33.21,352,44.44,0.25,92.38,46.17,30.27
BATT-019,210,347.27,32.81,354,56.97,0.255,92.34,44.67,30.13
BATT-019,211,347.91,33.49,355,67.23,0.261,92.3,47.75,30.95
BATT-019,212,347.09,30.32,357,59.82,0.091,92.26,47.31,29.81
BATT-019,213,347.08,31.89,359,44.38,0.252,92.23,44.48,30.21
BATT-019,214,347.79,31.57,361,57.08,0.347,92.2,46.76,29.66
BATT-019,215,346.83,34.28,362,54.03,0.396,92.16,47.34,30.52
BATT-019,216,346.52,30.75,363,64.18,0.378,92.13,45.68,30.13
BATT-019,217,347.6,29.96,365,56.22,0.291,92.09,46.68,28.57
BATT-019,218,346.45,31.73,367,48.18,0.189,92.06,46.26,28.62
BATT-019,219,348.34,30.42,369,56.0,0.24,92.02,47.14,29.33
BATT-019,220,345.72,30.32,370,52.64,0.223,91.98,46.07,28.96
BATT-019,221,346.94,34.4,372,43.86,0.171,91.95,47.61,30.7
BATT-019,222,348.47,31.39,373,55.77,0.209,91.91,46.51,29.0
BATT-019,223,348.74,29.37,375,56.85,0.226,91.87,46.4,26.49
BATT-019,224,347.07,29.55,376,59.11,0.173,91.84,47.43,26.8
BATT-019,225,348.01,30.3,378,62.92,0.359,91.8,47.75,28.16
BATT-019,226,347.74,31.67,379,55.13,0.333,91.76,44.58,29.55
BATT-019,227,346.71,30.24,381,47.81,0.28,91.73,44.08,27.33
BATT-019,228,347.47,30.52,383,51.8,0.315,91.69,47.39,29.34
BATT-019,229,346.39,30.93,385,56.71,0.309,91.66,46.45,27.17
BATT-019,230,345.82,30.0,387,64.11,0.226,91.62,45.85,28.51
BATT-019,231,347.46,31.89,389,56.84,0.428,91.59,46.85,28.84
BATT-019,232,347.5,28.99,391,56.03,0.223,91.56,50.2,26.46
BATT-019,233,346.09,30.2,393,55.4,0.151,91.53,46.02,28.72
BATT-019,234,346.91,33.02,395,56.77,0.297,91.49,48.29,30.51
BATT-019,235,346.06,29.9,396,68.28,0.329,91.46,46.71,27.74
BATT-019,236,346.63,28.37,398,56.31,0.26,91.42,46.09,28.11
BATT-019,237,346.63,30.27,400,55.24,0.384,91.38,46.99,28.33
BATT-019,238,347.56,28.83,402,57.05,0.299,91.35,46.24,28.05
BATT-019,239,346.56,30.44,403,52.76,0.219,91.31,46.16,27.91
BATT-019,240,345.94,29.64,405,47.45,0.237,91.28,47.06,27.75
BATT-019,241,348.31,28.35,407,46.38,0.296,91.24,46.76,25.44
BATT-019,242,347.32,29.77,408,52.46,0.291,91.21,47.77,28.44
BATT-019,243,347.63,26.84,410,63.91,0.381,91.18,48.14,26.11
BATT-019,244,347.39,29.2,412,63.82,0.351,91.14,47.25,28.25
BATT-019,245,347.64,32.75,413,50.12,0.159,91.11,48.73,28.7
BATT-019,246,347.23,33.28,415,55.87,0.271,91.07,47.5,28.23
BATT-019,247,347.24,30.29,416,57.61,0.185,91.04,48.07,26.26
BATT-019,248,346.95,28.51,418,52.47,0.401,91.0,46.11,28.03
BATT-019,249,346.49,27.85,420,64.67,0.206,90.97,48.43,27.2
BATT-019,250,347.53,27.57,421,61.39,0.3,90.93,50.67,26.61
BATT-019,251,346.6,33.36,423,58.98,0.228,90.89,49.28,30.56
BATT-019,252,346.89,30.23,425,57.23,0.126,90.86,48.38,26.09
BATT-019,253,347.08,31.09,427,47.44,0.184,90.82,47.46,28.16
BATT-019,254,347.14,31.9,429,64.96,0.264,90.78,50.31,29.68
BATT-019,255,345.95,29.04,431,60.3,0.33,90.75,48.59,27.94
BATT-019,256,346.91,28.16,432,59.27,0.327,90.71,48.14,26.42
BATT-019,257,345.92,28.61,433,52.39,0.178,90.68,48.22,26.5
BATT-019,258,346.87,28.12,435,52.91,0.309,90.65,51.0,25.21
BATT-019,259,347.34,28.95,437,59.79,0.36,90.61,48.88,27.42
BATT-019,260,348.14,29.89,439,63.43,0.325,90.57,49.52,27.46
BATT-019,261,347.15,29.18,440,67.17,0.255,90.53,48.93,26.87
BATT-019,262,347.36,31.5,442,52.41,0.288,90.49,49.14,29.37
BATT-019,263,345.79,28.79,444,55.87,0.296,90.45,48.86,27.16
BATT-019,264,347.08,27.03,445,44.25,0.396,90.42,50.76,24.88
BATT-019,265,345.74,31.4,447,42.05,0.42,90.39,49.44,29.47
BATT-019,266,347.58,26.71,449,59.96,0.336,90.35,48.06,25.46
BATT-019,267,345.76,30.91,451,51.7,0.288,90.32,49.92,28.0
BATT-019,268,345.82,31.78,453,44.98,0.282,90.29,49.46,28.18
BATT-019,269,347.19,29.3,454,49.84,0.29,90.25,50.03,27.1
BATT-019,270,347.92,30.59,456,58.88,0.301,90.21,49.38,28.61
BATT-019,271,347.41,30.11,458,59.12,0.243,90.18,49.24,27.33
BATT-019,272,346.27,28.88,460,47.0,0.442,90.15,50.73,26.67
BATT-019,273,345.75,27.24,461,64.24,0.221,90.11,51.76,24.08
BATT-019,274,346.18,26.74,463,52.64,0.388,90.07,48.1,24.61
BATT-019,275,346.61,33.95,465,58.47,0.108,90.04,50.1,31.33
BATT-019,276,346.44,32.07,466,57.04,0.262,90.01,49.54,28.31
BATT-019,277,345.67,32.38,468,56.75,0.257,89.97,49.23,29.09
BATT-019,278,347.51,32.85,470,51.2,0.303,89.94,48.05,30.98
BATT-019,279,347.51,29.79,472,56.67,0.255,89.91,50.62,26.68
BATT-019,280,347.96,27.97,473,58.43,0.395,89.87,49.85,27.02
BATT-019,281,345.11,26.58,475,55.62,0.265,89.83,49.86,24.76
BATT-019,282,345.78,29.67,477,57.42,0.202,89.79,51.67,26.81
BATT-019,283,346.61,30.33,478,63.43,0.207,89.75,50.1,26.78
BATT-019,284,346.41,27.95,480,53.99,0.246,89.72,50.11,26.68
BATT-019,285,346.03,30.85,482,60.74,0.342,89.68,49.33,28.85
BATT-019,286,345.69,30.39,483,55.56,0.357,89.64,49.83,28.36
BATT-019,287,345.57,30.61,485,65.37,0.188,89.61,52.26,28.68
BATT-019,288,347.97,26.3,487,48.38,0.22,89.57,51.47,25.49
BATT-019,289,345.2,29.9,488,64.64,0.199,89.53,52.22,27.37
BATT-019,290,345.08,28.61,490,53.63,0.261,89.5,50.16,27.86
BATT-019,291,345.36,33.33,492,69.49,0.361,89.45,51.44,30.17
BATT-019,292,346.45,30.94,493,59.43,0.298,89.42,52.19,27.56
BATT-019,293,346.06,28.55,495,61.92,0.328,89.38,51.79,27.16
BATT-019,294,346.6,29.82,497,55.85,0.344,89.34,52.85,29.06
BATT-019,295,345.69,29.06,498,60.9,0.237,89.31,51.74,27.06
BATT-019,296,346.32,29.69,500,60.9,0.182,89.27,51.4,28.18
BATT-019,297,346.3,29.98,502,55.96,0.237,89.24,49.1,28.16
BATT-019,298,347.48,28.87,503,61.4,0.35,89.21,51.94,26.75
BATT-019,299,347.63,27.61,505,36.65,0.332,89.17,52.19,26.52
BATT-019,300,346.07,31.15,506,52.95,0.291,89.13,52.81,27.46
BATT-019,301,346.87,28.28,508,56.95,0.36,89.09,50.93,26.89
BATT-019,302,346.3,28.28,510,59.83,0.296,89.05,51.77,25.32
BATT-019,303,346.77,29.82,512,62.65,0.258,89.01,50.28,28.68
BATT-019,304,346.45,30.58,513,55.3,0.159,88.98,50.32,28.49
BATT-019,305,346.72,29.03,515,54.48,0.386,88.94,52.51,26.55
BATT-019,306,346.8,28.61,517,62.05,0.277,88.91,53.33,26.44
BATT-019,307,346.44,30.24,518,63.73,0.248,88.87,53.43,28.47
BATT-019,308,346.2,31.94,520,61.26,0.276,88.84,52.62,30.4
BATT-019,309,346.91,30.96,522,55.9,0.404,88.8,54.3,29.35
BATT-019,310,345.96,31.0,524,72.11,0.364,88.76,51.93,29.65
BATT-019,311,345.59,29.79,525,57.29,0.255,88.73,53.28,27.44
BATT-019,312,344.8,32.41,527,58.12,0.322,88.69,51.13,28.56
BATT-019,313,346.37,30.16,528,66.62,0.382,88.65,49.37,27.78
BATT-019,314,346.57,29.55,530,65.99,0.312,88.62,52.1,26.93
BATT-019,315,344.62,31.46,532,61.06,0.294,88.58,52.53,28.35
BATT-019,316,345.5,28.38,534,51.41,0.117,88.55,52.95,26.8
BATT-019,317,346.58,27.25,535,57.49,0.384,88.5,52.6,27.03
BATT-019,318,345.85,29.56,537,59.92,0.202,88.46,53.22,27.53
BATT-019,319,345.99,30.62,539,68.53,0.135,88.42,54.67,27.74
BATT-019,320,346.66,32.28,541,74.52,0.14,88.38,53.74,28.25
BATT-019,321,345.84,26.29,543,53.22,0.216,88.35,52.3,25.24
BATT-019,322,346.21,30.12,544,61.93,0.323,88.3,50.63,26.99
BATT-019,323,345.03,33.08,546,51.93,0.377,88.27,52.13,30.8
BATT-019,324,346.16,30.12,547,56.07,0.312,88.23,54.62,28.48
BATT-019,325,344.8,30.37,549,51.61,0.423,88.2,52.83,29.39
BATT-019,326,344.82,30.66,551,66.83,0.252,88.16,54.09,29.22
BATT-019,327,345.44,31.09,553,58.25,0.266,88.11,54.13,28.49
BATT-019,328,346.27,30.63,554,58.58,0.135,88.08,53.49,27.38
BATT-019,329,345.86,27.24,556,57.11,0.238,88.04,53.53,27.93
BATT-019,330,345.17,34.29,558,59.08,0.121,88.0,53.02,31.75
BATT-019,331,346.49,29.52,559,59.28,0.177,87.97,55.97,28.07
BATT-019,332,346.03,33.06,561,52.71,0.335,87.93,52.86,31.51
BATT-019,333,346.6,30.81,562,46.69,0.149,87.89,55.01,28.36
BATT-019,334,345.04,32.51,564,48.85,0.157,87.85,54.79,28.57
BATT-019,335,346.88,30.53,566,47.15,0.144,87.82,54.63,29.22
BATT-019,336,346.99,30.83,567,57.99,0.346,87.79,53.95,28.9
BATT-019,337,346.44,28.27,569,51.92,0.415,87.75,52.66,27.82
BATT-019,338,346.09,31.73,571,62.7,0.278,87.72,53.06,29.26
BATT-019,339,346.09,28.47,573,58.26,0.36,87.68,53.49,27.14
BATT-019,340,345.94,33.56,575,45.81,0.191,87.65,54.7,29.95
BATT-019,341,344.56,32.19,577,54.36,0.383,87.61,55.29,29.81
BATT-019,342,345.17,32.37,578,44.08,0.227,87.57,54.77,30.63
BATT-019,343,345.56,30.6,580,49.95,0.338,87.54,54.78,28.85
BATT-019,344,344.8,33.16,582,53.88,0.282,87.5,55.63,30.77
BATT-019,345,346.76,33.09,584,51.15,0.131,87.47,52.55,30.37
BATT-019,346,346.0,30.84,585,68.13,0.213,87.43,52.5,29.98
BATT-019,347,347.02,34.7,587,61.31,0.298,87.4,53.22,32.82
BATT-019,348,346.21,32.65,588,54.85,0.136,87.36,55.76,30.63
BATT-019,349,344.44,31.53,590,65.38,0.308,87.32,52.91,29.29
BATT-019,350,346.59,35.69,591,50.97,0.171,87.28,54.98,32.36
BATT-019,351,345.17,31.48,593,54.83,0.327,87.24,54.15,30.88
BATT-019,352,346.61,35.83,595,61.94,0.175,87.2,55.28,32.85
BATT-019,353,346.72,29.86,596,50.12,0.32,87.17,55.04,27.47
BATT-019,354,346.58,31.4,598,60.93,0.35,87.13,55.51,29.87
BATT-019,355,346.34,32.77,600,58.58,0.271,87.09,54.92,29.94
BATT-019,356,345.82,29.26,601,60.35,0.278,87.05,56.1,27.62
BATT-019,357,345.45,30.98,603,67.6,0.403,87.02,56.93,30.77
BATT-019,358,346.95,28.62,605,59.55,0.222,86.97,56.8,30.03
BATT-019,359,345.65,28.47,607,57.57,0.241,86.94,55.24,27.66
BATT-019,360,345.11,31.06,608,47.83,0.335,86.91,54.8,29.58
BATT-019,361,345.76,35.07,610,58.08,0.318,86.87,55.92,32.87
BATT-019,362,346.31,34.85,611,53.94,0.265,86.83,57.78,32.23
BATT-019,363,346.27,31.63,613,56.08,0.187,86.79,55.81,29.86
BATT-019,364,344.49,30.51,615,53.98,0.362,86.75,56.78,29.89
BATT-019,365,346.21,34.01,617,59.77,0.185,86.71,56.79,32.36
BATT-020,1,350.45,33.71,2,55.17,0.278,99.97,31.4,31.68
BATT-020,2,350.55,31.15,3,52.78,0.179,99.94,31.21,30.2
BATT-020,3,349.99,29.88,5,47.03,0.064,99.92,30.35,29.55
BATT-020,4,349.15,33.72,7,51.69,0.069,99.89,34.19,33.0
BATT-020,5,349.83,33.68,8,43.48,0.153,99.86,31.88,33.22
BATT-020,6,349.99,35.16,10,62.62,0.055,99.83,32.32,33.35
BATT-020,7,348.62,31.71,11,53.36,0.0,99.8,31.07,29.1
BATT-020,8,348.24,32.02,12,58.69,0.099,99.77,30.65,30.81
BATT-020,9,348.94,33.72,14,50.3,0.0,99.74,33.05,31.28
BATT-020,10,348.34,34.35,15,61.27,0.121,99.71,30.93,33.52
BATT-020,11,349.5,33.85,17,53.41,0.143,99.68,33.64,32.54
BATT-020,12,349.26,34.25,18,59.64,0.071,99.65,34.19,31.06
BATT-020,13,349.94,32.94,20,56.61,0.184,99.62,31.67,31.71
BATT-020,14,350.43,35.08,21,53.0,0.16,99.59,32.04,32.61
BATT-020,15,350.08,33.41,23,59.2,0.01,99.57,30.0,32.72
BATT-020,16,350.18,35.58,24,78.31,0.095,99.54,30.86,34.19
BATT-020,17,350.59,34.47,26,46.42,0.05,99.51,33.28,33.92
BATT-020,18,349.56,35.14,27,52.48,0.066,99.48,33.95,33.67
BATT-020,19,347.72,32.37,29,45.44,0.184,99.45,31.97,30.72
BATT-020,20,348.41,33.04,31,55.69,0.142,99.43,32.16,30.88
BATT-020,21,350.19,31.34,32,54.56,0.035,99.4,31.26,30.51
BATT-020,22,349.94,33.94,34,64.86,0.11,99.37,31.77,32.7
BATT-020,23,350.32,34.02,36,51.66,0.031,99.34,34.28,31.42
BATT-020,24,352.03,33.28,37,58.91,0.053,99.31,33.31,33.08
BATT-020,25,349.93,32.29,39,40.72,0.215,99.29,31.25,33.36
BATT-020,26,349.66,33.44,40,54.11,0.296,99.26,33.67,32.69
BATT-020,27,350.01,35.76,42,47.98,0.234,99.23,35.52,33.74
BATT-020,28,348.77,33.01,43,56.76,0.114,99.2,32.81,31.52
BATT-020,29,350.31,30.78,45,60.11,0.107,99.17,32.6,30.33
BATT-020,30,349.56,33.03,46,49.6,0.173,99.14,33.89,31.55
BATT-020,31,351.04,34.96,48,56.45,0.1,99.12,34.35,33.92
BATT-020,32,348.4,35.33,49,51.06,0.0,99.09,34.22,35.49
BATT-020,33,349.68,36.07,50,53.49,0.237,99.07,33.13,35.01
BATT-020,34,349.16,34.7,52,55.67,0.0,99.04,33.08,32.55
BATT-020,35,348.8,35.48,54,47.18,0.189,99.01,31.83,34.35
BATT-020,36,350.14,30.78,56,47.21,0.153,98.98,32.37,30.89
BATT-020,37,349.38,38.48,57,58.41,0.241,98.95,34.02,35.35
BATT-020,38,350.69,34.28,59,49.14,0.161,98.93,33.16,33.87
BATT-020,39,349.19,36.11,60,60.88,0.045,98.9,34.0,34.33
BATT-020,40,349.29,32.57,62,42.55,0.179,98.87,33.56,30.33
BATT-020,41,351.21,35.77,63,58.81,0.063,98.84,33.92,33.95
BATT-020,42,348.5,37.25,64,53.25,0.014,98.81,33.92,36.07
BATT-020,43,348.95,33.4,66,52.64,0.0,98.78,34.7,33.81
BATT-020,44,347.09,35.86,68,54.09,0.082,98.75,34.86,33.28
BATT-020,45,349.2,33.32,69,44.53,0.0,98.73,34.04,33.08
BATT-020,46,350.1,34.81,70,59.94,0.207,98.7,33.9,32.44
BATT-020,47,349.86,36.22,72,50.62,0.0,98.67,34.12,33.7
BATT-020,48,349.64,31.98,73,48.2,0.062,98.64,33.42,31.79
BATT-020,49,348.81,34.51,75,66.19,0.065,98.61,35.35,34.34
BATT-020,50,349.35,36.39,76,51.11,0.106,98.58,33.76,35.37
BATT-020,51,349.17,35.44,78,48.02,0.023,98.55,34.22,33.11
BATT-020,52,349.48,35.18,80,58.08,0.183,98.52,34.6,34.38
BATT-020,53,349.61,35.25,81,54.78,0.105,98.49,34.8,33.75
BATT-020,54,349.18,35.38,83,59.26,0.091,98.46,34.81,34.48
BATT-020,55,349.47,37.49,85,53.7,0.04,98.43,34.46,35.29
BATT-020,56,349.36,35.36,87,58.93,0.136,98.4,36.3,34.59
BATT-020,57,348.89,35.98,88,65.52,0.204,98.36,34.79,35.3
BATT-020,58,349.48,35.2,89,48.66,0.308,98.34,34.5,34.83
BATT-020,59,348.39,35.72,91,50.45,0.017,98.31,36.61,35.38
BATT-020,60,349.54,37.07,93,43.59,0.081,98.28,34.08,34.6
BATT-020,61,348.5,35.7,94,55.48,0.0,98.25,36.71,34.65
BATT-020,62,349.36,35.69,96,53.95,0.146,98.22,32.97,35.23
BATT-020,63,349.74,33.85,97,60.78,0.0,98.19,34.62,34.12
BATT-020,64,348.62,36.07,98,53.03,0.114,98.16,33.4,34.93
BATT-020,65,350.17,33.54,100,52.7,0.191,98.13,33.76,32.95
BATT-020,66,350.77,32.0,102,54.38,0.059,98.1,35.63,31.6
BATT-020,67,348.81,35.12,103,51.8,0.017,98.08,35.51,34.49
BATT-020,68,349.2,34.71,105,55.41,0.197,98.05,34.67,33.18
BATT-020,69,350.28,37.55,106,54.56,0.149,98.02,36.97,37.3
BATT-020,70,347.86,34.33,108,56.44,0.002,97.99,36.52,33.23
BATT-020,71,349.31,37.89,109,51.84,0.103,97.95,35.4,35.6
BATT-020,72,349.03,34.26,111,56.5,0.024,97.93,33.69,33.41
BATT-020,73,349.98,34.8,112,56.91,0.177,97.9,36.51,34.46
BATT-020,74,349.06,35.3,114,51.24,0.102,97.87,35.12,32.84
BATT-020,75,349.61,34.04,115,52.71,0.214,97.84,35.95,32.72
BATT-020,76,348.58,36.22,117,52.15,0.017,97.81,36.5,34.99
BATT-020,77,349.99,35.91,119,45.84,0.11,97.79,35.35,33.98
BATT-020,78,348.32,37.03,120,50.29,0.091,97.75,37.08,35.71
BATT-020,79,349.9,37.96,121,57.77,0.112,97.73,35.48,36.48
BATT-020,80,349.26,32.07,123,58.28,0.047,97.7,36.45,32.23
BATT-020,81,347.3,36.78,125,55.23,0.0,97.67,36.72,36.21
BATT-020,82,349.22,36.41,127,47.12,0.146,97.64,36.93,33.14
BATT-020,83,349.65,34.46,128,59.08,0.096,97.61,37.81,34.1
BATT-020,84,348.17,33.98,130,64.31,0.025,97.58,35.29,32.5
BATT-020,85,348.47,35.71,131,56.76,0.052,97.56,35.03,32.56
BATT-020,86,349.2,33.8,133,53.19,0.0,97.52,35.9,31.71
BATT-020,87,348.71,35.72,134,48.02,0.0,97.5,39.31,34.02
BATT-020,88,349.38,35.33,136,53.12,0.175,97.47,37.67,34.73
BATT-020,89,348.94,34.87,138,50.23,0.138,97.44,35.82,34.08
BATT-020,90,348.04,33.06,139,52.01,0.0,97.42,36.07,31.96
BATT-020,91,350.95,33.45,141,60.94,0.294,97.39,36.46,31.71
BATT-020,92,348.8,37.34,142,58.5,0.002,97.35,36.8,34.66
BATT-020,93,349.16,37.35,144,51.14,0.149,97.33,37.22,35.83
BATT-020,94,350.47,35.85,145,53.73,0.092,97.3,37.31,35.02
BATT-020,95,349.73,38.75,147,53.17,0.0,97.27,37.88,37.44
BATT-020,96,349.47,36.51,148,50.6,0.12,97.25,38.73,34.58
BATT-020,97,349.87,36.85,150,45.14,0.077,97.22,36.63,35.11
BATT-020,98,349.46,35.75,151,58.17,0.041,97.19,36.61,34.6
BATT-020,99,349.45,33.73,153,60.29,0.197,97.16,36.52,33.45
BATT-020,100,349.45,36.85,154,49.56,0.142,97.13,36.65,34.37
BATT-020,101,348.85,37.0,156,49.28,0.149,97.1,37.35,35.86
BATT-020,102,349.83,37.56,158,58.65,0.075,97.07,37.68,35.91
BATT-020,103,349.5,35.85,159,49.21,0.12,97.04,38.83,35.12
BATT-020,104,347.12,37.64,160,44.88,0.09,97.01,36.43,36.94
BATT-020,105,349.63,37.14,162,50.54,0.132,96.99,37.55,35.24
BATT-020,106,348.3,35.17,163,61.34,0.014,96.96,36.4,35.03
BATT-020,107,349.12,37.02,164,50.06,0.0,96.92,37.71,36.77
BATT-020,108,347.57,36.34,166,49.31,0.2,96.89,40.03,33.43
BATT-020,109,348.43,38.86,168,50.38,0.091,96.86,37.28,36.62
BATT-020,110,348.6,34.82,169,46.3,0.138,96.83,39.92,33.0
BATT-020,111,349.31,34.38,171,45.3,0.037,96.81,36.67,34.04
BATT-020,112,348.4,33.29,173,51.63,0.074,96.78,37.1,31.66
BATT-020,113,347.13,36.1,174,44.79,0.214,96.76,37.26,34.77
BATT-020,114,348.46,37.32,176,50.81,0.121,96.73,37.83,36.36
BATT-020,115,348.54,34.25,177,54.78,0.268,96.7,37.56,32.94
BATT-020,116,349.34,33.87,179,55.46,0.163,96.67,38.53,33.89
BATT-020,117,348.94,33.29,181,52.36,0.038,96.64,35.07,33.96
BATT-020,118,348.2,35.64,182,46.01,0.127,96.61,36.89,33.94
BATT-020,119,349.02,34.23,183,50.73,0.227,96.57,39.83,32.66
BATT-020,120,350.26,35.91,185,55.27,0.11,96.54,36.58,34.26
BATT-020,121,349.72,38.7,186,56.93,0.144,96.51,37.69,36.52
BATT-020,122,347.24,35.3,188,51.56,0.205,96.49,38.7,33.38
BATT-020,123,350.74,37.34,189,48.98,0.0,96.46,38.1,34.45
BATT-020,124,349.7,36.98,191,53.7,0.148,96.43,37.35,34.4
BATT-020,125,350.01,34.9,193,51.08,0.2,96.4,38.69,33.43
BATT-020,126,347.51,35.97,194,47.09,0.031,96.37,39.14,34.41
BATT-020,127,348.39,35.01,195,55.04,0.176,96.34,37.76,33.38
BATT-020,128,349.18,34.41,196,53.31,0.092,96.31,38.82,34.54
BATT-020,129,347.8,36.09,198,46.56,0.0,96.28,39.32,33.77
BATT-020,130,349.11,33.72,199,49.42,0.155,96.26,39.58,31.72
BATT-020,131,349.99,30.84,201,52.06,0.091,96.23,38.92,31.09
BATT-020,132,348.41,33.5,202,44.06,0.086,96.21,40.3,30.54
BATT-020,133,350.02,34.07,203,48.84,0.144,96.18,38.69,33.09
BATT-020,134,349.21,36.19,205,56.99,0.016,96.14,37.73,34.9
BATT-020,135,347.15,33.78,206,50.26,0.154,96.12,38.54,32.52
BATT-020,136,347.94,34.43,207,48.41,0.019,96.09,40.02,33.2
BATT-020,137,349.51,36.34,209,59.7,0.213,96.06,37.97,32.54
BATT-020,138,347.78,33.36,210,55.3,0.183,96.03,36.67,32.22
BATT-020,139,349.47,37.81,212,57.37,0.215,96.0,39.42,36.72
BATT-020,140,349.08,33.6,213,48.49,0.129,95.98,38.56,32.17
BATT-020,141,348.83,31.85,215,51.5,0.058,95.95,41.31,31.29
BATT-020,142,348.11,33.62,216,53.14,0.034,95.91,39.38,31.93
BATT-020,143,348.8,33.91,218,54.56,0.029,95.89,40.41,33.33
BATT-020,144,349.89,34.21,220,66.92,0.078,95.85,38.74,32.3
BATT-020,145,348.23,33.9,221,53.71,0.037,95.82,39.88,33.54
BATT-020,146,349.02,32.78,223,59.71,0.118,95.79,39.71,31.96
BATT-020,147,350.12,32.52,224,66.93,0.028,95.76,40.77,32.12
BATT-020,148,348.72,32.76,226,63.5,0.042,95.74,39.63,31.88
BATT-020,149,348.1,32.37,227,54.15,0.061,95.71,38.97,32.75
BATT-020,150,348.09,32.86,229,60.09,0.03,95.68,40.58,33.9
BATT-020,151,346.81,35.08,231,53.97,0.065,95.65,38.87,34.0
BATT-020,152,347.5,34.69,232,52.97,0.139,95.62,38.82,34.82
BATT-020,153,348.73,33.82,234,58.25,0.021,95.6,39.65,30.68
BATT-020,154,349.23,32.08,236,58.5,0.0,95.57,39.41,31.03
BATT-020,155,348.1,33.27,237,56.25,0.078,95.54,39.8,31.15
BATT-020,156,349.2,34.18,239,52.2,0.001,95.51,39.17,32.47
BATT-020,157,349.14,31.14,240,50.3,0.199,95.49,41.01,30.79
BATT-020,158,347.8,32.3,241,45.96,0.036,95.46,41.04,31.31
BATT-020,159,347.92,35.46,243,54.18,0.096,95.43,40.82,33.31
BATT-020,160,347.31,35.91,245,54.62,0.128,95.4,40.77,33.83
BATT-020,161,348.98,35.47,246,58.19,0.0,95.37,38.25,33.2
BATT-020,162,348.37,33.32,248,44.45,0.024,95.34,40.26,32.58
BATT-020,163,349.07,33.03,250,53.83,0.042,95.31,41.06,31.04
BATT-020,164,348.3,32.8,251,51.99,0.155,95.29,41.58,32.0
BATT-020,165,347.59,36.03,253,52.86,0.238,95.26,40.1,33.61
BATT-020,166,348.96,35.21,254,60.67,0.24,95.23,41.65,32.83
BATT-020,167,346.74,33.13,256,60.89,0.194,95.21,40.7,33.1
BATT-020,168,348.04,34.81,257,59.3,0.0,95.17,37.87,33.13
BATT-020,169,347.68,31.45,258,53.77,0.022,95.15,40.4,31.14
BATT-020,170,349.51,34.75,260,52.07,0.203,95.12,39.71,32.52
BATT-020,171,349.68,31.21,261,60.43,0.214,95.09,39.99,30.93
BATT-020,172,348.61,34.06,263,63.46,0.156,95.06,41.71,32.33
BATT-020,173,347.8,35.35,264,62.8,0.156,95.03,41.0,33.21
BATT-020,174,349.63,35.1,266,56.14,0.058,95.01,40.23,33.63
BATT-020,175,347.68,34.39,268,53.44,0.229,94.97,40.13,32.12
BATT-020,176,347.12,33.45,269,57.35,0.033,94.95,41.3,31.75
BATT-020,177,346.63,36.15,271,57.73,0.0,94.92,40.73,33.18
BATT-020,178,348.29,30.03,272,50.8,0.156,94.89,41.66,29.73
BATT-020,179,346.83,34.15,274,52.05,0.045,94.86,40.19,33.13
BATT-020,180,349.32,30.57,276,71.49,0.0,94.82,40.7,31.08
BATT-020,181,347.71,32.14,277,50.8,0.162,94.8,40.01,31.03
BATT-020,182,347.14,30.29,279,58.31,0.0,94.77,40.63,30.07
BATT-020,183,349.05,28.94,281,50.12,0.128,94.73,43.42,28.92
BATT-020,184,348.85,32.67,282,52.46,0.056,94.71,40.56,32.82
BATT-020,185,349.47,32.08,284,47.67,0.22,94.68,40.86,31.15
BATT-020,186,346.77,31.58,285,47.69,0.129,94.65,40.56,29.92
BATT-020,187,346.59,32.82,287,56.91,0.178,94.63,41.25,30.93
BATT-020,188,349.36,32.24,288,56.19,0.005,94.6,41.41,29.83
BATT-020,189,345.86,30.06,289,64.24,0.0,94.58,42.74,27.71
BATT-020,190,347.12,30.21,291,53.36,0.063,94.55,41.17,29.93
BATT-020,191,348.13,28.69,293,54.14,0.141,94.53,41.73,28.02
BATT-020,192,347.01,32.02,294,52.95,0.098,94.5,39.79,30.42
BATT-020,193,348.24,33.99,296,47.37,0.184,94.48,40.83,32.38
BATT-020,194,347.14,31.75,297,56.74,0.136,94.45,42.84,28.97
BATT-020,195,349.08,32.17,299,52.19,0.008,94.42,40.95,31.05
BATT-020,196,348.61,31.01,301,44.59,0.129,94.4,42.62,28.83
BATT-020,197,348.25,30.96,302,59.85,0.106,94.36,40.99,29.7
BATT-020,198,347.73,30.11,304,49.76,0.194,94.33,41.79,28.34
BATT-020,199,347.18,32.32,305,55.19,0.018,94.31,43.73,30.52
BATT-020,200,347.89,32.93,307,55.4,0.039,94.28,42.81,31.55
BATT-020,201,347.0,30.18,308,54.46,0.124,94.25,40.17,29.75
BATT-020,202,349.51,31.88,310,47.18,0.205,94.22,45.39,30.2
BATT-020,203,348.22,32.18,312,61.58,0.076,94.19,41.19,30.13
BATT-020,204,347.26,30.41,313,48.83,0.14,94.17,44.13,28.89
BATT-020,205,349.2,29.8,315,38.47,0.095,94.14,41.87,31.16
BATT-020,206,347.9,29.59,317,58.29,0.089,94.11,41.14,28.36
BATT-020,207,349.05,28.8,318,58.1,0.184,94.08,41.97,26.71
BATT-020,208,349.02,28.05,319,46.03,0.101,94.06,41.8,27.63
BATT-020,209,348.26,32.34,321,53.17,0.057,94.03,41.96,29.87
BATT-020,210,346.88,29.1,322,59.68,0.052,94.0,42.62,28.3
BATT-020,211,347.43,30.05,324,61.67,0.067,93.97,43.09,28.96
BATT-020,212,350.75,30.02,325,56.88,0.037,93.95,44.08,28.41
BATT-020,213,347.43,29.46,327,58.16,0.073,93.92,42.93,28.97
BATT-020,214,347.65,32.6,329,57.5,0.097,93.89,42.85,30.28
BATT-020,215,347.47,33.54,330,52.38,0.115,93.86,42.1,30.87
BATT-020,216,347.09,27.38,332,46.67,0.013,93.83,42.59,27.07
BATT-020,217,348.39,31.09,334,51.64,0.058,93.8,42.41,29.86
BATT-020,218,346.75,32.0,335,59.95,0.062,93.78,41.59,28.7
BATT-020,219,347.15,29.02,336,59.89,0.031,93.74,45.58,26.52
BATT-020,220,348.05,28.83,338,54.42,0.046,93.72,43.32,29.04
BATT-020,221,347.59,33.59,340,51.2,0.164,93.68,43.39,31.01
BATT-020,222,347.91,25.06,341,63.61,0.201,93.65,44.41,27.08
BATT-020,223,347.74,29.81,343,53.95,0.067,93.63,40.65,27.79
BATT-020,224,346.82,26.22,344,57.03,0.035,93.6,45.52,25.67
BATT-020,225,348.92,29.72,346,45.96,0.085,93.57,42.47,27.85
BATT-020,226,348.66,29.87,347,52.87,0.099,93.55,42.5,28.22
BATT-020,227,346.97,32.43,349,59.72,0.147,93.51,42.9,30.89
BATT-020,228,348.1,28.46,350,44.99,0.06,93.49,44.47,26.47
BATT-020,229,347.32,30.18,352,52.97,0.049,93.46,45.68,29.27
BATT-020,230,348.57,29.04,354,55.66,0.288,93.43,45.23,28.23
BATT-020,231,348.38,33.42,356,61.77,0.0,93.4,43.16,31.08
BATT-020,232,348.68,29.36,357,59.06,0.164,93.37,41.9,27.95
BATT-020,233,346.91,28.4,359,63.36,0.211,93.34,43.34,27.56
BATT-020,234,346.57,30.09,360,58.19,0.072,93.31,43.17,28.86
BATT-020,235,346.16,29.42,362,58.54,0.127,93.28,42.21,28.28
BATT-020,236,349.78,29.97,363,47.47,0.0,93.25,44.49,28.91
BATT-020,237,348.35,30.15,365,47.3,0.094,93.23,43.96,28.3
BATT-020,238,348.62,25.74,366,63.29,0.185,93.2,44.51,25.21
BATT-020,239,346.46,31.09,368,50.48,0.102,93.18,44.78,28.16
BATT-020,240,348.11,29.72,370,49.95,0.095,93.15,44.77,28.09
BATT-020,241,346.22,25.76,371,39.36,0.231,93.13,44.07,26.19
BATT-020,242,347.95,29.38,373,59.56,0.157,93.1,45.83,27.7
BATT-020,243,347.59,24.95,374,46.49,0.149,93.07,43.75,24.48
BATT-020,244,347.33,28.96,376,48.28,0.027,93.04,43.65,27.58
BATT-020,245,347.12,29.44,377,59.77,0.0,93.01,44.11,28.19
BATT-020,246,348.49,30.65,379,39.95,0.122,92.99,44.92,28.57
BATT-020,247,347.12,30.22,380,61.35,0.092,92.97,45.11,28.15
BATT-020,248,348.61,27.36,382,48.23,0.153,92.94,44.13,25.73
BATT-020,249,347.48,28.15,383,52.32,0.102,92.9,44.22,24.84
BATT-020,250,347.81,29.1,385,48.55,0.095,92.88,45.89,28.42
BATT-020,251,347.94,30.36,387,45.22,0.094,92.85,43.32,27.58
BATT-020,252,347.86,30.49,389,48.65,0.003,92.82,47.43,27.69
BATT-020,253,347.66,31.19,390,48.24,0.0,92.8,44.43,29.45
BATT-020,254,349.19,26.35,392,45.82,0.021,92.77,44.57,24.49
BATT-020,255,348.36,31.94,393,62.46,0.004,92.74,45.2,29.58
BATT-020,256,345.41,27.1,395,47.39,0.088,92.72,45.41,26.01
BATT-020,257,347.28,28.97,397,41.88,0.0,92.69,44.27,28.07
BATT-020,258,348.62,27.74,398,40.82,0.054,92.66,45.32,26.79
BATT-020,259,346.77,27.97,400,55.82,0.246,92.63,44.1,26.28
BATT-020,260,347.41,25.45,401,42.8,0.086,92.6,44.49,24.51
BATT-020,261,347.46,26.43,403,52.13,0.096,92.57,43.53,25.75
BATT-020,262,348.66,27.81,404,65.02,0.093,92.55,45.32,27.44
BATT-020,263,346.54,27.68,406,54.29,0.109,92.52,45.05,27.26
BATT-020,264,346.65,28.91,407,55.15,0.05,92.49,43.28,28.14
BATT-020,265,347.77,26.46,408,50.02,0.079,92.46,44.65,25.67
BATT-020,266,347.63,29.33,410,53.12,0.049,92.44,45.35,27.81
BATT-020,267,347.76,27.41,411,51.91,0.0,92.41,46.29,26.78
BATT-020,268,347.59,29.52,413,55.05,0.186,92.38,44.2,27.62
BATT-020,269,347.23,30.81,414,63.15,0.021,92.35,45.24,27.44
BATT-020,270,347.76,28.61,415,50.64,0.22,92.32,44.49,25.95
BATT-020,271,347.47,27.38,417,48.48,0.031,92.3,46.36,27.03
BATT-020,272,347.09,28.45,419,52.75,0.0,92.26,45.02,27.34
BATT-020,273,347.23,27.96,420,58.96,0.247,92.24,46.26,27.83
BATT-020,274,346.84,30.51,421,51.17,0.0,92.21,45.43,28.91
BATT-020,275,346.7,27.36,423,54.8,0.0,92.18,44.14,25.7
BATT-020,276,347.7,26.48,424,56.27,0.0,92.16,45.81,24.9
BATT-020,277,346.2,28.94,425,66.12,0.081,92.13,44.75,28.58
BATT-020,278,347.78,25.48,427,58.74,0.0,92.09,47.12,24.72
BATT-020,279,347.01,30.57,428,47.97,0.047,92.06,47.87,28.21
BATT-020,280,347.13,27.1,430,40.06,0.0,92.04,46.73,25.3
BATT-020,281,347.06,26.26,431,54.1,0.179,92.01,45.5,25.73
BATT-020,282,347.6,26.68,433,48.97,0.126,91.98,46.22,26.56
BATT-020,283,348.37,25.84,435,50.29,0.0,91.95,46.54,24.51
BATT-020,284,348.62,26.53,436,47.23,0.0,91.92,47.39,25.24
BATT-020,285,348.0,24.32,438,50.17,0.02,91.89,46.18,24.2
BATT-020,286,347.21,28.82,439,50.05,0.144,91.86,46.82,27.73
BATT-020,287,347.78,27.64,441,52.51,0.178,91.84,44.78,26.72
BATT-020,288,345.52,27.59,442,49.17,0.073,91.81,46.75,26.77
BATT-020,289,347.61,27.65,443,48.9,0.052,91.78,45.7,26.68
BATT-020,290,347.42,28.44,445,56.38,0.046,91.75,46.66,26.76
BATT-020,291,345.87,27.58,446,53.19,0.116,91.72,45.63,26.08
BATT-020,292,346.63,30.92,448,53.23,0.162,91.69,47.13,28.26
BATT-020,293,347.3,25.8,450,52.91,0.08,91.66,47.42,24.2
BATT-020,294,347.37,26.91,451,47.83,0.062,91.63,46.61,24.7
BATT-020,295,347.83,29.01,453,61.82,0.154,91.6,46.01,28.93
BATT-020,296,348.39,28.87,454,65.4,0.211,91.57,47.51,27.31
BATT-020,297,346.92,24.93,456,60.63,0.069,91.54,48.55,23.9
BATT-020,298,346.12,29.57,457,42.62,0.099,91.52,48.96,27.44
BATT-020,299,347.68,26.27,459,49.23,0.032,91.48,47.49,24.61
BATT-020,300,348.04,31.95,461,57.45,0.098,91.46,47.42,28.97
BATT-020,301,348.01,28.9,462,48.7,0.018,91.43,45.87,28.43
BATT-020,302,347.37,30.92,464,49.0,0.206,91.41,48.55,30.23
BATT-020,303,348.58,28.41,465,44.97,0.163,91.38,44.97,26.66
BATT-020,304,346.75,26.59,467,51.03,0.231,91.35,48.52,25.32
BATT-020,305,348.24,26.83,468,48.27,0.047,91.33,47.41,26.37
BATT-020,306,346.03,28.22,471,38.86,0.258,91.3,45.0,26.44
BATT-020,307,345.13,28.74,472,60.11,0.112,91.27,47.81,27.83
BATT-020,308,345.99,26.39,473,55.7,0.081,91.25,47.37,24.54
BATT-020,309,346.47,27.02,475,45.19,0.193,91.22,47.11,27.31
BATT-020,310,346.92,26.95,476,58.41,0.01,91.2,47.34,25.84
BATT-020,311,346.16,28.19,478,53.96,0.095,91.17,47.64,26.63
BATT-020,312,347.0,31.09,479,60.16,0.079,91.14,47.69,29.52
BATT-020,313,347.41,31.09,481,57.61,0.125,91.11,46.28,28.99
BATT-020,314,347.16,29.78,482,48.55,0.056,91.09,48.21,28.62
BATT-020,315,346.76,30.38,484,57.22,0.049,91.06,47.49,28.52
BATT-020,316,347.82,28.55,485,57.47,0.061,91.02,49.51,27.22
BATT-020,317,346.21,29.73,487,59.54,0.069,90.99,48.85,27.59
BATT-020,318,346.64,25.22,489,59.19,0.098,90.96,49.01,25.35
BATT-020,319,346.39,24.7,490,65.67,0.195,90.93,49.95,25.9
BATT-020,320,347.34,30.65,492,58.92,0.0,90.9,48.88,27.99
BATT-020,321,346.47,27.01,494,48.5,0.153,90.88,48.04,26.17
BATT-020,322,347.12,28.64,495,54.27,0.054,90.85,45.68,28.93
BATT-020,323,347.44,29.12,497,46.91,0.078,90.83,48.52,27.88
BATT-020,324,346.37,28.44,498,60.46,0.005,90.8,50.06,27.55
BATT-020,325,345.49,28.92,500,48.06,0.096,90.77,49.28,27.14
BATT-020,326,346.58,30.68,502,66.59,0.061,90.73,47.94,28.78
BATT-020,327,346.11,30.16,504,51.45,0.074,90.7,48.57,29.18
BATT-020,328,346.22,29.23,506,52.94,0.139,90.67,48.01,26.89
BATT-020,329,344.75,27.68,507,50.41,0.143,90.64,48.92,27.48
BATT-020,330,345.42,27.1,509,48.9,0.206,90.61,48.16,28.04
BATT-020,331,347.34,30.42,511,50.02,0.045,90.58,50.15,28.86
BATT-020,332,345.95,30.05,512,54.59,0.147,90.56,48.88,28.9
BATT-020,333,347.61,27.85,514,53.31,0.143,90.53,49.07,28.34
BATT-020,334,346.1,31.63,516,50.64,0.099,90.5,48.03,29.62
BATT-020,335,347.05,28.12,517,55.04,0.227,90.47,48.5,28.41
BATT-020,336,346.45,27.87,518,49.95,0.041,90.45,47.8,26.58
BATT-020,337,347.17,32.91,520,53.17,0.104,90.42,50.42,30.74
BATT-020,338,346.43,31.93,521,63.8,0.116,90.39,48.55,30.26
BATT-020,339,346.8,28.4,523,49.76,0.0,90.36,49.28,26.79
BATT-020,340,347.6,30.12,524,51.38,0.193,90.33,47.62,29.18
BATT-020,341,346.98,32.5,526,46.27,0.083,90.31,47.98,30.93
BATT-020,342,346.05,30.5,527,51.17,0.127,90.28,49.01,28.59
BATT-020,343,345.09,31.02,529,55.45,0.218,90.25,49.01,30.26
BATT-020,344,346.49,31.11,531,50.03,0.109,90.22,49.61,30.83
BATT-020,345,346.91,31.83,532,46.4,0.095,90.19,51.43,29.64
BATT-020,346,346.68,35.77,533,55.37,0.097,90.16,47.46,32.51
BATT-020,347,345.84,33.24,535,56.01,0.012,90.13,50.51,30.34
BATT-020,348,346.66,28.36,536,56.89,0.061,90.1,50.08,29.58
BATT-020,349,347.05,31.9,538,45.77,0.08,90.07,49.02,29.24
BATT-020,350,347.63,30.26,540,61.43,0.1,90.04,49.26,29.49
BATT-020,351,346.32,31.99,541,50.28,0.202,90.02,50.86,28.78
BATT-020,352,348.46,28.39,543,47.16,0.166,89.99,49.73,28.02
BATT-020,353,347.65,28.69,544,59.35,0.045,89.96,49.52,28.41
BATT-020,354,346.61,30.97,546,61.21,0.09,89.93,48.83,29.61
BATT-020,355,346.68,32.1,548,51.31,0.204,89.9,49.11,31.1
BATT-020,356,347.57,31.51,549,48.21,0.0,89.87,48.78,30.45
BATT-020,357,345.67,32.63,551,55.86,0.074,89.84,50.93,30.28
BATT-020,358,345.79,35.92,552,45.21,0.0,89.82,49.31,33.28
BATT-020,359,345.39,33.15,554,68.51,0.287,89.78,48.96,32.69
BATT-020,360,346.21,31.91,555,47.01,0.154,89.76,50.37,28.87
BATT-020,361,345.72,31.54,557,55.34,0.052,89.73,49.43,31.36
BATT-020,362,346.11,29.39,559,52.24,0.089,89.7,51.85,28.59
BATT-020,363,346.36,34.78,560,47.68,0.026,89.67,50.4,30.84
BATT-020,364,345.27,30.23,562,47.59,0.251,89.65,50.6,28.45
BATT-020,365,347.46,30.42,564,59.97,0.0,89.62,50.66,29.67
